<?xml version="1.0"?>
<VTKFile type="UnstructuredGrid" version="2.2">
  <UnstructuredGrid>
    <Piece NumberOfPoints="2161" NumberOfCells="4100">
      <Points>
        <DataArray type="Float64" NumberOfComponents="3" format="ascii">0.445 1.077114035788043e-19 0 0.45 0.005 0 0.45 1.077114035788043e-19 0 0.455 0.005 0 0.455 0.01 0 0.455 1.077114035788043e-19 0 0.46 0.005 0 0.46 0.01 0 0.46 0.015 0 0.46 1.077114035788043e-19 0 0.46 0.02 0 0.465 0.005 0 0.465 0.01 0 0.465 0.015 0 0.465 0.02 0 0.465 1.077114035788043e-19 0 0.47 0.005 0 0.47 0.01 0 0.47 0.015 0 0.47 0.02 0 0.47 0.025 0 0.4650000000000001 0.03 0 0.47 0.03 0 0.47 0.035 0 0.465 0.04 0 0.47 0.04 0 0.47 1.077114035788043e-19 0 0.4700000000000001 0.04500000000000001 0 0.475 0.005 0 0.475 0.01 0 0.475 0.015 0 0.475 0.02 0 0.475 0.025 0 0.475 0.03 0 0.475 0.035 0 0.475 0.04 0 0.475 0.045 0 0.4700000000000001 0.05000000000000001 0 0.475 0.05 0 0.475 0.055 0 0.475 1.077114035788043e-19 0 0.475 0.06 0 0.48 0.005 0 0.48 0.01 0 0.48 0.015 0 0.48 0.02 0 0.48 0.025 0 0.48 0.03 0 0.48 0.035 0 0.48 0.04 0 0.48 0.045 0 0.48 0.05 0 0.48 0.055 0 0.48 0.06 0 0.48 1.077114035788043e-19 0 0.48 0.065 0 0.485 0.005 0 0.485 0.01 0 0.485 0.015 0 0.485 0.02 0 0.485 0.025 0 0.485 0.03 0 0.485 0.035 0 0.485 0.04 0 0.485 0.045 0 0.485 0.05 0 0.485 0.055 0 0.485 0.06 0 0.485 0.065 0 0.485 1.077114035788043e-19 0 0.485 0.07000000000000002 0 0.49 0.005 0 0.49 0.01 0 0.49 0.015 0 0.49 0.02 0 0.49 0.025 0 0.49 0.03 0 0.49 0.035 0 0.49 0.04 0 0.49 0.045 0 0.49 0.05 0 0.49 0.055 0 0.49 0.06 0 0.49 0.065 0 0.49 0.07000000000000001 0 0.485 0.07500000000000001 0 0.49 0.075 0 0.49 0.08 0 0.49 1.077114035788043e-19 0 0.495 0.005 0 0.495 0.01 0 0.495 0.015 0 0.495 0.02 0 0.495 0.025 0 0.495 0.03 0 0.495 0.035 0 0.495 0.04 0 0.495 0.045 0 0.495 0.05 0 0.495 0.055 0 0.495 0.06 0 0.495 0.065 0 0.495 0.07000000000000001 0 0.495 0.075 0 0.495 0.08 0 0.495 0.08500000000000001 0 0.49 0.09 0 0.495 0.09 0 0.495 1.077114035788043e-19 0 0.4950000000000001 0.09500000000000001 0 0.5 0.005 0 0.5 0.01 0 0.5 0.015 0 0.5 0.02 0 0.5 0.025 0 0.5 0.03 0 0.5 0.035 0 0.5 0.04 0 0.5 0.045 0 0.5 0.05 0 0.5 0.055 0 0.5 0.06 0 0.5 0.065 0 0.5 0.07000000000000001 0 0.5 0.075 0 0.5 0.08 0 0.5 0.08500000000000001 0 0.5 0.09 0 0.5 0.095 0 0.5 0.1 0 0.5 1.077114035788043e-19 0 0.5 0.105 0 0.505 0.005 0 0.505 0.01 0 0.505 0.015 0 0.505 0.02 0 0.505 0.025 0 0.505 0.03 0 0.505 0.035 0 0.505 0.04 0 0.505 0.045 0 0.505 0.05 0 0.505 0.055 0 0.505 0.06 0 0.505 0.065 0 0.505 0.07000000000000001 0 0.505 0.075 0 0.505 0.08 0 0.505 0.08500000000000001 0 0.505 0.09 0 0.505 0.095 0 0.505 0.1 0 0.505 0.105 0 0.505 0.11 0 0.5 0.115 0 0.505 0.115 0 0.5 0.12 0 0.505 0.12 0 0.505 1.077114035788043e-19 0 0.51 0.005 0 0.51 0.01 0 0.51 0.015 0 0.51 0.02 0 0.51 0.025 0 0.51 0.03 0 0.51 0.035 0 0.51 0.04 0 0.51 0.045 0 0.51 0.05 0 0.51 0.055 0 0.51 0.06 0 0.51 0.065 0 0.51 0.07000000000000001 0 0.51 0.075 0 0.51 0.08 0 0.51 0.08500000000000001 0 0.51 0.09 0 0.51 0.095 0 0.51 0.1 0 0.51 0.105 0 0.51 0.11 0 0.51 0.115 0 0.51 0.12 0 0.51 0.125 0 0.51 1.077114035788043e-19 0 0.51 0.13 0 0.515 0.005 0 0.515 0.01 0 0.515 0.015 0 0.515 0.02 0 0.515 0.025 0 0.515 0.03 0 0.515 0.035 0 0.515 0.04 0 0.515 0.045 0 0.515 0.05 0 0.515 0.055 0 0.515 0.06 0 0.515 0.065 0 0.515 0.07000000000000001 0 0.515 0.075 0 0.515 0.08 0 0.515 0.08500000000000001 0 0.515 0.09 0 0.515 0.095 0 0.515 0.1 0 0.515 0.105 0 0.515 0.11 0 0.515 0.115 0 0.515 0.12 0 0.515 0.125 0 0.515 0.13 0 0.515 1.077114035788043e-19 0 0.52 0.005 0 0.52 0.01 0 0.52 0.015 0 0.52 0.02 0 0.52 0.025 0 0.52 0.03 0 0.52 0.035 0 0.52 0.04 0 0.52 0.045 0 0.52 0.05 0 0.52 0.055 0 0.52 0.06 0 0.52 0.065 0 0.52 0.07000000000000001 0 0.52 0.075 0 0.52 0.08 0 0.52 0.08500000000000001 0 0.52 0.09 0 0.52 0.095 0 0.52 0.1 0 0.52 0.105 0 0.52 0.11 0 0.52 0.115 0 0.52 0.12 0 0.52 0.125 0 0.52 0.13 0 0.52 0.135 0 0.52 0.14 0 0.52 1.077114035788043e-19 0 0.525 0.005 0 0.525 0.01 0 0.525 0.015 0 0.525 0.02 0 0.525 0.025 0 0.525 0.03 0 0.525 0.035 0 0.525 0.04 0 0.525 0.045 0 0.525 0.05 0 0.525 0.055 0 0.525 0.06 0 0.525 0.065 0 0.525 0.07000000000000001 0 0.525 0.075 0 0.525 0.08 0 0.525 0.08500000000000001 0 0.525 0.09 0 0.525 0.095 0 0.525 0.1 0 0.525 0.105 0 0.525 0.11 0 0.525 0.115 0 0.525 0.12 0 0.525 0.125 0 0.525 0.13 0 0.525 0.135 0 0.525 0.14 0 0.525 0.145 0 0.525 1.077114035788043e-19 0 0.53 0.005 0 0.53 0.01 0 0.53 0.015 0 0.53 0.02 0 0.53 0.025 0 0.53 0.03 0 0.53 0.035 0 0.53 0.04 0 0.53 0.045 0 0.53 0.05 0 0.53 0.055 0 0.53 0.06 0 0.53 0.065 0 0.53 0.07000000000000001 0 0.53 0.075 0 0.53 0.08 0 0.53 0.08500000000000001 0 0.53 0.09 0 0.53 0.095 0 0.53 0.1 0 0.53 0.105 0 0.53 0.11 0 0.53 0.115 0 0.53 0.12 0 0.53 0.125 0 0.53 0.13 0 0.53 0.135 0 0.53 0.14 0 0.53 0.145 0 0.53 0.15 0 0.53 1.077114035788043e-19 0 0.535 0.005 0 0.535 0.01 0 0.535 0.015 0 0.535 0.02 0 0.535 0.025 0 0.535 0.03 0 0.535 0.035 0 0.535 0.04 0 0.535 0.045 0 0.535 0.05 0 0.535 0.055 0 0.535 0.06 0 0.535 0.065 0 0.535 0.07000000000000001 0 0.535 0.075 0 0.535 0.08 0 0.535 0.08500000000000001 0 0.535 0.09 0 0.535 0.095 0 0.535 0.1 0 0.535 0.105 0 0.535 0.11 0 0.535 0.115 0 0.535 0.12 0 0.535 0.125 0 0.535 0.13 0 0.535 0.135 0 0.535 0.14 0 0.535 0.145 0 0.535 0.15 0 0.535 0.155 0 0.535 1.077114035788043e-19 0 0.535 0.16 0 0.5500000000000002 0.19 0 0.55 0.195 0 0.5550000000000002 0.195 0 0.54 0.005 0 0.54 0.01 0 0.54 0.015 0 0.54 0.02 0 0.54 0.025 0 0.54 0.03 0 0.54 0.035 0 0.54 0.04 0 0.54 0.045 0 0.54 0.05 0 0.54 0.055 0 0.54 0.06 0 0.54 0.065 0 0.54 0.07000000000000001 0 0.54 0.075 0 0.54 0.08 0 0.54 0.08500000000000001 0 0.54 0.09 0 0.54 0.095 0 0.54 0.1 0 0.54 0.105 0 0.54 0.11 0 0.54 0.115 0 0.54 0.12 0 0.54 0.125 0 0.54 0.13 0 0.54 0.135 0 0.54 0.14 0 0.54 0.145 0 0.54 0.15 0 0.54 0.155 0 0.54 0.16 0 0.5450000000000002 0.185 0 0.5600000000000002 0.2 0 0.54 1.077114035788043e-19 0 0.5500000000000002 0.185 0 0.5550000000000002 0.19 0 0.5600000000000002 0.195 0 0.545 0.005 0 0.545 0.01 0 0.545 0.015 0 0.545 0.02 0 0.545 0.025 0 0.545 0.03 0 0.545 0.035 0 0.545 0.04 0 0.545 0.045 0 0.545 0.05 0 0.545 0.055 0 0.545 0.06 0 0.545 0.065 0 0.545 0.07000000000000001 0 0.545 0.075 0 0.545 0.08 0 0.545 0.08500000000000001 0 0.545 0.09 0 0.545 0.095 0 0.545 0.1 0 0.545 0.105 0 0.545 0.11 0 0.545 0.115 0 0.545 0.12 0 0.545 0.125 0 0.545 0.13 0 0.545 0.135 0 0.545 0.14 0 0.545 0.145 0 0.545 0.15 0 0.545 0.155 0 0.545 0.16 0 0.545 0.165 0 0.5450000000000002 0.18 0 0.5650000000000002 0.2 0 0.5400000000000001 0.17 0 0.545 0.17 0 0.54 0.175 0 0.545 0.175 0 0.545 1.077114035788043e-19 0 0.5500000000000002 0.18 0 0.5550000000000002 0.185 0 0.5600000000000002 0.19 0 0.5650000000000002 0.195 0 0.55 0.005 0 0.55 0.01 0 0.55 0.015 0 0.55 0.02 0 0.55 0.025 0 0.55 0.03 0 0.55 0.035 0 0.55 0.04 0 0.55 0.045 0 0.55 0.05 0 0.55 0.055 0 0.55 0.06 0 0.55 0.065 0 0.55 0.07000000000000001 0 0.55 0.075 0 0.55 0.08 0 0.55 0.08500000000000001 0 0.55 0.09 0 0.55 0.095 0 0.55 0.1 0 0.55 0.105 0 0.55 0.11 0 0.55 0.115 0 0.55 0.12 0 0.55 0.125 0 0.55 0.13 0 0.55 0.135 0 0.55 0.14 0 0.55 0.145 0 0.55 0.15 0 0.55 0.155 0 0.55 0.16 0 0.55 0.165 0 0.55 0.17 0 0.5700000000000002 0.2 0 0.55 0.175 0 0.55 1.077114035788043e-19 0 0.5550000000000002 0.18 0 0.5600000000000002 0.185 0 0.5650000000000002 0.19 0 0.5700000000000002 0.195 0 0.555 0.005 0 0.555 0.01 0 0.555 0.015 0 0.555 0.02 0 0.555 0.025 0 0.555 0.03 0 0.555 0.035 0 0.555 0.04 0 0.555 0.045 0 0.555 0.05 0 0.555 0.055 0 0.555 0.06 0 0.555 0.065 0 0.555 0.07000000000000001 0 0.555 0.075 0 0.555 0.08 0 0.555 0.08500000000000001 0 0.555 0.09 0 0.555 0.095 0 0.555 0.1 0 0.555 0.105 0 0.555 0.11 0 0.555 0.115 0 0.555 0.12 0 0.555 0.125 0 0.555 0.13 0 0.555 0.135 0 0.555 0.14 0 0.555 0.145 0 0.555 0.15 0 0.555 0.155 0 0.555 0.16 0 0.555 0.165 0 0.555 0.17 0 0.555 0.175 0 0.5750000000000002 0.2 0 0.555 1.077114035788043e-19 0 0.5600000000000002 0.18 0 0.5650000000000002 0.185 0 0.5700000000000002 0.19 0 0.5750000000000002 0.195 0 0.5600000000000001 0.005 0 0.5600000000000001 0.01 0 0.5600000000000001 0.015 0 0.5600000000000001 0.02 0 0.5600000000000001 0.025 0 0.5600000000000001 0.03 0 0.5600000000000001 0.035 0 0.5600000000000001 0.04 0 0.5600000000000001 0.045 0 0.5600000000000001 0.05 0 0.5600000000000001 0.055 0 0.5600000000000001 0.06 0 0.5600000000000001 0.065 0 0.5600000000000001 0.07000000000000001 0 0.5600000000000001 0.075 0 0.5600000000000001 0.08 0 0.5600000000000001 0.08500000000000001 0 0.5600000000000001 0.09 0 0.5600000000000001 0.095 0 0.5600000000000001 0.1 0 0.5600000000000001 0.105 0 0.5600000000000001 0.11 0 0.5600000000000001 0.115 0 0.5600000000000001 0.12 0 0.5600000000000001 0.125 0 0.5600000000000001 0.13 0 0.5600000000000001 0.135 0 0.5600000000000001 0.14 0 0.5600000000000001 0.145 0 0.5600000000000001 0.15 0 0.5600000000000001 0.155 0 0.5600000000000001 0.16 0 0.5600000000000001 0.165 0 0.5600000000000001 0.17 0 0.5600000000000001 0.175 0 0.5800000000000001 0.2 0 0.5600000000000001 1.077114035788043e-19 0 0.5650000000000002 0.18 0 0.5700000000000002 0.185 0 0.5750000000000002 0.19 0 0.5800000000000001 0.195 0 0.5650000000000001 0.005 0 0.5650000000000001 0.01 0 0.5650000000000001 0.015 0 0.5650000000000001 0.02 0 0.5650000000000001 0.025 0 0.5650000000000001 0.03 0 0.5650000000000001 0.035 0 0.5650000000000001 0.04 0 0.5650000000000001 0.045 0 0.5650000000000001 0.05 0 0.5650000000000001 0.055 0 0.5650000000000001 0.06 0 0.5650000000000001 0.065 0 0.5650000000000001 0.07000000000000001 0 0.5650000000000001 0.075 0 0.5650000000000001 0.08 0 0.5650000000000001 0.08500000000000001 0 0.5650000000000001 0.09 0 0.5650000000000001 0.095 0 0.5650000000000001 0.1 0 0.5650000000000001 0.105 0 0.5650000000000001 0.11 0 0.5650000000000001 0.115 0 0.5650000000000001 0.12 0 0.5650000000000001 0.125 0 0.5650000000000001 0.13 0 0.5650000000000001 0.135 0 0.5650000000000001 0.14 0 0.5650000000000001 0.145 0 0.5650000000000001 0.15 0 0.5650000000000001 0.155 0 0.5650000000000001 0.16 0 0.5650000000000001 0.165 0 0.5650000000000001 0.17 0 0.5650000000000001 0.175 0 0.5850000000000001 0.2 0 0.5650000000000001 1.077114035788043e-19 0 0.5700000000000002 0.18 0 0.5750000000000002 0.185 0 0.5800000000000001 0.19 0 0.5850000000000001 0.195 0 0.5700000000000001 0.005 0 0.5700000000000001 0.01 0 0.5700000000000001 0.015 0 0.5700000000000001 0.02 0 0.5700000000000001 0.025 0 0.5700000000000001 0.03 0 0.5700000000000001 0.035 0 0.5700000000000001 0.04 0 0.5700000000000001 0.045 0 0.5700000000000001 0.05 0 0.5700000000000001 0.055 0 0.5700000000000001 0.06 0 0.5700000000000001 0.065 0 0.5700000000000001 0.07000000000000001 0 0.5700000000000001 0.075 0 0.5700000000000001 0.08 0 0.5700000000000001 0.08500000000000001 0 0.5700000000000001 0.09 0 0.5700000000000001 0.095 0 0.5700000000000001 0.1 0 0.5700000000000001 0.105 0 0.5700000000000001 0.11 0 0.5700000000000001 0.115 0 0.5700000000000001 0.12 0 0.5700000000000001 0.125 0 0.5700000000000001 0.13 0 0.5700000000000001 0.135 0 0.5700000000000001 0.14 0 0.5700000000000001 0.145 0 0.5700000000000001 0.15 0 0.5700000000000001 0.155 0 0.5700000000000001 0.16 0 0.5700000000000001 0.165 0 0.5700000000000001 0.17 0 0.5700000000000001 0.175 0 0.5900000000000001 0.2 0 0.5700000000000001 1.077114035788043e-19 0 0.5750000000000002 0.18 0 0.5800000000000001 0.185 0 0.5850000000000001 0.19 0 0.5900000000000001 0.195 0 0.5750000000000001 0.005 0 0.5750000000000001 0.01 0 0.5750000000000001 0.015 0 0.5750000000000001 0.02 0 0.5750000000000001 0.025 0 0.5750000000000001 0.03 0 0.5750000000000001 0.035 0 0.5750000000000001 0.04 0 0.5750000000000001 0.045 0 0.5750000000000001 0.05 0 0.5750000000000001 0.055 0 0.5750000000000001 0.06 0 0.5750000000000001 0.065 0 0.5750000000000001 0.07000000000000001 0 0.5750000000000001 0.075 0 0.5750000000000001 0.08 0 0.5750000000000001 0.08500000000000001 0 0.5750000000000001 0.09 0 0.5750000000000001 0.095 0 0.5750000000000001 0.1 0 0.5750000000000001 0.105 0 0.5750000000000001 0.11 0 0.5750000000000001 0.115 0 0.5750000000000001 0.12 0 0.5750000000000001 0.125 0 0.5750000000000001 0.13 0 0.5750000000000001 0.135 0 0.5750000000000001 0.14 0 0.5750000000000001 0.145 0 0.5750000000000001 0.15 0 0.5750000000000001 0.155 0 0.5750000000000001 0.16 0 0.5750000000000001 0.165 0 0.5750000000000001 0.17 0 0.5750000000000001 0.175 0 0.5950000000000001 0.2 0 0.5750000000000001 1.077114035788043e-19 0 0.5800000000000001 0.18 0 0.5850000000000001 0.185 0 0.5900000000000001 0.19 0 0.5950000000000001 0.195 0 0.58 0.005 0 0.58 0.01 0 0.58 0.015 0 0.58 0.02 0 0.58 0.025 0 0.58 0.03 0 0.58 0.035 0 0.58 0.04 0 0.58 0.045 0 0.58 0.05 0 0.58 0.055 0 0.58 0.06 0 0.58 0.065 0 0.58 0.07000000000000001 0 0.58 0.075 0 0.58 0.08 0 0.58 0.08500000000000001 0 0.58 0.09 0 0.58 0.095 0 0.58 0.1 0 0.58 0.105 0 0.58 0.11 0 0.58 0.115 0 0.58 0.12 0 0.58 0.125 0 0.58 0.13 0 0.58 0.135 0 0.58 0.14 0 0.58 0.145 0 0.58 0.15 0 0.58 0.155 0 0.58 0.16 0 0.58 0.165 0 0.58 0.17 0 0.58 0.175 0 0.6000000000000001 0.2 0 0.58 1.077114035788043e-19 0 0.5850000000000001 0.18 0 0.5900000000000001 0.185 0 0.5950000000000001 0.19 0 0.6000000000000001 0.195 0 0.585 0.005 0 0.585 0.01 0 0.585 0.015 0 0.585 0.02 0 0.585 0.025 0 0.585 0.03 0 0.585 0.035 0 0.585 0.04 0 0.585 0.045 0 0.585 0.05 0 0.585 0.055 0 0.585 0.06 0 0.585 0.065 0 0.585 0.07000000000000001 0 0.585 0.075 0 0.585 0.08 0 0.585 0.08500000000000001 0 0.585 0.09 0 0.585 0.095 0 0.585 0.1 0 0.585 0.105 0 0.585 0.11 0 0.585 0.115 0 0.585 0.12 0 0.585 0.125 0 0.585 0.13 0 0.585 0.135 0 0.585 0.14 0 0.585 0.145 0 0.585 0.15 0 0.585 0.155 0 0.585 0.16 0 0.585 0.165 0 0.585 0.17 0 0.585 0.175 0 0.6050000000000001 0.2 0 0.585 1.077114035788043e-19 0 0.5900000000000001 0.18 0 0.5950000000000001 0.185 0 0.6000000000000001 0.19 0 0.6050000000000001 0.195 0 0.59 0.005 0 0.59 0.01 0 0.59 0.015 0 0.59 0.02 0 0.59 0.025 0 0.59 0.03 0 0.59 0.035 0 0.59 0.04 0 0.59 0.045 0 0.59 0.05 0 0.59 0.055 0 0.59 0.06 0 0.59 0.065 0 0.59 0.07000000000000001 0 0.59 0.075 0 0.59 0.08 0 0.59 0.08500000000000001 0 0.59 0.09 0 0.59 0.095 0 0.59 0.1 0 0.59 0.105 0 0.59 0.11 0 0.59 0.115 0 0.59 0.12 0 0.59 0.125 0 0.59 0.13 0 0.59 0.135 0 0.59 0.14 0 0.59 0.145 0 0.59 0.15 0 0.59 0.155 0 0.59 0.16 0 0.59 0.165 0 0.59 0.17 0 0.59 0.175 0 0.6100000000000001 0.2 0 0.59 1.077114035788043e-19 0 0.5950000000000001 0.18 0 0.6000000000000001 0.185 0 0.6050000000000001 0.19 0 0.6100000000000001 0.195 0 0.595 0.005 0 0.595 0.01 0 0.595 0.015 0 0.595 0.02 0 0.595 0.025 0 0.595 0.03 0 0.595 0.035 0 0.595 0.04 0 0.595 0.045 0 0.595 0.05 0 0.595 0.055 0 0.595 0.06 0 0.595 0.065 0 0.595 0.07000000000000001 0 0.595 0.075 0 0.595 0.08 0 0.595 0.08500000000000001 0 0.595 0.09 0 0.595 0.095 0 0.595 0.1 0 0.595 0.105 0 0.595 0.11 0 0.595 0.115 0 0.595 0.12 0 0.595 0.125 0 0.595 0.13 0 0.595 0.135 0 0.595 0.14 0 0.595 0.145 0 0.595 0.15 0 0.595 0.155 0 0.595 0.16 0 0.595 0.165 0 0.595 0.17 0 0.595 0.175 0 0.6150000000000001 0.2 0 0.595 1.077114035788043e-19 0 0.6000000000000001 0.18 0 0.6050000000000001 0.185 0 0.6100000000000001 0.19 0 0.6150000000000001 0.195 0 0.6 0.005 0 0.6 0.01 0 0.6 0.015 0 0.6 0.02 0 0.6 0.025 0 0.6 0.03 0 0.6 0.035 0 0.6 0.04 0 0.6 0.045 0 0.6 0.05 0 0.6 0.055 0 0.6 0.06 0 0.6 0.065 0 0.6 0.07000000000000001 0 0.6 0.075 0 0.6 0.08 0 0.6 0.08500000000000001 0 0.6 0.09 0 0.6 0.095 0 0.6 0.1 0 0.6 0.105 0 0.6 0.11 0 0.6 0.115 0 0.6 0.12 0 0.6 0.125 0 0.6 0.13 0 0.6 0.135 0 0.6 0.14 0 0.6 0.145 0 0.6 0.15 0 0.6 0.155 0 0.6 0.16 0 0.6 0.165 0 0.6 0.17 0 0.6 0.175 0 0.6200000000000001 0.2 0 0.6 1.077114035788043e-19 0 0.6050000000000001 0.18 0 0.6100000000000001 0.185 0 0.6150000000000001 0.19 0 0.6200000000000001 0.195 0 0.605 0.005 0 0.605 0.01 0 0.605 0.015 0 0.605 0.02 0 0.605 0.025 0 0.605 0.03 0 0.605 0.035 0 0.605 0.04 0 0.605 0.045 0 0.605 0.05 0 0.605 0.055 0 0.605 0.06 0 0.605 0.065 0 0.605 0.07000000000000001 0 0.605 0.075 0 0.605 0.08 0 0.605 0.08500000000000001 0 0.605 0.09 0 0.605 0.095 0 0.605 0.1 0 0.605 0.105 0 0.605 0.11 0 0.605 0.115 0 0.605 0.12 0 0.605 0.125 0 0.605 0.13 0 0.605 0.135 0 0.605 0.14 0 0.605 0.145 0 0.605 0.15 0 0.605 0.155 0 0.605 0.16 0 0.605 0.165 0 0.605 0.17 0 0.605 0.175 0 0.6250000000000001 0.2 0 0.605 1.077114035788043e-19 0 0.6100000000000001 0.18 0 0.6150000000000001 0.185 0 0.6200000000000001 0.19 0 0.6250000000000001 0.195 0 0.61 0.005 0 0.61 0.01 0 0.61 0.015 0 0.61 0.02 0 0.61 0.025 0 0.61 0.03 0 0.61 0.035 0 0.61 0.04 0 0.61 0.045 0 0.61 0.05 0 0.61 0.055 0 0.61 0.06 0 0.61 0.065 0 0.61 0.07000000000000001 0 0.61 0.075 0 0.61 0.08 0 0.61 0.08500000000000001 0 0.61 0.09 0 0.61 0.095 0 0.61 0.1 0 0.61 0.105 0 0.61 0.11 0 0.61 0.115 0 0.61 0.12 0 0.61 0.125 0 0.61 0.13 0 0.61 0.135 0 0.61 0.14 0 0.61 0.145 0 0.61 0.15 0 0.61 0.155 0 0.61 0.16 0 0.61 0.165 0 0.61 0.17 0 0.61 0.175 0 0.6300000000000001 0.2 0 0.61 1.077114035788043e-19 0 0.6150000000000001 0.18 0 0.6200000000000001 0.185 0 0.6250000000000001 0.19 0 0.6300000000000001 0.195 0 0.615 0.005 0 0.615 0.01 0 0.615 0.015 0 0.615 0.02 0 0.615 0.025 0 0.615 0.03 0 0.615 0.035 0 0.615 0.04 0 0.615 0.045 0 0.615 0.05 0 0.615 0.055 0 0.615 0.06 0 0.615 0.065 0 0.615 0.07000000000000001 0 0.615 0.075 0 0.615 0.08 0 0.615 0.08500000000000001 0 0.615 0.09 0 0.615 0.095 0 0.615 0.1 0 0.615 0.105 0 0.615 0.11 0 0.615 0.115 0 0.615 0.12 0 0.615 0.125 0 0.615 0.13 0 0.615 0.135 0 0.615 0.14 0 0.615 0.145 0 0.615 0.15 0 0.615 0.155 0 0.615 0.16 0 0.615 0.165 0 0.615 0.17 0 0.615 0.175 0 0.6350000000000001 0.2 0 0.615 1.077114035788043e-19 0 0.6200000000000001 0.18 0 0.6250000000000001 0.185 0 0.6300000000000001 0.19 0 0.6350000000000001 0.195 0 0.62 0.005 0 0.62 0.01 0 0.62 0.015 0 0.62 0.02 0 0.62 0.025 0 0.62 0.03 0 0.62 0.035 0 0.62 0.04 0 0.62 0.045 0 0.62 0.05 0 0.62 0.055 0 0.62 0.06 0 0.62 0.065 0 0.62 0.07000000000000001 0 0.62 0.075 0 0.62 0.08 0 0.62 0.08500000000000001 0 0.62 0.09 0 0.62 0.095 0 0.62 0.1 0 0.62 0.105 0 0.62 0.11 0 0.62 0.115 0 0.62 0.12 0 0.62 0.125 0 0.62 0.13 0 0.62 0.135 0 0.62 0.14 0 0.62 0.145 0 0.62 0.15 0 0.62 0.155 0 0.62 0.16 0 0.62 0.165 0 0.62 0.17 0 0.62 0.175 0 0.6400000000000001 0.2 0 0.62 1.077114035788043e-19 0 0.6250000000000001 0.18 0 0.6300000000000001 0.185 0 0.6350000000000001 0.19 0 0.6400000000000001 0.195 0 0.625 0.005 0 0.625 0.01 0 0.625 0.015 0 0.625 0.02 0 0.625 0.025 0 0.625 0.03 0 0.625 0.035 0 0.625 0.04 0 0.625 0.045 0 0.625 0.05 0 0.625 0.055 0 0.625 0.06 0 0.625 0.065 0 0.625 0.07000000000000001 0 0.625 0.075 0 0.625 0.08 0 0.625 0.08500000000000001 0 0.625 0.09 0 0.625 0.095 0 0.625 0.1 0 0.625 0.105 0 0.625 0.11 0 0.625 0.115 0 0.625 0.12 0 0.625 0.125 0 0.625 0.13 0 0.625 0.135 0 0.625 0.14 0 0.625 0.145 0 0.625 0.15 0 0.625 0.155 0 0.625 0.16 0 0.625 0.165 0 0.625 0.17 0 0.625 0.175 0 0.6450000000000001 0.2 0 0.625 1.077114035788043e-19 0 0.6300000000000001 0.18 0 0.6350000000000001 0.185 0 0.6400000000000001 0.19 0 0.6450000000000001 0.195 0 0.63 0.005 0 0.63 0.01 0 0.63 0.015 0 0.63 0.02 0 0.63 0.025 0 0.63 0.03 0 0.63 0.035 0 0.63 0.04 0 0.63 0.045 0 0.63 0.05 0 0.63 0.055 0 0.63 0.06 0 0.63 0.065 0 0.63 0.07000000000000001 0 0.63 0.075 0 0.63 0.08 0 0.63 0.08500000000000001 0 0.63 0.09 0 0.63 0.095 0 0.63 0.1 0 0.63 0.105 0 0.63 0.11 0 0.63 0.115 0 0.63 0.12 0 0.63 0.125 0 0.63 0.13 0 0.63 0.135 0 0.63 0.14 0 0.63 0.145 0 0.63 0.15 0 0.63 0.155 0 0.63 0.16 0 0.63 0.165 0 0.63 0.17 0 0.63 0.175 0 0.6500000000000001 0.2 0 0.63 1.077114035788043e-19 0 0.6350000000000001 0.18 0 0.6400000000000001 0.185 0 0.6450000000000001 0.19 0 0.6500000000000001 0.195 0 0.635 0.005 0 0.635 0.01 0 0.635 0.015 0 0.635 0.02 0 0.635 0.025 0 0.635 0.03 0 0.635 0.035 0 0.635 0.04 0 0.635 0.045 0 0.635 0.05 0 0.635 0.055 0 0.635 0.06 0 0.635 0.065 0 0.635 0.07000000000000001 0 0.635 0.075 0 0.635 0.08 0 0.635 0.08500000000000001 0 0.635 0.09 0 0.635 0.095 0 0.635 0.1 0 0.635 0.105 0 0.635 0.11 0 0.635 0.115 0 0.635 0.12 0 0.635 0.125 0 0.635 0.13 0 0.635 0.135 0 0.635 0.14 0 0.635 0.145 0 0.635 0.15 0 0.635 0.155 0 0.635 0.16 0 0.635 0.165 0 0.635 0.17 0 0.635 0.175 0 0.6550000000000001 0.2 0 0.635 1.077114035788043e-19 0 0.6400000000000001 0.18 0 0.6450000000000001 0.185 0 0.6500000000000001 0.19 0 0.6550000000000001 0.195 0 0.64 0.005 0 0.64 0.01 0 0.64 0.015 0 0.64 0.02 0 0.64 0.025 0 0.64 0.03 0 0.64 0.035 0 0.64 0.04 0 0.64 0.045 0 0.64 0.05 0 0.64 0.055 0 0.64 0.06 0 0.64 0.065 0 0.64 0.07000000000000001 0 0.64 0.075 0 0.64 0.08 0 0.64 0.08500000000000001 0 0.64 0.09 0 0.64 0.095 0 0.64 0.1 0 0.64 0.105 0 0.64 0.11 0 0.64 0.115 0 0.64 0.12 0 0.64 0.125 0 0.64 0.13 0 0.64 0.135 0 0.64 0.14 0 0.64 0.145 0 0.64 0.15 0 0.64 0.155 0 0.64 0.16 0 0.64 0.165 0 0.64 0.17 0 0.64 0.175 0 0.6600000000000001 0.2 0 0.64 1.077114035788043e-19 0 0.6450000000000001 0.18 0 0.6500000000000001 0.185 0 0.6550000000000001 0.19 0 0.6600000000000001 0.195 0 0.645 0.005 0 0.645 0.01 0 0.645 0.015 0 0.645 0.02 0 0.645 0.025 0 0.645 0.03 0 0.645 0.035 0 0.645 0.04 0 0.645 0.045 0 0.645 0.05 0 0.645 0.055 0 0.645 0.06 0 0.645 0.065 0 0.645 0.07000000000000001 0 0.645 0.075 0 0.645 0.08 0 0.645 0.08500000000000001 0 0.645 0.09 0 0.645 0.095 0 0.645 0.1 0 0.645 0.105 0 0.645 0.11 0 0.645 0.115 0 0.645 0.12 0 0.645 0.125 0 0.645 0.13 0 0.645 0.135 0 0.645 0.14 0 0.645 0.145 0 0.645 0.15 0 0.645 0.155 0 0.645 0.16 0 0.645 0.165 0 0.645 0.17 0 0.645 0.175 0 0.6650000000000001 0.2 0 0.645 1.077114035788043e-19 0 0.6500000000000001 0.18 0 0.6550000000000001 0.185 0 0.6600000000000001 0.19 0 0.6650000000000001 0.195 0 0.65 0.005 0 0.65 0.01 0 0.65 0.015 0 0.65 0.02 0 0.65 0.025 0 0.65 0.03 0 0.65 0.035 0 0.65 0.04 0 0.65 0.045 0 0.65 0.05 0 0.65 0.055 0 0.65 0.06 0 0.65 0.065 0 0.65 0.07000000000000001 0 0.65 0.075 0 0.65 0.08 0 0.65 0.08500000000000001 0 0.65 0.09 0 0.65 0.095 0 0.65 0.1 0 0.65 0.105 0 0.65 0.11 0 0.65 0.115 0 0.65 0.12 0 0.65 0.125 0 0.65 0.13 0 0.65 0.135 0 0.65 0.14 0 0.65 0.145 0 0.65 0.15 0 0.65 0.155 0 0.65 0.16 0 0.65 0.165 0 0.65 0.17 0 0.65 0.175 0 0.6700000000000002 0.2 0 0.65 1.077114035788043e-19 0 0.6550000000000001 0.18 0 0.6600000000000001 0.185 0 0.6650000000000001 0.19 0 0.6700000000000002 0.195 0 0.655 0.005 0 0.655 0.01 0 0.655 0.015 0 0.655 0.02 0 0.655 0.025 0 0.655 0.03 0 0.655 0.035 0 0.655 0.04 0 0.655 0.045 0 0.655 0.05 0 0.655 0.055 0 0.655 0.06 0 0.655 0.065 0 0.655 0.07000000000000001 0 0.655 0.075 0 0.655 0.08 0 0.655 0.08500000000000001 0 0.655 0.09 0 0.655 0.095 0 0.655 0.1 0 0.655 0.105 0 0.655 0.11 0 0.655 0.115 0 0.655 0.12 0 0.655 0.125 0 0.655 0.13 0 0.655 0.135 0 0.655 0.14 0 0.655 0.145 0 0.655 0.15 0 0.655 0.155 0 0.655 0.16 0 0.655 0.165 0 0.655 0.17 0 0.655 0.175 0 0.6750000000000002 0.2 0 0.655 1.077114035788043e-19 0 0.6600000000000001 0.18 0 0.6650000000000001 0.185 0 0.6700000000000002 0.19 0 0.6750000000000002 0.195 0 0.66 0.005 0 0.66 0.01 0 0.66 0.015 0 0.66 0.02 0 0.66 0.025 0 0.66 0.03 0 0.66 0.035 0 0.66 0.04 0 0.66 0.045 0 0.66 0.05 0 0.66 0.055 0 0.66 0.06 0 0.66 0.065 0 0.66 0.07000000000000001 0 0.66 0.075 0 0.66 0.08 0 0.66 0.08500000000000001 0 0.66 0.09 0 0.66 0.095 0 0.66 0.1 0 0.66 0.105 0 0.66 0.11 0 0.66 0.115 0 0.66 0.12 0 0.66 0.125 0 0.66 0.13 0 0.66 0.135 0 0.66 0.14 0 0.66 0.145 0 0.66 0.15 0 0.66 0.155 0 0.66 0.16 0 0.66 0.165 0 0.66 0.17 0 0.66 0.175 0 0.6800000000000002 0.2 0 0.66 1.077114035788043e-19 0 0.6650000000000001 0.18 0 0.6700000000000002 0.185 0 0.6750000000000002 0.19 0 0.6800000000000002 0.195 0 0.665 0.005 0 0.665 0.01 0 0.665 0.015 0 0.665 0.02 0 0.665 0.025 0 0.665 0.03 0 0.665 0.035 0 0.665 0.04 0 0.665 0.045 0 0.665 0.05 0 0.665 0.055 0 0.665 0.06 0 0.665 0.065 0 0.665 0.07000000000000001 0 0.665 0.075 0 0.665 0.08 0 0.665 0.08500000000000001 0 0.665 0.09 0 0.665 0.095 0 0.665 0.1 0 0.665 0.105 0 0.665 0.11 0 0.665 0.115 0 0.665 0.12 0 0.665 0.125 0 0.665 0.13 0 0.665 0.135 0 0.665 0.14 0 0.665 0.145 0 0.665 0.15 0 0.665 0.155 0 0.665 0.16 0 0.665 0.165 0 0.665 0.17 0 0.665 0.175 0 0.6850000000000002 0.2 0 0.665 1.077114035788043e-19 0 0.6700000000000002 0.18 0 0.6750000000000002 0.185 0 0.6800000000000002 0.19 0 0.6850000000000002 0.195 0 0.67 0.005 0 0.67 0.01 0 0.67 0.015 0 0.67 0.02 0 0.67 0.025 0 0.67 0.03 0 0.67 0.035 0 0.67 0.04 0 0.67 0.045 0 0.67 0.05 0 0.67 0.055 0 0.67 0.06 0 0.67 0.065 0 0.67 0.07000000000000001 0 0.67 0.075 0 0.67 0.08 0 0.67 0.08500000000000001 0 0.67 0.09 0 0.67 0.095 0 0.67 0.1 0 0.67 0.105 0 0.67 0.11 0 0.67 0.115 0 0.67 0.12 0 0.67 0.125 0 0.67 0.13 0 0.67 0.135 0 0.67 0.14 0 0.67 0.145 0 0.67 0.15 0 0.67 0.155 0 0.67 0.16 0 0.67 0.165 0 0.67 0.17 0 0.67 0.175 0 0.6900000000000002 0.2 0 0.67 1.077114035788043e-19 0 0.6750000000000002 0.18 0 0.6800000000000002 0.185 0 0.6850000000000002 0.19 0 0.6900000000000002 0.195 0 0.675 0.005 0 0.675 0.01 0 0.675 0.015 0 0.675 0.02 0 0.675 0.025 0 0.675 0.03 0 0.675 0.035 0 0.675 0.04 0 0.675 0.045 0 0.675 0.05 0 0.675 0.055 0 0.675 0.06 0 0.675 0.065 0 0.675 0.07000000000000001 0 0.675 0.075 0 0.675 0.08 0 0.675 0.08500000000000001 0 0.675 0.09 0 0.675 0.095 0 0.675 0.1 0 0.675 0.105 0 0.675 0.11 0 0.675 0.115 0 0.675 0.12 0 0.675 0.125 0 0.675 0.13 0 0.675 0.135 0 0.675 0.14 0 0.675 0.145 0 0.675 0.15 0 0.675 0.155 0 0.675 0.16 0 0.675 0.165 0 0.675 0.17 0 0.675 0.175 0 0.6950000000000002 0.2 0 0.675 1.077114035788043e-19 0 0.6800000000000002 0.18 0 0.6850000000000002 0.185 0 0.6900000000000002 0.19 0 0.6950000000000002 0.195 0 0.68 0.005 0 0.68 0.01 0 0.68 0.015 0 0.68 0.02 0 0.68 0.025 0 0.68 0.03 0 0.68 0.035 0 0.68 0.04 0 0.68 0.045 0 0.68 0.05 0 0.68 0.055 0 0.68 0.06 0 0.68 0.065 0 0.68 0.07000000000000001 0 0.68 0.075 0 0.68 0.08 0 0.68 0.08500000000000001 0 0.68 0.09 0 0.68 0.095 0 0.68 0.1 0 0.68 0.105 0 0.68 0.11 0 0.68 0.115 0 0.68 0.12 0 0.68 0.125 0 0.68 0.13 0 0.68 0.135 0 0.68 0.14 0 0.68 0.145 0 0.68 0.15 0 0.68 0.155 0 0.68 0.16 0 0.68 0.165 0 0.68 0.17 0 0.68 0.175 0 0.7000000000000002 0.2 0 0.6850000000000002 0.18 0 0.6900000000000002 0.185 0 0.6950000000000002 0.19 0 0.7000000000000002 0.195 0 0.6850000000000001 0.02 0 0.6850000000000001 0.025 0 0.6850000000000001 0.03 0 0.6850000000000001 0.035 0 0.6850000000000001 0.04 0 0.6850000000000001 0.045 0 0.6850000000000001 0.05 0 0.6850000000000001 0.055 0 0.6850000000000001 0.06 0 0.6850000000000001 0.065 0 0.6850000000000001 0.07000000000000001 0 0.6850000000000001 0.075 0 0.6850000000000001 0.08 0 0.6850000000000001 0.08500000000000001 0 0.6850000000000001 0.09 0 0.6850000000000001 0.095 0 0.6850000000000001 0.1 0 0.6850000000000001 0.105 0 0.6850000000000001 0.11 0 0.6850000000000001 0.115 0 0.6850000000000001 0.12 0 0.6850000000000001 0.125 0 0.6850000000000001 0.13 0 0.6850000000000001 0.135 0 0.6850000000000001 0.14 0 0.6850000000000001 0.145 0 0.6850000000000001 0.15 0 0.6850000000000001 0.155 0 0.6850000000000001 0.16 0 0.6850000000000001 0.165 0 0.6850000000000001 0.17 0 0.6850000000000001 0.175 0 0.7050000000000001 0.2 0 0.6900000000000002 0.18 0 0.6950000000000002 0.185 0 0.7000000000000002 0.19 0 0.7050000000000001 0.195 0 0.6900000000000001 0.03 0 0.6900000000000001 0.035 0 0.6900000000000001 0.04 0 0.6900000000000001 0.045 0 0.6900000000000001 0.05 0 0.6900000000000001 0.055 0 0.6900000000000001 0.06 0 0.6900000000000001 0.065 0 0.6900000000000001 0.07000000000000001 0 0.6900000000000001 0.075 0 0.6900000000000001 0.08 0 0.6900000000000001 0.08500000000000001 0 0.6900000000000001 0.09 0 0.6900000000000001 0.095 0 0.6900000000000001 0.1 0 0.6900000000000001 0.105 0 0.6900000000000001 0.11 0 0.6900000000000001 0.115 0 0.6900000000000001 0.12 0 0.6900000000000001 0.125 0 0.6900000000000001 0.13 0 0.6900000000000001 0.135 0 0.6900000000000001 0.14 0 0.6900000000000001 0.145 0 0.6900000000000001 0.15 0 0.6900000000000001 0.155 0 0.6900000000000001 0.16 0 0.6900000000000001 0.165 0 0.6900000000000001 0.17 0 0.6900000000000001 0.175 0 0.7100000000000001 0.2 0 0.6950000000000002 0.18 0 0.7000000000000002 0.185 0 0.7050000000000001 0.19 0 0.7100000000000001 0.195 0 0.6950000000000001 0.03 0 0.6950000000000001 0.035 0 0.6950000000000001 0.04 0 0.6950000000000001 0.045 0 0.6950000000000001 0.05 0 0.6950000000000001 0.055 0 0.6950000000000001 0.06 0 0.6950000000000001 0.065 0 0.6950000000000001 0.07000000000000001 0 0.6950000000000001 0.075 0 0.6950000000000001 0.08 0 0.6950000000000001 0.08500000000000001 0 0.6950000000000001 0.09 0 0.6950000000000001 0.095 0 0.6950000000000001 0.1 0 0.6950000000000001 0.105 0 0.6950000000000001 0.11 0 0.6950000000000001 0.115 0 0.6950000000000001 0.12 0 0.6950000000000001 0.125 0 0.6950000000000001 0.13 0 0.6950000000000001 0.135 0 0.6950000000000001 0.14 0 0.6950000000000001 0.145 0 0.6950000000000001 0.15 0 0.6950000000000001 0.155 0 0.6950000000000001 0.16 0 0.6950000000000001 0.165 0 0.6950000000000001 0.17 0 0.6950000000000001 0.175 0 0.7150000000000001 0.2 0 0.7000000000000002 0.18 0 0.7050000000000001 0.185 0 0.7100000000000001 0.19 0 0.7150000000000001 0.195 0 0.7000000000000001 0.04 0 0.7000000000000001 0.045 0 0.7000000000000001 0.05 0 0.7000000000000001 0.055 0 0.7000000000000001 0.06 0 0.7000000000000001 0.065 0 0.7000000000000001 0.07000000000000001 0 0.7000000000000001 0.075 0 0.7000000000000001 0.08 0 0.7000000000000001 0.08500000000000001 0 0.7000000000000001 0.09 0 0.7000000000000001 0.095 0 0.7000000000000001 0.1 0 0.7000000000000001 0.105 0 0.7000000000000001 0.11 0 0.7000000000000001 0.115 0 0.7000000000000001 0.12 0 0.7000000000000001 0.125 0 0.7000000000000001 0.13 0 0.7000000000000001 0.135 0 0.7000000000000001 0.14 0 0.7000000000000001 0.145 0 0.7000000000000001 0.15 0 0.7000000000000001 0.155 0 0.7000000000000001 0.16 0 0.7000000000000001 0.165 0 0.7000000000000001 0.17 0 0.7000000000000001 0.175 0 0.7200000000000001 0.2 0 0.7050000000000001 0.18 0 0.7100000000000001 0.185 0 0.7150000000000001 0.19 0 0.7200000000000001 0.195 0 0.705 0.04 0 0.705 0.045 0 0.705 0.05 0 0.705 0.055 0 0.705 0.06 0 0.705 0.065 0 0.705 0.07000000000000001 0 0.705 0.075 0 0.705 0.08 0 0.705 0.08500000000000001 0 0.705 0.09 0 0.705 0.095 0 0.705 0.1 0 0.705 0.105 0 0.705 0.11 0 0.705 0.115 0 0.705 0.12 0 0.705 0.125 0 0.705 0.13 0 0.705 0.135 0 0.705 0.14 0 0.705 0.145 0 0.705 0.15 0 0.705 0.155 0 0.705 0.16 0 0.705 0.165 0 0.705 0.17 0 0.705 0.175 0 0.7250000000000001 0.2 0 0.7100000000000001 0.18 0 0.7150000000000001 0.185 0 0.7200000000000001 0.19 0 0.7250000000000001 0.195 0 0.71 0.05 0 0.71 0.055 0 0.71 0.06 0 0.71 0.065 0 0.71 0.07000000000000001 0 0.71 0.075 0 0.71 0.08 0 0.71 0.08500000000000001 0 0.71 0.09 0 0.71 0.095 0 0.71 0.1 0 0.71 0.105 0 0.71 0.11 0 0.71 0.115 0 0.71 0.12 0 0.71 0.125 0 0.71 0.13 0 0.71 0.135 0 0.71 0.14 0 0.71 0.145 0 0.71 0.15 0 0.71 0.155 0 0.71 0.16 0 0.71 0.165 0 0.71 0.17 0 0.71 0.175 0 0.7300000000000001 0.2 0 0.7150000000000001 0.18 0 0.7200000000000001 0.185 0 0.7250000000000001 0.19 0 0.7300000000000001 0.195 0 0.715 0.05 0 0.715 0.055 0 0.715 0.06 0 0.715 0.065 0 0.715 0.07000000000000001 0 0.715 0.075 0 0.715 0.08 0 0.715 0.08500000000000001 0 0.715 0.09 0 0.715 0.095 0 0.715 0.1 0 0.715 0.105 0 0.715 0.11 0 0.715 0.115 0 0.715 0.12 0 0.715 0.125 0 0.715 0.13 0 0.715 0.135 0 0.715 0.14 0 0.715 0.145 0 0.715 0.15 0 0.715 0.155 0 0.715 0.16 0 0.715 0.165 0 0.715 0.17 0 0.715 0.175 0 0.7350000000000001 0.2 0 0.7200000000000001 0.18 0 0.7250000000000001 0.185 0 0.7300000000000001 0.19 0 0.7350000000000001 0.195 0 0.72 0.06 0 0.72 0.065 0 0.72 0.07000000000000001 0 0.72 0.075 0 0.72 0.08 0 0.72 0.08500000000000001 0 0.72 0.09 0 0.72 0.095 0 0.72 0.1 0 0.72 0.105 0 0.72 0.11 0 0.72 0.115 0 0.72 0.12 0 0.72 0.125 0 0.72 0.13 0 0.72 0.135 0 0.72 0.14 0 0.72 0.145 0 0.72 0.15 0 0.72 0.155 0 0.72 0.16 0 0.72 0.165 0 0.72 0.17 0 0.72 0.175 0 0.7400000000000001 0.2 0 0.7250000000000001 0.18 0 0.7300000000000001 0.185 0 0.7350000000000001 0.19 0 0.7400000000000001 0.195 0 0.725 0.07000000000000001 0 0.725 0.075 0 0.725 0.08 0 0.725 0.08500000000000001 0 0.725 0.09 0 0.725 0.095 0 0.725 0.1 0 0.725 0.105 0 0.725 0.11 0 0.725 0.115 0 0.725 0.12 0 0.725 0.125 0 0.725 0.13 0 0.725 0.135 0 0.725 0.14 0 0.725 0.145 0 0.725 0.15 0 0.725 0.155 0 0.725 0.16 0 0.725 0.165 0 0.725 0.17 0 0.725 0.175 0 0.7450000000000001 0.2 0 0.7300000000000001 0.18 0 0.7350000000000001 0.185 0 0.7400000000000001 0.19 0 0.7450000000000001 0.195 0 0.73 0.075 0 0.73 0.08 0 0.73 0.08500000000000001 0 0.73 0.09 0 0.73 0.095 0 0.73 0.1 0 0.73 0.105 0 0.73 0.11 0 0.73 0.115 0 0.73 0.12 0 0.73 0.125 0 0.73 0.13 0 0.73 0.135 0 0.73 0.14 0 0.73 0.145 0 0.73 0.15 0 0.73 0.155 0 0.73 0.16 0 0.73 0.165 0 0.73 0.17 0 0.73 0.175 0 0.7500000000000001 0.2 0 0.7350000000000001 0.18 0 0.7400000000000001 0.185 0 0.7450000000000001 0.19 0 0.7500000000000001 0.195 0 0.735 0.075 0 0.735 0.08 0 0.735 0.08500000000000001 0 0.735 0.09 0 0.735 0.095 0 0.735 0.1 0 0.735 0.105 0 0.735 0.11 0 0.735 0.115 0 0.735 0.12 0 0.735 0.125 0 0.735 0.13 0 0.735 0.135 0 0.735 0.14 0 0.735 0.145 0 0.735 0.15 0 0.735 0.155 0 0.735 0.16 0 0.735 0.165 0 0.735 0.17 0 0.735 0.175 0 0.7550000000000001 0.2 0 0.7400000000000001 0.18 0 0.7450000000000001 0.185 0 0.7500000000000001 0.19 0 0.7550000000000001 0.195 0 0.74 0.075 0 0.74 0.08500000000000001 0 0.74 0.09 0 0.74 0.095 0 0.74 0.1 0 0.74 0.105 0 0.74 0.11 0 0.74 0.115 0 0.74 0.12 0 0.74 0.125 0 0.74 0.13 0 0.74 0.135 0 0.74 0.14 0 0.74 0.145 0 0.74 0.15 0 0.74 0.155 0 0.74 0.16 0 0.74 0.165 0 0.74 0.17 0 0.74 0.175 0 0.7600000000000001 0.2 0 0.7450000000000001 0.18 0 0.7500000000000001 0.185 0 0.7550000000000001 0.19 0 0.7600000000000001 0.195 0 0.745 0.08500000000000001 0 0.745 0.09 0 0.745 0.095 0 0.745 0.1 0 0.745 0.105 0 0.745 0.11 0 0.745 0.115 0 0.745 0.12 0 0.745 0.125 0 0.745 0.13 0 0.745 0.135 0 0.745 0.14 0 0.745 0.145 0 0.745 0.15 0 0.745 0.155 0 0.745 0.16 0 0.745 0.165 0 0.745 0.17 0 0.745 0.175 0 0.7650000000000001 0.2 0 0.7500000000000001 0.18 0 0.7550000000000001 0.185 0 0.7600000000000001 0.19 0 0.7650000000000001 0.195 0 0.75 0.09 0 0.75 0.095 0 0.75 0.1 0 0.75 0.105 0 0.75 0.11 0 0.75 0.115 0 0.75 0.12 0 0.75 0.125 0 0.75 0.13 0 0.75 0.135 0 0.75 0.14 0 0.75 0.145 0 0.75 0.15 0 0.75 0.155 0 0.75 0.16 0 0.75 0.165 0 0.75 0.17 0 0.75 0.175 0 0.7700000000000001 0.2 0 0.7550000000000001 0.18 0 0.7600000000000001 0.185 0 0.7650000000000001 0.19 0 0.7700000000000001 0.195 0 0.755 0.105 0 0.755 0.11 0 0.755 0.115 0 0.755 0.12 0 0.755 0.125 0 0.755 0.13 0 0.755 0.135 0 0.755 0.14 0 0.755 0.145 0 0.755 0.15 0 0.755 0.155 0 0.755 0.16 0 0.755 0.165 0 0.755 0.17 0 0.755 0.175 0 0.7750000000000001 0.2 0 0.7600000000000001 0.18 0 0.7650000000000001 0.185 0 0.7700000000000001 0.19 0 0.7750000000000001 0.195 0 0.76 0.105 0 0.76 0.11 0 0.76 0.115 0 0.76 0.12 0 0.76 0.125 0 0.76 0.13 0 0.76 0.135 0 0.76 0.14 0 0.76 0.145 0 0.76 0.15 0 0.76 0.155 0 0.76 0.16 0 0.76 0.165 0 0.76 0.17 0 0.76 0.175 0 0.7800000000000001 0.2 0 0.7650000000000001 0.18 0 0.7700000000000001 0.185 0 0.7750000000000001 0.19 0 0.7800000000000001 0.195 0 0.765 0.115 0 0.765 0.12 0 0.765 0.125 0 0.765 0.13 0 0.765 0.135 0 0.765 0.14 0 0.765 0.145 0 0.765 0.15 0 0.765 0.155 0 0.765 0.16 0 0.765 0.165 0 0.765 0.17 0 0.765 0.175 0 0.7850000000000001 0.2 0 0.7700000000000001 0.18 0 0.7750000000000001 0.185 0 0.7800000000000001 0.19 0 0.7850000000000001 0.195 0 0.77 0.12 0 0.77 0.125 0 0.77 0.13 0 0.77 0.135 0 0.77 0.14 0 0.77 0.145 0 0.77 0.15 0 0.77 0.155 0 0.77 0.16 0 0.77 0.165 0 0.77 0.17 0 0.77 0.175 0 0.7900000000000001 0.2 0 0.7750000000000001 0.18 0 0.7800000000000001 0.185 0 0.7850000000000001 0.19 0 0.7900000000000001 0.195 0 0.775 0.135 0 0.775 0.14 0 0.775 0.145 0 0.775 0.15 0 0.775 0.155 0 0.775 0.16 0 0.775 0.165 0 0.775 0.17 0 0.775 0.175 0 0.7949999999999999 0.2 0 0.795 0.195 0 0.7999999999999999 0.2 0 0.7800000000000001 0.18 0 0.7850000000000001 0.185 0 0.7900000000000001 0.19 0 0.78 0.135 0 0.78 0.145 0 0.78 0.15 0 0.78 0.155 0 0.78 0.16 0 0.78 0.165 0 0.78 0.17 0 0.78 0.175 0 0.7850000000000001 0.18 0 0.7900000000000001 0.185 0 0.785 0.15 0 0.785 0.155 0 0.785 0.16 0 0.785 0.165 0 0.785 0.17 0 0.785 0.175 0 0.7900000000000001 0.18 0 0.79 0.155 0 0.79 0.16 0 0.79 0.165 0 0.79 0.17 0 0.79 0.175 0 0.795 0.175 0 0.8000000000000002 0.18 0 0.44 1.077114035788043e-19 0 0.445 0.005 0 0.45 0.01 0 0.455 0.015 0 0.4650000000000001 0.025 0 0.4650000000000001 0.03500000000000001 0 0.47 0.055 0 0.485 0.08 0 0.49 0.08500000000000002 0 0.495 0.1 0 0.5 0.11 0 0.505 0.125 0 0.5150000000000001 0.135 0 0.515 0.14 0 0.52 0.145 0 0.525 0.15 0 0.53 0.155 0 0.545 0.19 0 0.5549999999999999 0.2 0 0.5400000000000001 0.165 0 0.6850000000000001 0.01 0 0.6850000000000001 0.015 0 0.6900000000000001 0.025 0 0.7000000000000001 0.035 0 0.71 0.045 0 0.72 0.055 0 0.725 0.065 0 0.7300000000000001 0.07000000000000002 0 0.735 0.07000000000000001 0 0.74 0.08 0 0.755 0.1 0 0.765 0.11 0 0.77 0.115 0 0.775 0.12 0 0.775 0.125 0 0.775 0.13 0 0.78 0.14 0 0.795 0.19 0 0.795 0.185 0 0.795 0.18 0 0.795 0.165 0 0.795 0.17 0 0.8 0.175 0 0.4400000000000001 0.005 0 0.6800000000000002 -1.077114035788043e-19 0 0.4450000000000001 0.01 0 0.6850000000000002 0.005000000000000001 0 0.4500000000000001 0.015 0 0.6899999999999999 0.015 0 0.4550000000000001 0.02 0 0.6900000000000002 0.02 0 0.46 0.025 0 0.6950000000000002 0.025 0 0.46 0.03 0 0.7000000000000002 0.03 0 0.46 0.035 0 0.7050000000000001 0.03500000000000001 0 0.465 0.045 0 0.7100000000000001 0.04000000000000001 0 0.7150000000000001 0.04500000000000001 0 0.465 0.05 0 0.7200000000000001 0.05000000000000001 0 0.4700000000000001 0.06 0 0.7250000000000001 0.06 0 0.4750000000000001 0.065 0 0.48 0.07000000000000001 0 0.73 0.065 0 0.7400000000000001 0.07000000000000002 0 0.48 0.075 0 0.7450000000000001 0.08000000000000002 0 0.485 0.08500000000000001 0 0.7500000000000001 0.08500000000000002 0 0.49 0.095 0 0.7550000000000001 0.09500000000000001 0 0.495 0.105 0 0.7600000000000001 0.1 0 0.7650000000000001 0.105 0 0.495 0.11 0 0.7700000000000001 0.11 0 0.495 0.115 0 0.7750000000000001 0.115 0 0.5 0.125 0 0.7799999999999999 0.125 0 0.5050000000000001 0.13 0 0.7800000000000001 0.13 0 0.51 0.135 0 0.7849999999999999 0.14 0 0.5150000000000001 0.145 0 0.7850000000000001 0.145 0 0.5200000000000001 0.15 0 0.5250000000000001 0.155 0 0.7900000000000001 0.15 0 0.5300000000000001 0.16 0 0.7950000000000002 0.16 0 0.535 0.165 0 0.8000000000000002 0.17 0 0.535 0.17 0 0.54 0.18 0 0.8049999999999999 0.18 0 0.7999999999999999 0.185 0 0.54 0.185 0 0.7999999999999999 0.19 0 0.5450000000000002 0.195 0 0.8000000000000002 0.195 0 0.5500000000000002 0.2 0 </DataArray>
      </Points>
      <Cells>
        <DataArray type="Int32" Name="connectivity" format="ascii">2056 0 2057 0 2057 1 0 2 1 2057 1 2058 2 1 3 1 2058 4 2 5 3 1 3 4 2058 4 2059 5 3 6 3 4 7 4 2059 8 5 9 6 3 6 7 4 7 8 2059 8 10 9 6 11 6 7 12 7 8 13 8 10 14 9 15 11 6 11 12 7 12 13 8 13 14 10 14 2060 15 11 16 11 12 17 12 13 18 13 14 19 14 2060 20 2060 21 22 21 2061 23 2061 24 25 15 26 16 11 16 17 12 17 18 13 18 19 14 19 20 2060 20 22 21 22 23 2061 23 25 24 25 27 26 16 28 16 17 29 17 18 30 18 19 31 19 20 32 20 22 33 22 23 34 23 25 35 25 27 36 27 37 38 37 2062 39 26 40 28 16 28 29 17 29 30 18 30 31 19 31 32 20 32 33 22 33 34 23 34 35 25 35 36 27 36 38 37 38 39 2062 39 41 40 28 42 28 29 43 29 30 44 30 31 45 31 32 46 32 33 47 33 34 48 34 35 49 35 36 50 36 38 51 38 39 52 39 41 53 40 54 42 28 42 43 29 43 44 30 44 45 31 45 46 32 46 47 33 47 48 34 48 49 35 49 50 36 50 51 38 51 52 39 52 53 41 53 55 54 42 56 42 43 57 43 44 58 44 45 59 45 46 60 46 47 61 47 48 62 48 49 63 49 50 64 50 51 65 51 52 66 52 53 67 53 55 68 54 69 56 42 56 57 43 57 58 44 58 59 45 59 60 46 60 61 47 61 62 48 62 63 49 63 64 50 64 65 51 65 66 52 66 67 53 67 68 55 68 70 69 56 71 56 57 72 57 58 73 58 59 74 59 60 75 60 61 76 61 62 77 62 63 78 63 64 79 64 65 80 65 66 81 66 67 82 67 68 83 68 70 84 70 85 86 85 2063 87 69 88 71 56 71 72 57 72 73 58 73 74 59 74 75 60 75 76 61 76 77 62 77 78 63 78 79 64 79 80 65 80 81 66 81 82 67 82 83 68 83 84 70 84 86 85 86 87 2063 87 2064 88 71 89 71 72 90 72 73 91 73 74 92 74 75 93 75 76 94 76 77 95 77 78 96 78 79 97 79 80 98 80 81 99 81 82 100 82 83 101 83 84 102 84 86 103 86 87 104 87 2064 105 2064 106 107 88 108 89 71 89 90 72 90 91 73 91 92 74 92 93 75 93 94 76 94 95 77 95 96 78 96 97 79 97 98 80 98 99 81 99 100 82 100 101 83 101 102 84 102 103 86 103 104 87 104 105 2064 105 107 106 107 109 108 89 110 89 90 111 90 91 112 91 92 113 92 93 114 93 94 115 94 95 116 95 96 117 96 97 118 97 98 119 98 99 120 99 100 121 100 101 122 101 102 123 102 103 124 103 104 125 104 105 126 105 107 127 107 109 128 109 2065 129 108 130 110 89 110 111 90 111 112 91 112 113 92 113 114 93 114 115 94 115 116 95 116 117 96 117 118 97 118 119 98 119 120 99 120 121 100 121 122 101 122 123 102 123 124 103 124 125 104 125 126 105 126 127 107 127 128 109 128 129 2065 129 131 130 110 132 110 111 133 111 112 134 112 113 135 113 114 136 114 115 137 115 116 138 116 117 139 117 118 140 118 119 141 119 120 142 120 121 143 121 122 144 122 123 145 123 124 146 124 125 147 125 126 148 126 127 149 127 128 150 128 129 151 129 131 152 131 2066 153 2066 154 155 154 156 157 130 158 132 110 132 133 111 133 134 112 134 135 113 135 136 114 136 137 115 137 138 116 138 139 117 139 140 118 140 141 119 141 142 120 142 143 121 143 144 122 144 145 123 145 146 124 146 147 125 147 148 126 148 149 127 149 150 128 150 151 129 151 152 131 152 153 2066 153 155 154 155 157 156 157 2067 158 132 159 132 133 160 133 134 161 134 135 162 135 136 163 136 137 164 137 138 165 138 139 166 139 140 167 140 141 168 141 142 169 142 143 170 143 144 171 144 145 172 145 146 173 146 147 174 147 148 175 148 149 176 149 150 177 150 151 178 151 152 179 152 153 180 153 155 181 155 157 182 157 2067 183 158 184 159 132 159 160 133 160 161 134 161 162 135 162 163 136 163 164 137 164 165 138 165 166 139 166 167 140 167 168 141 168 169 142 169 170 143 170 171 144 171 172 145 172 173 146 173 174 147 174 175 148 175 176 149 176 177 150 177 178 151 178 179 152 179 180 153 180 181 155 181 182 157 182 183 2067 183 185 184 159 186 159 160 187 160 161 188 161 162 189 162 163 190 163 164 191 164 165 192 165 166 193 166 167 194 167 168 195 168 169 196 169 170 197 170 171 198 171 172 199 172 173 200 173 174 201 174 175 202 175 176 203 176 177 204 177 178 205 178 179 206 179 180 207 180 181 208 181 182 209 182 183 210 183 185 211 184 212 186 159 186 187 160 187 188 161 188 189 162 189 190 163 190 191 164 191 192 165 192 193 166 193 194 167 194 195 168 195 196 169 196 197 170 197 198 171 198 199 172 199 200 173 200 201 174 201 202 175 202 203 176 203 204 177 204 205 178 205 206 179 206 207 180 207 208 181 208 209 182 209 210 183 210 211 185 211 2068 212 186 213 186 187 214 187 188 215 188 189 216 189 190 217 190 191 218 191 192 219 192 193 220 193 194 221 194 195 222 195 196 223 196 197 224 197 198 225 198 199 226 199 200 227 200 201 228 201 202 229 202 203 230 203 204 231 204 205 232 205 206 233 206 207 234 207 208 235 208 209 236 209 210 237 210 211 238 211 2068 239 2068 2069 240 212 241 213 186 213 214 187 214 215 188 215 216 189 216 217 190 217 218 191 218 219 192 219 220 193 220 221 194 221 222 195 222 223 196 223 224 197 224 225 198 225 226 199 226 227 200 227 228 201 228 229 202 229 230 203 230 231 204 231 232 205 232 233 206 233 234 207 234 235 208 235 236 209 236 237 210 237 238 211 238 239 2068 239 240 2069 240 2070 241 213 242 213 214 243 214 215 244 215 216 245 216 217 246 217 218 247 218 219 248 219 220 249 220 221 250 221 222 251 222 223 252 223 224 253 224 225 254 225 226 255 226 227 256 227 228 257 228 229 258 229 230 259 230 231 260 231 232 261 232 233 262 233 234 263 234 235 264 235 236 265 236 237 266 237 238 267 238 239 268 239 240 269 240 2070 270 241 271 242 213 242 243 214 243 244 215 244 245 216 245 246 217 246 247 218 247 248 219 248 249 220 249 250 221 250 251 222 251 252 223 252 253 224 253 254 225 254 255 226 255 256 227 256 257 228 257 258 229 258 259 230 259 260 231 260 261 232 261 262 233 262 263 234 263 264 235 264 265 236 265 266 237 266 267 238 267 268 239 268 269 240 269 270 2070 270 2071 271 242 272 242 243 273 243 244 274 244 245 275 245 246 276 246 247 277 247 248 278 248 249 279 249 250 280 250 251 281 251 252 282 252 253 283 253 254 284 254 255 285 255 256 286 256 257 287 257 258 288 258 259 289 259 260 290 260 261 291 261 262 292 262 263 293 263 264 294 264 265 295 265 266 296 266 267 297 267 268 298 268 269 299 269 270 300 270 2071 301 271 302 272 242 272 273 243 273 274 244 274 275 245 275 276 246 276 277 247 277 278 248 278 279 249 279 280 250 280 281 251 281 282 252 282 283 253 283 284 254 284 285 255 285 286 256 286 287 257 287 288 258 288 289 259 289 290 260 290 291 261 291 292 262 292 293 263 293 294 264 294 295 265 295 296 266 296 297 267 297 298 268 298 299 269 299 300 270 300 301 2071 301 2072 302 272 303 272 273 304 273 274 305 274 275 306 275 276 307 276 277 308 277 278 309 278 279 310 279 280 311 280 281 312 281 282 313 282 283 314 283 284 315 284 285 316 285 286 317 286 287 318 287 288 319 288 289 320 289 290 321 290 291 322 291 292 323 292 293 324 293 294 325 294 295 326 295 296 327 296 297 328 297 298 329 298 299 330 299 300 331 300 301 332 301 2072 333 302 334 303 272 303 304 273 304 305 274 305 306 275 306 307 276 307 308 277 308 309 278 309 310 279 310 311 280 311 312 281 312 313 282 313 314 283 314 315 284 315 316 285 316 317 286 317 318 287 318 319 288 319 320 289 320 321 290 321 322 291 322 323 292 323 324 293 324 325 294 325 326 295 326 327 296 327 328 297 328 329 298 329 330 299 330 331 300 331 332 301 332 333 2072 333 335 2073 336 337 337 338 2074 334 303 339 303 304 340 304 305 341 305 306 342 306 307 343 307 308 344 308 309 345 309 310 346 310 311 347 311 312 348 312 313 349 313 314 350 314 315 351 315 316 352 316 317 353 317 318 354 318 319 355 319 320 356 320 321 357 321 322 358 322 323 359 323 324 360 324 325 361 325 326 362 326 327 363 327 328 364 328 329 365 329 330 366 330 331 367 331 332 368 332 333 369 333 335 370 371 2073 336 336 337 338 338 2074 372 334 373 339 303 339 340 304 340 341 305 341 342 306 342 343 307 343 344 308 344 345 309 345 346 310 346 347 311 347 348 312 348 349 313 349 350 314 350 351 315 351 352 316 352 353 317 353 354 318 354 355 319 355 356 320 356 357 321 357 358 322 358 359 323 359 360 324 360 361 325 361 362 326 362 363 327 363 364 328 364 365 329 365 366 330 366 367 331 367 368 332 368 369 333 369 370 335 370 2075 371 374 336 336 375 338 338 376 372 373 339 377 339 340 378 340 341 379 341 342 380 342 343 381 343 344 382 344 345 383 345 346 384 346 347 385 347 348 386 348 349 387 349 350 388 350 351 389 351 352 390 352 353 391 353 354 392 354 355 393 355 356 394 356 357 395 357 358 396 358 359 397 359 360 398 360 361 399 361 362 400 362 363 401 363 364 402 364 365 403 365 366 404 366 367 405 367 368 406 368 369 407 369 370 408 370 2075 409 410 371 374 374 336 375 375 338 376 376 372 411 2075 412 413 412 414 415 373 416 377 339 377 378 340 378 379 341 379 380 342 380 381 343 381 382 344 382 383 345 383 384 346 384 385 347 385 386 348 386 387 349 387 388 350 388 389 351 389 390 352 390 391 353 391 392 354 392 393 355 393 394 356 394 395 357 395 396 358 396 397 359 397 398 360 398 399 361 399 400 362 400 401 363 401 402 364 402 403 365 403 404 366 404 405 367 405 406 368 406 407 369 407 408 370 408 409 2075 409 413 410 417 374 374 418 375 375 419 376 376 420 411 412 413 415 414 415 410 416 377 421 377 378 422 378 379 423 379 380 424 380 381 425 381 382 426 382 383 427 383 384 428 384 385 429 385 386 430 386 387 431 387 388 432 388 389 433 389 390 434 390 391 435 391 392 436 392 393 437 393 394 438 394 395 439 395 396 440 396 397 441 397 398 442 398 399 443 399 400 444 400 401 445 401 402 446 402 403 447 403 404 448 404 405 449 405 406 450 406 407 451 407 408 452 408 409 453 409 413 454 415 410 417 417 374 418 418 375 419 419 376 420 420 411 455 413 415 456 416 457 421 377 421 422 378 422 423 379 423 424 380 424 425 381 425 426 382 426 427 383 427 428 384 428 429 385 429 430 386 430 431 387 431 432 388 432 433 389 433 434 390 434 435 391 435 436 392 436 437 393 437 438 394 438 439 395 439 440 396 440 441 397 441 442 398 442 443 399 443 444 400 444 445 401 445 446 402 446 447 403 447 448 404 448 449 405 449 450 406 450 451 407 451 452 408 452 453 409 453 454 413 454 456 415 456 417 417 458 418 418 459 419 419 460 420 420 461 455 457 421 462 421 422 463 422 423 464 423 424 465 424 425 466 425 426 467 426 427 468 427 428 469 428 429 470 429 430 471 430 431 472 431 432 473 432 433 474 433 434 475 434 435 476 435 436 477 436 437 478 437 438 479 438 439 480 439 440 481 440 441 482 441 442 483 442 443 484 443 444 485 444 445 486 445 446 487 446 447 488 447 448 489 448 449 490 449 450 491 450 451 492 451 452 493 452 453 494 453 454 495 454 456 496 456 417 458 458 418 459 459 419 460 460 420 461 461 455 497 457 498 462 421 462 463 422 463 464 423 464 465 424 465 466 425 466 467 426 467 468 427 468 469 428 469 470 429 470 471 430 471 472 431 472 473 432 473 474 433 474 475 434 475 476 435 476 477 436 477 478 437 478 479 438 479 480 439 480 481 440 481 482 441 482 483 442 483 484 443 484 485 444 485 486 445 486 487 446 487 488 447 488 489 448 489 490 449 490 491 450 491 492 451 492 493 452 493 494 453 494 495 454 495 496 456 496 458 458 499 459 459 500 460 460 501 461 461 502 497 498 462 503 462 463 504 463 464 505 464 465 506 465 466 507 466 467 508 467 468 509 468 469 510 469 470 511 470 471 512 471 472 513 472 473 514 473 474 515 474 475 516 475 476 517 476 477 518 477 478 519 478 479 520 479 480 521 480 481 522 481 482 523 482 483 524 483 484 525 484 485 526 485 486 527 486 487 528 487 488 529 488 489 530 489 490 531 490 491 532 491 492 533 492 493 534 493 494 535 494 495 536 495 496 537 496 458 499 499 459 500 500 460 501 501 461 502 502 497 538 498 539 503 462 503 504 463 504 505 464 505 506 465 506 507 466 507 508 467 508 509 468 509 510 469 510 511 470 511 512 471 512 513 472 513 514 473 514 515 474 515 516 475 516 517 476 517 518 477 518 519 478 519 520 479 520 521 480 521 522 481 522 523 482 523 524 483 524 525 484 525 526 485 526 527 486 527 528 487 528 529 488 529 530 489 530 531 490 531 532 491 532 533 492 533 534 493 534 535 494 535 536 495 536 537 496 537 499 499 540 500 500 541 501 501 542 502 502 543 538 539 503 544 503 504 545 504 505 546 505 506 547 506 507 548 507 508 549 508 509 550 509 510 551 510 511 552 511 512 553 512 513 554 513 514 555 514 515 556 515 516 557 516 517 558 517 518 559 518 519 560 519 520 561 520 521 562 521 522 563 522 523 564 523 524 565 524 525 566 525 526 567 526 527 568 527 528 569 528 529 570 529 530 571 530 531 572 531 532 573 532 533 574 533 534 575 534 535 576 535 536 577 536 537 578 537 499 540 540 500 541 541 501 542 542 502 543 543 538 579 539 580 544 503 544 545 504 545 546 505 546 547 506 547 548 507 548 549 508 549 550 509 550 551 510 551 552 511 552 553 512 553 554 513 554 555 514 555 556 515 556 557 516 557 558 517 558 559 518 559 560 519 560 561 520 561 562 521 562 563 522 563 564 523 564 565 524 565 566 525 566 567 526 567 568 527 568 569 528 569 570 529 570 571 530 571 572 531 572 573 532 573 574 533 574 575 534 575 576 535 576 577 536 577 578 537 578 540 540 581 541 541 582 542 542 583 543 543 584 579 580 544 585 544 545 586 545 546 587 546 547 588 547 548 589 548 549 590 549 550 591 550 551 592 551 552 593 552 553 594 553 554 595 554 555 596 555 556 597 556 557 598 557 558 599 558 559 600 559 560 601 560 561 602 561 562 603 562 563 604 563 564 605 564 565 606 565 566 607 566 567 608 567 568 609 568 569 610 569 570 611 570 571 612 571 572 613 572 573 614 573 574 615 574 575 616 575 576 617 576 577 618 577 578 619 578 540 581 581 541 582 582 542 583 583 543 584 584 579 620 580 621 585 544 585 586 545 586 587 546 587 588 547 588 589 548 589 590 549 590 591 550 591 592 551 592 593 552 593 594 553 594 595 554 595 596 555 596 597 556 597 598 557 598 599 558 599 600 559 600 601 560 601 602 561 602 603 562 603 604 563 604 605 564 605 606 565 606 607 566 607 608 567 608 609 568 609 610 569 610 611 570 611 612 571 612 613 572 613 614 573 614 615 574 615 616 575 616 617 576 617 618 577 618 619 578 619 581 581 622 582 582 623 583 583 624 584 584 625 620 621 585 626 585 586 627 586 587 628 587 588 629 588 589 630 589 590 631 590 591 632 591 592 633 592 593 634 593 594 635 594 595 636 595 596 637 596 597 638 597 598 639 598 599 640 599 600 641 600 601 642 601 602 643 602 603 644 603 604 645 604 605 646 605 606 647 606 607 648 607 608 649 608 609 650 609 610 651 610 611 652 611 612 653 612 613 654 613 614 655 614 615 656 615 616 657 616 617 658 617 618 659 618 619 660 619 581 622 622 582 623 623 583 624 624 584 625 625 620 661 621 662 626 585 626 627 586 627 628 587 628 629 588 629 630 589 630 631 590 631 632 591 632 633 592 633 634 593 634 635 594 635 636 595 636 637 596 637 638 597 638 639 598 639 640 599 640 641 600 641 642 601 642 643 602 643 644 603 644 645 604 645 646 605 646 647 606 647 648 607 648 649 608 649 650 609 650 651 610 651 652 611 652 653 612 653 654 613 654 655 614 655 656 615 656 657 616 657 658 617 658 659 618 659 660 619 660 622 622 663 623 623 664 624 624 665 625 625 666 661 662 626 667 626 627 668 627 628 669 628 629 670 629 630 671 630 631 672 631 632 673 632 633 674 633 634 675 634 635 676 635 636 677 636 637 678 637 638 679 638 639 680 639 640 681 640 641 682 641 642 683 642 643 684 643 644 685 644 645 686 645 646 687 646 647 688 647 648 689 648 649 690 649 650 691 650 651 692 651 652 693 652 653 694 653 654 695 654 655 696 655 656 697 656 657 698 657 658 699 658 659 700 659 660 701 660 622 663 663 623 664 664 624 665 665 625 666 666 661 702 662 703 667 626 667 668 627 668 669 628 669 670 629 670 671 630 671 672 631 672 673 632 673 674 633 674 675 634 675 676 635 676 677 636 677 678 637 678 679 638 679 680 639 680 681 640 681 682 641 682 683 642 683 684 643 684 685 644 685 686 645 686 687 646 687 688 647 688 689 648 689 690 649 690 691 650 691 692 651 692 693 652 693 694 653 694 695 654 695 696 655 696 697 656 697 698 657 698 699 658 699 700 659 700 701 660 701 663 663 704 664 664 705 665 665 706 666 666 707 702 703 667 708 667 668 709 668 669 710 669 670 711 670 671 712 671 672 713 672 673 714 673 674 715 674 675 716 675 676 717 676 677 718 677 678 719 678 679 720 679 680 721 680 681 722 681 682 723 682 683 724 683 684 725 684 685 726 685 686 727 686 687 728 687 688 729 688 689 730 689 690 731 690 691 732 691 692 733 692 693 734 693 694 735 694 695 736 695 696 737 696 697 738 697 698 739 698 699 740 699 700 741 700 701 742 701 663 704 704 664 705 705 665 706 706 666 707 707 702 743 703 744 708 667 708 709 668 709 710 669 710 711 670 711 712 671 712 713 672 713 714 673 714 715 674 715 716 675 716 717 676 717 718 677 718 719 678 719 720 679 720 721 680 721 722 681 722 723 682 723 724 683 724 725 684 725 726 685 726 727 686 727 728 687 728 729 688 729 730 689 730 731 690 731 732 691 732 733 692 733 734 693 734 735 694 735 736 695 736 737 696 737 738 697 738 739 698 739 740 699 740 741 700 741 742 701 742 704 704 745 705 705 746 706 706 747 707 707 748 743 744 708 749 708 709 750 709 710 751 710 711 752 711 712 753 712 713 754 713 714 755 714 715 756 715 716 757 716 717 758 717 718 759 718 719 760 719 720 761 720 721 762 721 722 763 722 723 764 723 724 765 724 725 766 725 726 767 726 727 768 727 728 769 728 729 770 729 730 771 730 731 772 731 732 773 732 733 774 733 734 775 734 735 776 735 736 777 736 737 778 737 738 779 738 739 780 739 740 781 740 741 782 741 742 783 742 704 745 745 705 746 746 706 747 747 707 748 748 743 784 744 785 749 708 749 750 709 750 751 710 751 752 711 752 753 712 753 754 713 754 755 714 755 756 715 756 757 716 757 758 717 758 759 718 759 760 719 760 761 720 761 762 721 762 763 722 763 764 723 764 765 724 765 766 725 766 767 726 767 768 727 768 769 728 769 770 729 770 771 730 771 772 731 772 773 732 773 774 733 774 775 734 775 776 735 776 777 736 777 778 737 778 779 738 779 780 739 780 781 740 781 782 741 782 783 742 783 745 745 786 746 746 787 747 747 788 748 748 789 784 785 749 790 749 750 791 750 751 792 751 752 793 752 753 794 753 754 795 754 755 796 755 756 797 756 757 798 757 758 799 758 759 800 759 760 801 760 761 802 761 762 803 762 763 804 763 764 805 764 765 806 765 766 807 766 767 808 767 768 809 768 769 810 769 770 811 770 771 812 771 772 813 772 773 814 773 774 815 774 775 816 775 776 817 776 777 818 777 778 819 778 779 820 779 780 821 780 781 822 781 782 823 782 783 824 783 745 786 786 746 787 787 747 788 788 748 789 789 784 825 785 826 790 749 790 791 750 791 792 751 792 793 752 793 794 753 794 795 754 795 796 755 796 797 756 797 798 757 798 799 758 799 800 759 800 801 760 801 802 761 802 803 762 803 804 763 804 805 764 805 806 765 806 807 766 807 808 767 808 809 768 809 810 769 810 811 770 811 812 771 812 813 772 813 814 773 814 815 774 815 816 775 816 817 776 817 818 777 818 819 778 819 820 779 820 821 780 821 822 781 822 823 782 823 824 783 824 786 786 827 787 787 828 788 788 829 789 789 830 825 826 790 831 790 791 832 791 792 833 792 793 834 793 794 835 794 795 836 795 796 837 796 797 838 797 798 839 798 799 840 799 800 841 800 801 842 801 802 843 802 803 844 803 804 845 804 805 846 805 806 847 806 807 848 807 808 849 808 809 850 809 810 851 810 811 852 811 812 853 812 813 854 813 814 855 814 815 856 815 816 857 816 817 858 817 818 859 818 819 860 819 820 861 820 821 862 821 822 863 822 823 864 823 824 865 824 786 827 827 787 828 828 788 829 829 789 830 830 825 866 826 867 831 790 831 832 791 832 833 792 833 834 793 834 835 794 835 836 795 836 837 796 837 838 797 838 839 798 839 840 799 840 841 800 841 842 801 842 843 802 843 844 803 844 845 804 845 846 805 846 847 806 847 848 807 848 849 808 849 850 809 850 851 810 851 852 811 852 853 812 853 854 813 854 855 814 855 856 815 856 857 816 857 858 817 858 859 818 859 860 819 860 861 820 861 862 821 862 863 822 863 864 823 864 865 824 865 827 827 868 828 828 869 829 829 870 830 830 871 866 867 831 872 831 832 873 832 833 874 833 834 875 834 835 876 835 836 877 836 837 878 837 838 879 838 839 880 839 840 881 840 841 882 841 842 883 842 843 884 843 844 885 844 845 886 845 846 887 846 847 888 847 848 889 848 849 890 849 850 891 850 851 892 851 852 893 852 853 894 853 854 895 854 855 896 855 856 897 856 857 898 857 858 899 858 859 900 859 860 901 860 861 902 861 862 903 862 863 904 863 864 905 864 865 906 865 827 868 868 828 869 869 829 870 870 830 871 871 866 907 867 908 872 831 872 873 832 873 874 833 874 875 834 875 876 835 876 877 836 877 878 837 878 879 838 879 880 839 880 881 840 881 882 841 882 883 842 883 884 843 884 885 844 885 886 845 886 887 846 887 888 847 888 889 848 889 890 849 890 891 850 891 892 851 892 893 852 893 894 853 894 895 854 895 896 855 896 897 856 897 898 857 898 899 858 899 900 859 900 901 860 901 902 861 902 903 862 903 904 863 904 905 864 905 906 865 906 868 868 909 869 869 910 870 870 911 871 871 912 907 908 872 913 872 873 914 873 874 915 874 875 916 875 876 917 876 877 918 877 878 919 878 879 920 879 880 921 880 881 922 881 882 923 882 883 924 883 884 925 884 885 926 885 886 927 886 887 928 887 888 929 888 889 930 889 890 931 890 891 932 891 892 933 892 893 934 893 894 935 894 895 936 895 896 937 896 897 938 897 898 939 898 899 940 899 900 941 900 901 942 901 902 943 902 903 944 903 904 945 904 905 946 905 906 947 906 868 909 909 869 910 910 870 911 911 871 912 912 907 948 908 949 913 872 913 914 873 914 915 874 915 916 875 916 917 876 917 918 877 918 919 878 919 920 879 920 921 880 921 922 881 922 923 882 923 924 883 924 925 884 925 926 885 926 927 886 927 928 887 928 929 888 929 930 889 930 931 890 931 932 891 932 933 892 933 934 893 934 935 894 935 936 895 936 937 896 937 938 897 938 939 898 939 940 899 940 941 900 941 942 901 942 943 902 943 944 903 944 945 904 945 946 905 946 947 906 947 909 909 950 910 910 951 911 911 952 912 912 953 948 949 913 954 913 914 955 914 915 956 915 916 957 916 917 958 917 918 959 918 919 960 919 920 961 920 921 962 921 922 963 922 923 964 923 924 965 924 925 966 925 926 967 926 927 968 927 928 969 928 929 970 929 930 971 930 931 972 931 932 973 932 933 974 933 934 975 934 935 976 935 936 977 936 937 978 937 938 979 938 939 980 939 940 981 940 941 982 941 942 983 942 943 984 943 944 985 944 945 986 945 946 987 946 947 988 947 909 950 950 910 951 951 911 952 952 912 953 953 948 989 949 990 954 913 954 955 914 955 956 915 956 957 916 957 958 917 958 959 918 959 960 919 960 961 920 961 962 921 962 963 922 963 964 923 964 965 924 965 966 925 966 967 926 967 968 927 968 969 928 969 970 929 970 971 930 971 972 931 972 973 932 973 974 933 974 975 934 975 976 935 976 977 936 977 978 937 978 979 938 979 980 939 980 981 940 981 982 941 982 983 942 983 984 943 984 985 944 985 986 945 986 987 946 987 988 947 988 950 950 991 951 951 992 952 952 993 953 953 994 989 990 954 995 954 955 996 955 956 997 956 957 998 957 958 999 958 959 1000 959 960 1001 960 961 1002 961 962 1003 962 963 1004 963 964 1005 964 965 1006 965 966 1007 966 967 1008 967 968 1009 968 969 1010 969 970 1011 970 971 1012 971 972 1013 972 973 1014 973 974 1015 974 975 1016 975 976 1017 976 977 1018 977 978 1019 978 979 1020 979 980 1021 980 981 1022 981 982 1023 982 983 1024 983 984 1025 984 985 1026 985 986 1027 986 987 1028 987 988 1029 988 950 991 991 951 992 992 952 993 993 953 994 994 989 1030 990 1031 995 954 995 996 955 996 997 956 997 998 957 998 999 958 999 1000 959 1000 1001 960 1001 1002 961 1002 1003 962 1003 1004 963 1004 1005 964 1005 1006 965 1006 1007 966 1007 1008 967 1008 1009 968 1009 1010 969 1010 1011 970 1011 1012 971 1012 1013 972 1013 1014 973 1014 1015 974 1015 1016 975 1016 1017 976 1017 1018 977 1018 1019 978 1019 1020 979 1020 1021 980 1021 1022 981 1022 1023 982 1023 1024 983 1024 1025 984 1025 1026 985 1026 1027 986 1027 1028 987 1028 1029 988 1029 991 991 1032 992 992 1033 993 993 1034 994 994 1035 1030 1031 995 1036 995 996 1037 996 997 1038 997 998 1039 998 999 1040 999 1000 1041 1000 1001 1042 1001 1002 1043 1002 1003 1044 1003 1004 1045 1004 1005 1046 1005 1006 1047 1006 1007 1048 1007 1008 1049 1008 1009 1050 1009 1010 1051 1010 1011 1052 1011 1012 1053 1012 1013 1054 1013 1014 1055 1014 1015 1056 1015 1016 1057 1016 1017 1058 1017 1018 1059 1018 1019 1060 1019 1020 1061 1020 1021 1062 1021 1022 1063 1022 1023 1064 1023 1024 1065 1024 1025 1066 1025 1026 1067 1026 1027 1068 1027 1028 1069 1028 1029 1070 1029 991 1032 1032 992 1033 1033 993 1034 1034 994 1035 1035 1030 1071 1031 1072 1036 995 1036 1037 996 1037 1038 997 1038 1039 998 1039 1040 999 1040 1041 1000 1041 1042 1001 1042 1043 1002 1043 1044 1003 1044 1045 1004 1045 1046 1005 1046 1047 1006 1047 1048 1007 1048 1049 1008 1049 1050 1009 1050 1051 1010 1051 1052 1011 1052 1053 1012 1053 1054 1013 1054 1055 1014 1055 1056 1015 1056 1057 1016 1057 1058 1017 1058 1059 1018 1059 1060 1019 1060 1061 1020 1061 1062 1021 1062 1063 1022 1063 1064 1023 1064 1065 1024 1065 1066 1025 1066 1067 1026 1067 1068 1027 1068 1069 1028 1069 1070 1029 1070 1032 1032 1073 1033 1033 1074 1034 1034 1075 1035 1035 1076 1071 1072 1036 1077 1036 1037 1078 1037 1038 1079 1038 1039 1080 1039 1040 1081 1040 1041 1082 1041 1042 1083 1042 1043 1084 1043 1044 1085 1044 1045 1086 1045 1046 1087 1046 1047 1088 1047 1048 1089 1048 1049 1090 1049 1050 1091 1050 1051 1092 1051 1052 1093 1052 1053 1094 1053 1054 1095 1054 1055 1096 1055 1056 1097 1056 1057 1098 1057 1058 1099 1058 1059 1100 1059 1060 1101 1060 1061 1102 1061 1062 1103 1062 1063 1104 1063 1064 1105 1064 1065 1106 1065 1066 1107 1066 1067 1108 1067 1068 1109 1068 1069 1110 1069 1070 1111 1070 1032 1073 1073 1033 1074 1074 1034 1075 1075 1035 1076 1076 1071 1112 1072 1113 1077 1036 1077 1078 1037 1078 1079 1038 1079 1080 1039 1080 1081 1040 1081 1082 1041 1082 1083 1042 1083 1084 1043 1084 1085 1044 1085 1086 1045 1086 1087 1046 1087 1088 1047 1088 1089 1048 1089 1090 1049 1090 1091 1050 1091 1092 1051 1092 1093 1052 1093 1094 1053 1094 1095 1054 1095 1096 1055 1096 1097 1056 1097 1098 1057 1098 1099 1058 1099 1100 1059 1100 1101 1060 1101 1102 1061 1102 1103 1062 1103 1104 1063 1104 1105 1064 1105 1106 1065 1106 1107 1066 1107 1108 1067 1108 1109 1068 1109 1110 1069 1110 1111 1070 1111 1073 1073 1114 1074 1074 1115 1075 1075 1116 1076 1076 1117 1112 1113 1077 1118 1077 1078 1119 1078 1079 1120 1079 1080 1121 1080 1081 1122 1081 1082 1123 1082 1083 1124 1083 1084 1125 1084 1085 1126 1085 1086 1127 1086 1087 1128 1087 1088 1129 1088 1089 1130 1089 1090 1131 1090 1091 1132 1091 1092 1133 1092 1093 1134 1093 1094 1135 1094 1095 1136 1095 1096 1137 1096 1097 1138 1097 1098 1139 1098 1099 1140 1099 1100 1141 1100 1101 1142 1101 1102 1143 1102 1103 1144 1103 1104 1145 1104 1105 1146 1105 1106 1147 1106 1107 1148 1107 1108 1149 1108 1109 1150 1109 1110 1151 1110 1111 1152 1111 1073 1114 1114 1074 1115 1115 1075 1116 1116 1076 1117 1117 1112 1153 1113 1154 1118 1077 1118 1119 1078 1119 1120 1079 1120 1121 1080 1121 1122 1081 1122 1123 1082 1123 1124 1083 1124 1125 1084 1125 1126 1085 1126 1127 1086 1127 1128 1087 1128 1129 1088 1129 1130 1089 1130 1131 1090 1131 1132 1091 1132 1133 1092 1133 1134 1093 1134 1135 1094 1135 1136 1095 1136 1137 1096 1137 1138 1097 1138 1139 1098 1139 1140 1099 1140 1141 1100 1141 1142 1101 1142 1143 1102 1143 1144 1103 1144 1145 1104 1145 1146 1105 1146 1147 1106 1147 1148 1107 1148 1149 1108 1149 1150 1109 1150 1151 1110 1151 1152 1111 1152 1114 1114 1155 1115 1115 1156 1116 1116 1157 1117 1117 1158 1153 1154 1118 1159 1118 1119 1160 1119 1120 1161 1120 1121 1162 1121 1122 1163 1122 1123 1164 1123 1124 1165 1124 1125 1166 1125 1126 1167 1126 1127 1168 1127 1128 1169 1128 1129 1170 1129 1130 1171 1130 1131 1172 1131 1132 1173 1132 1133 1174 1133 1134 1175 1134 1135 1176 1135 1136 1177 1136 1137 1178 1137 1138 1179 1138 1139 1180 1139 1140 1181 1140 1141 1182 1141 1142 1183 1142 1143 1184 1143 1144 1185 1144 1145 1186 1145 1146 1187 1146 1147 1188 1147 1148 1189 1148 1149 1190 1149 1150 1191 1150 1151 1192 1151 1152 1193 1152 1114 1155 1155 1115 1156 1156 1116 1157 1157 1117 1158 1158 1153 1194 1154 1195 1159 1118 1159 1160 1119 1160 1161 1120 1161 1162 1121 1162 1163 1122 1163 1164 1123 1164 1165 1124 1165 1166 1125 1166 1167 1126 1167 1168 1127 1168 1169 1128 1169 1170 1129 1170 1171 1130 1171 1172 1131 1172 1173 1132 1173 1174 1133 1174 1175 1134 1175 1176 1135 1176 1177 1136 1177 1178 1137 1178 1179 1138 1179 1180 1139 1180 1181 1140 1181 1182 1141 1182 1183 1142 1183 1184 1143 1184 1185 1144 1185 1186 1145 1186 1187 1146 1187 1188 1147 1188 1189 1148 1189 1190 1149 1190 1191 1150 1191 1192 1151 1192 1193 1152 1193 1155 1155 1196 1156 1156 1197 1157 1157 1198 1158 1158 1199 1194 1195 1159 1200 1159 1160 1201 1160 1161 1202 1161 1162 1203 1162 1163 1204 1163 1164 1205 1164 1165 1206 1165 1166 1207 1166 1167 1208 1167 1168 1209 1168 1169 1210 1169 1170 1211 1170 1171 1212 1171 1172 1213 1172 1173 1214 1173 1174 1215 1174 1175 1216 1175 1176 1217 1176 1177 1218 1177 1178 1219 1178 1179 1220 1179 1180 1221 1180 1181 1222 1181 1182 1223 1182 1183 1224 1183 1184 1225 1184 1185 1226 1185 1186 1227 1186 1187 1228 1187 1188 1229 1188 1189 1230 1189 1190 1231 1190 1191 1232 1191 1192 1233 1192 1193 1234 1193 1155 1196 1196 1156 1197 1197 1157 1198 1198 1158 1199 1199 1194 1235 1195 1236 1200 1159 1200 1201 1160 1201 1202 1161 1202 1203 1162 1203 1204 1163 1204 1205 1164 1205 1206 1165 1206 1207 1166 1207 1208 1167 1208 1209 1168 1209 1210 1169 1210 1211 1170 1211 1212 1171 1212 1213 1172 1213 1214 1173 1214 1215 1174 1215 1216 1175 1216 1217 1176 1217 1218 1177 1218 1219 1178 1219 1220 1179 1220 1221 1180 1221 1222 1181 1222 1223 1182 1223 1224 1183 1224 1225 1184 1225 1226 1185 1226 1227 1186 1227 1228 1187 1228 1229 1188 1229 1230 1189 1230 1231 1190 1231 1232 1191 1232 1233 1192 1233 1234 1193 1234 1196 1196 1237 1197 1197 1238 1198 1198 1239 1199 1199 1240 1235 1236 1200 1241 1200 1201 1242 1201 1202 1243 1202 1203 1244 1203 1204 1245 1204 1205 1246 1205 1206 1247 1206 1207 1248 1207 1208 1249 1208 1209 1250 1209 1210 1251 1210 1211 1252 1211 1212 1253 1212 1213 1254 1213 1214 1255 1214 1215 1256 1215 1216 1257 1216 1217 1258 1217 1218 1259 1218 1219 1260 1219 1220 1261 1220 1221 1262 1221 1222 1263 1222 1223 1264 1223 1224 1265 1224 1225 1266 1225 1226 1267 1226 1227 1268 1227 1228 1269 1228 1229 1270 1229 1230 1271 1230 1231 1272 1231 1232 1273 1232 1233 1274 1233 1234 1275 1234 1196 1237 1237 1197 1238 1238 1198 1239 1239 1199 1240 1240 1235 1276 1236 1277 1241 1200 1241 1242 1201 1242 1243 1202 1243 1244 1203 1244 1245 1204 1245 1246 1205 1246 1247 1206 1247 1248 1207 1248 1249 1208 1249 1250 1209 1250 1251 1210 1251 1252 1211 1252 1253 1212 1253 1254 1213 1254 1255 1214 1255 1256 1215 1256 1257 1216 1257 1258 1217 1258 1259 1218 1259 1260 1219 1260 1261 1220 1261 1262 1221 1262 1263 1222 1263 1264 1223 1264 1265 1224 1265 1266 1225 1266 1267 1226 1267 1268 1227 1268 1269 1228 1269 1270 1229 1270 1271 1230 1271 1272 1231 1272 1273 1232 1273 1274 1233 1274 1275 1234 1275 1237 1237 1278 1238 1238 1279 1239 1239 1280 1240 1240 1281 1276 1277 1241 1282 1241 1242 1283 1242 1243 1284 1243 1244 1285 1244 1245 1286 1245 1246 1287 1246 1247 1288 1247 1248 1289 1248 1249 1290 1249 1250 1291 1250 1251 1292 1251 1252 1293 1252 1253 1294 1253 1254 1295 1254 1255 1296 1255 1256 1297 1256 1257 1298 1257 1258 1299 1258 1259 1300 1259 1260 1301 1260 1261 1302 1261 1262 1303 1262 1263 1304 1263 1264 1305 1264 1265 1306 1265 1266 1307 1266 1267 1308 1267 1268 1309 1268 1269 1310 1269 1270 1311 1270 1271 1312 1271 1272 1313 1272 1273 1314 1273 1274 1315 1274 1275 1316 1275 1237 1278 1278 1238 1279 1279 1239 1280 1280 1240 1281 1281 1276 1317 1277 1318 1282 1241 1282 1283 1242 1283 1284 1243 1284 1285 1244 1285 1286 1245 1286 1287 1246 1287 1288 1247 1288 1289 1248 1289 1290 1249 1290 1291 1250 1291 1292 1251 1292 1293 1252 1293 1294 1253 1294 1295 1254 1295 1296 1255 1296 1297 1256 1297 1298 1257 1298 1299 1258 1299 1300 1259 1300 1301 1260 1301 1302 1261 1302 1303 1262 1303 1304 1263 1304 1305 1264 1305 1306 1265 1306 1307 1266 1307 1308 1267 1308 1309 1268 1309 1310 1269 1310 1311 1270 1311 1312 1271 1312 1313 1272 1313 1314 1273 1314 1315 1274 1315 1316 1275 1316 1278 1278 1319 1279 1279 1320 1280 1280 1321 1281 1281 1322 1317 1318 1282 1323 1282 1283 1324 1283 1284 1325 1284 1285 1326 1285 1286 1327 1286 1287 1328 1287 1288 1329 1288 1289 1330 1289 1290 1331 1290 1291 1332 1291 1292 1333 1292 1293 1334 1293 1294 1335 1294 1295 1336 1295 1296 1337 1296 1297 1338 1297 1298 1339 1298 1299 1340 1299 1300 1341 1300 1301 1342 1301 1302 1343 1302 1303 1344 1303 1304 1345 1304 1305 1346 1305 1306 1347 1306 1307 1348 1307 1308 1349 1308 1309 1350 1309 1310 1351 1310 1311 1352 1311 1312 1353 1312 1313 1354 1313 1314 1355 1314 1315 1356 1315 1316 1357 1316 1278 1319 1319 1279 1320 1320 1280 1321 1321 1281 1322 1322 1317 1358 1318 1359 1323 1282 1323 1324 1283 1324 1325 1284 1325 1326 1285 1326 1327 1286 1327 1328 1287 1328 1329 1288 1329 1330 1289 1330 1331 1290 1331 1332 1291 1332 1333 1292 1333 1334 1293 1334 1335 1294 1335 1336 1295 1336 1337 1296 1337 1338 1297 1338 1339 1298 1339 1340 1299 1340 1341 1300 1341 1342 1301 1342 1343 1302 1343 1344 1303 1344 1345 1304 1345 1346 1305 1346 1347 1306 1347 1348 1307 1348 1349 1308 1349 1350 1309 1350 1351 1310 1351 1352 1311 1352 1353 1312 1353 1354 1313 1354 1355 1314 1355 1356 1315 1356 1357 1316 1357 1319 1319 1360 1320 1320 1361 1321 1321 1362 1322 1322 1363 1358 1359 1323 1364 1323 1324 1365 1324 1325 1366 1325 1326 1367 1326 1327 1368 1327 1328 1369 1328 1329 1370 1329 1330 1371 1330 1331 1372 1331 1332 1373 1332 1333 1374 1333 1334 1375 1334 1335 1376 1335 1336 1377 1336 1337 1378 1337 1338 1379 1338 1339 1380 1339 1340 1381 1340 1341 1382 1341 1342 1383 1342 1343 1384 1343 1344 1385 1344 1345 1386 1345 1346 1387 1346 1347 1388 1347 1348 1389 1348 1349 1390 1349 1350 1391 1350 1351 1392 1351 1352 1393 1352 1353 1394 1353 1354 1395 1354 1355 1396 1355 1356 1397 1356 1357 1398 1357 1319 1360 1360 1320 1361 1361 1321 1362 1362 1322 1363 1363 1358 1399 1359 1400 1364 1323 1364 1365 1324 1365 1366 1325 1366 1367 1326 1367 1368 1327 1368 1369 1328 1369 1370 1329 1370 1371 1330 1371 1372 1331 1372 1373 1332 1373 1374 1333 1374 1375 1334 1375 1376 1335 1376 1377 1336 1377 1378 1337 1378 1379 1338 1379 1380 1339 1380 1381 1340 1381 1382 1341 1382 1383 1342 1383 1384 1343 1384 1385 1344 1385 1386 1345 1386 1387 1346 1387 1388 1347 1388 1389 1348 1389 1390 1349 1390 1391 1350 1391 1392 1351 1392 1393 1352 1393 1394 1353 1394 1395 1354 1395 1396 1355 1396 1397 1356 1397 1398 1357 1398 1360 1360 1401 1361 1361 1402 1362 1362 1403 1363 1363 1404 1399 1400 1364 1405 1364 1365 1406 1365 1366 1407 1366 1367 1408 1367 1368 1409 1368 1369 1410 1369 1370 1411 1370 1371 1412 1371 1372 1413 1372 1373 1414 1373 1374 1415 1374 1375 1416 1375 1376 1417 1376 1377 1418 1377 1378 1419 1378 1379 1420 1379 1380 1421 1380 1381 1422 1381 1382 1423 1382 1383 1424 1383 1384 1425 1384 1385 1426 1385 1386 1427 1386 1387 1428 1387 1388 1429 1388 1389 1430 1389 1390 1431 1390 1391 1432 1391 1392 1433 1392 1393 1434 1393 1394 1435 1394 1395 1436 1395 1396 1437 1396 1397 1438 1397 1398 1439 1398 1360 1401 1401 1361 1402 1402 1362 1403 1403 1363 1404 1404 1399 1440 1400 1441 1405 1364 1405 1406 1365 1406 1407 1366 1407 1408 1367 1408 1409 1368 1409 1410 1369 1410 1411 1370 1411 1412 1371 1412 1413 1372 1413 1414 1373 1414 1415 1374 1415 1416 1375 1416 1417 1376 1417 1418 1377 1418 1419 1378 1419 1420 1379 1420 1421 1380 1421 1422 1381 1422 1423 1382 1423 1424 1383 1424 1425 1384 1425 1426 1385 1426 1427 1386 1427 1428 1387 1428 1429 1388 1429 1430 1389 1430 1431 1390 1431 1432 1391 1432 1433 1392 1433 1434 1393 1434 1435 1394 1435 1436 1395 1436 1437 1396 1437 1438 1397 1438 1439 1398 1439 1401 1401 1442 1402 1402 1443 1403 1403 1444 1404 1404 1445 1440 1441 1405 1446 1405 1406 1447 1406 1407 1448 1407 1408 1449 1408 1409 1450 1409 1410 1451 1410 1411 1452 1411 1412 1453 1412 1413 1454 1413 1414 1455 1414 1415 1456 1415 1416 1457 1416 1417 1458 1417 1418 1459 1418 1419 1460 1419 1420 1461 1420 1421 1462 1421 1422 1463 1422 1423 1464 1423 1424 1465 1424 1425 1466 1425 1426 1467 1426 1427 1468 1427 1428 1469 1428 1429 1470 1429 1430 1471 1430 1431 1472 1431 1432 1473 1432 1433 1474 1433 1434 1475 1434 1435 1476 1435 1436 1477 1436 1437 1478 1437 1438 1479 1438 1439 1480 1439 1401 1442 1442 1402 1443 1443 1403 1444 1444 1404 1445 1445 1440 1481 1441 1482 1446 1405 1446 1447 1406 1447 1448 1407 1448 1449 1408 1449 1450 1409 1450 1451 1410 1451 1452 1411 1452 1453 1412 1453 1454 1413 1454 1455 1414 1455 1456 1415 1456 1457 1416 1457 1458 1417 1458 1459 1418 1459 1460 1419 1460 1461 1420 1461 1462 1421 1462 1463 1422 1463 1464 1423 1464 1465 1424 1465 1466 1425 1466 1467 1426 1467 1468 1427 1468 1469 1428 1469 1470 1429 1470 1471 1430 1471 1472 1431 1472 1473 1432 1473 1474 1433 1474 1475 1434 1475 1476 1435 1476 1477 1436 1477 1478 1437 1478 1479 1438 1479 1480 1439 1480 1442 1442 1483 1443 1443 1484 1444 1444 1485 1445 1445 1486 1481 1482 1446 1487 1446 1447 1488 1447 1448 1489 1448 1449 1490 1449 1450 1491 1450 1451 1492 1451 1452 1493 1452 1453 1494 1453 1454 1495 1454 1455 1496 1455 1456 1497 1456 1457 1498 1457 1458 1499 1458 1459 1500 1459 1460 1501 1460 1461 1502 1461 1462 1503 1462 1463 1504 1463 1464 1505 1464 1465 1506 1465 1466 1507 1466 1467 1508 1467 1468 1509 1468 1469 1510 1469 1470 1511 1470 1471 1512 1471 1472 1513 1472 1473 1514 1473 1474 1515 1474 1475 1516 1475 1476 1517 1476 1477 1518 1477 1478 1519 1478 1479 1520 1479 1480 1521 1480 1442 1483 1483 1443 1484 1484 1444 1485 1485 1445 1486 1486 1481 1522 1446 1487 1488 1447 1488 1489 1448 1489 1490 1449 1490 1491 1450 1491 1492 1451 1492 1493 1452 1493 1494 1453 1494 1495 1454 1495 1496 1455 1496 1497 1456 1497 1498 1457 1498 1499 1458 1499 1500 1459 1500 1501 1460 1501 1502 1461 1502 1503 1462 1503 1504 1463 1504 1505 1464 1505 1506 1465 1506 1507 1466 1507 1508 1467 1508 1509 1468 1509 1510 1469 1510 1511 1470 1511 1512 1471 1512 1513 1472 1513 1514 1473 1514 1515 1474 1515 1516 1475 1516 1517 1476 1517 1518 1477 1518 1519 1478 1519 1520 1479 1520 1521 1480 1521 1483 1483 1523 1484 1484 1524 1485 1485 1525 1486 1486 1526 1522 1487 1488 2076 1488 1489 2077 1489 1490 1527 1490 1491 1528 1491 1492 1529 1492 1493 1530 1493 1494 1531 1494 1495 1532 1495 1496 1533 1496 1497 1534 1497 1498 1535 1498 1499 1536 1499 1500 1537 1500 1501 1538 1501 1502 1539 1502 1503 1540 1503 1504 1541 1504 1505 1542 1505 1506 1543 1506 1507 1544 1507 1508 1545 1508 1509 1546 1509 1510 1547 1510 1511 1548 1511 1512 1549 1512 1513 1550 1513 1514 1551 1514 1515 1552 1515 1516 1553 1516 1517 1554 1517 1518 1555 1518 1519 1556 1519 1520 1557 1520 1521 1558 1521 1483 1523 1523 1484 1524 1524 1485 1525 1525 1486 1526 1526 1522 1559 1488 2076 2077 1489 2077 1527 1490 1527 1528 1491 1528 1529 1492 1529 1530 1493 1530 1531 1494 1531 1532 1495 1532 1533 1496 1533 1534 1497 1534 1535 1498 1535 1536 1499 1536 1537 1500 1537 1538 1501 1538 1539 1502 1539 1540 1503 1540 1541 1504 1541 1542 1505 1542 1543 1506 1543 1544 1507 1544 1545 1508 1545 1546 1509 1546 1547 1510 1547 1548 1511 1548 1549 1512 1549 1550 1513 1550 1551 1514 1551 1552 1515 1552 1553 1516 1553 1554 1517 1554 1555 1518 1555 1556 1519 1556 1557 1520 1557 1558 1521 1558 1523 1523 1560 1524 1524 1561 1525 1525 1562 1526 1526 1563 1559 1527 1528 2078 1528 1529 1564 1529 1530 1565 1530 1531 1566 1531 1532 1567 1532 1533 1568 1533 1534 1569 1534 1535 1570 1535 1536 1571 1536 1537 1572 1537 1538 1573 1538 1539 1574 1539 1540 1575 1540 1541 1576 1541 1542 1577 1542 1543 1578 1543 1544 1579 1544 1545 1580 1545 1546 1581 1546 1547 1582 1547 1548 1583 1548 1549 1584 1549 1550 1585 1550 1551 1586 1551 1552 1587 1552 1553 1588 1553 1554 1589 1554 1555 1590 1555 1556 1591 1556 1557 1592 1557 1558 1593 1558 1523 1560 1560 1524 1561 1561 1525 1562 1562 1526 1563 1563 1559 1594 1528 2078 1564 1529 1564 1565 1530 1565 1566 1531 1566 1567 1532 1567 1568 1533 1568 1569 1534 1569 1570 1535 1570 1571 1536 1571 1572 1537 1572 1573 1538 1573 1574 1539 1574 1575 1540 1575 1576 1541 1576 1577 1542 1577 1578 1543 1578 1579 1544 1579 1580 1545 1580 1581 1546 1581 1582 1547 1582 1583 1548 1583 1584 1549 1584 1585 1550 1585 1586 1551 1586 1587 1552 1587 1588 1553 1588 1589 1554 1589 1590 1555 1590 1591 1556 1591 1592 1557 1592 1593 1558 1593 1560 1560 1595 1561 1561 1596 1562 1562 1597 1563 1563 1598 1594 2078 1564 1599 1564 1565 1600 1565 1566 1601 1566 1567 1602 1567 1568 1603 1568 1569 1604 1569 1570 1605 1570 1571 1606 1571 1572 1607 1572 1573 1608 1573 1574 1609 1574 1575 1610 1575 1576 1611 1576 1577 1612 1577 1578 1613 1578 1579 1614 1579 1580 1615 1580 1581 1616 1581 1582 1617 1582 1583 1618 1583 1584 1619 1584 1585 1620 1585 1586 1621 1586 1587 1622 1587 1588 1623 1588 1589 1624 1589 1590 1625 1590 1591 1626 1591 1592 1627 1592 1593 1628 1593 1560 1595 1595 1561 1596 1596 1562 1597 1597 1563 1598 1598 1594 1629 1564 1599 1600 1565 1600 1601 1566 1601 1602 1567 1602 1603 1568 1603 1604 1569 1604 1605 1570 1605 1606 1571 1606 1607 1572 1607 1608 1573 1608 1609 1574 1609 1610 1575 1610 1611 1576 1611 1612 1577 1612 1613 1578 1613 1614 1579 1614 1615 1580 1615 1616 1581 1616 1617 1582 1617 1618 1583 1618 1619 1584 1619 1620 1585 1620 1621 1586 1621 1622 1587 1622 1623 1588 1623 1624 1589 1624 1625 1590 1625 1626 1591 1626 1627 1592 1627 1628 1593 1628 1595 1595 1630 1596 1596 1631 1597 1597 1632 1598 1598 1633 1629 1599 1600 2079 1600 1601 1634 1601 1602 1635 1602 1603 1636 1603 1604 1637 1604 1605 1638 1605 1606 1639 1606 1607 1640 1607 1608 1641 1608 1609 1642 1609 1610 1643 1610 1611 1644 1611 1612 1645 1612 1613 1646 1613 1614 1647 1614 1615 1648 1615 1616 1649 1616 1617 1650 1617 1618 1651 1618 1619 1652 1619 1620 1653 1620 1621 1654 1621 1622 1655 1622 1623 1656 1623 1624 1657 1624 1625 1658 1625 1626 1659 1626 1627 1660 1627 1628 1661 1628 1595 1630 1630 1596 1631 1631 1597 1632 1632 1598 1633 1633 1629 1662 1600 2079 1634 1601 1634 1635 1602 1635 1636 1603 1636 1637 1604 1637 1638 1605 1638 1639 1606 1639 1640 1607 1640 1641 1608 1641 1642 1609 1642 1643 1610 1643 1644 1611 1644 1645 1612 1645 1646 1613 1646 1647 1614 1647 1648 1615 1648 1649 1616 1649 1650 1617 1650 1651 1618 1651 1652 1619 1652 1653 1620 1653 1654 1621 1654 1655 1622 1655 1656 1623 1656 1657 1624 1657 1658 1625 1658 1659 1626 1659 1660 1627 1660 1661 1628 1661 1630 1630 1663 1631 1631 1664 1632 1632 1665 1633 1633 1666 1662 2079 1634 1667 1634 1635 1668 1635 1636 1669 1636 1637 1670 1637 1638 1671 1638 1639 1672 1639 1640 1673 1640 1641 1674 1641 1642 1675 1642 1643 1676 1643 1644 1677 1644 1645 1678 1645 1646 1679 1646 1647 1680 1647 1648 1681 1648 1649 1682 1649 1650 1683 1650 1651 1684 1651 1652 1685 1652 1653 1686 1653 1654 1687 1654 1655 1688 1655 1656 1689 1656 1657 1690 1657 1658 1691 1658 1659 1692 1659 1660 1693 1660 1661 1694 1661 1630 1663 1663 1631 1664 1664 1632 1665 1665 1633 1666 1666 1662 1695 1634 1667 1668 1635 1668 1669 1636 1669 1670 1637 1670 1671 1638 1671 1672 1639 1672 1673 1640 1673 1674 1641 1674 1675 1642 1675 1676 1643 1676 1677 1644 1677 1678 1645 1678 1679 1646 1679 1680 1647 1680 1681 1648 1681 1682 1649 1682 1683 1650 1683 1684 1651 1684 1685 1652 1685 1686 1653 1686 1687 1654 1687 1688 1655 1688 1689 1656 1689 1690 1657 1690 1691 1658 1691 1692 1659 1692 1693 1660 1693 1694 1661 1694 1663 1663 1696 1664 1664 1697 1665 1665 1698 1666 1666 1699 1695 1667 1668 2080 1668 1669 1700 1669 1670 1701 1670 1671 1702 1671 1672 1703 1672 1673 1704 1673 1674 1705 1674 1675 1706 1675 1676 1707 1676 1677 1708 1677 1678 1709 1678 1679 1710 1679 1680 1711 1680 1681 1712 1681 1682 1713 1682 1683 1714 1683 1684 1715 1684 1685 1716 1685 1686 1717 1686 1687 1718 1687 1688 1719 1688 1689 1720 1689 1690 1721 1690 1691 1722 1691 1692 1723 1692 1693 1724 1693 1694 1725 1694 1663 1696 1696 1664 1697 1697 1665 1698 1698 1666 1699 1699 1695 1726 1668 2080 1700 1669 1700 1701 1670 1701 1702 1671 1702 1703 1672 1703 1704 1673 1704 1705 1674 1705 1706 1675 1706 1707 1676 1707 1708 1677 1708 1709 1678 1709 1710 1679 1710 1711 1680 1711 1712 1681 1712 1713 1682 1713 1714 1683 1714 1715 1684 1715 1716 1685 1716 1717 1686 1717 1718 1687 1718 1719 1688 1719 1720 1689 1720 1721 1690 1721 1722 1691 1722 1723 1692 1723 1724 1693 1724 1725 1694 1725 1696 1696 1727 1697 1697 1728 1698 1698 1729 1699 1699 1730 1726 2080 1700 1731 1700 1701 1732 1701 1702 1733 1702 1703 1734 1703 1704 1735 1704 1705 1736 1705 1706 1737 1706 1707 1738 1707 1708 1739 1708 1709 1740 1709 1710 1741 1710 1711 1742 1711 1712 1743 1712 1713 1744 1713 1714 1745 1714 1715 1746 1715 1716 1747 1716 1717 1748 1717 1718 1749 1718 1719 1750 1719 1720 1751 1720 1721 1752 1721 1722 1753 1722 1723 1754 1723 1724 1755 1724 1725 1756 1725 1696 1727 1727 1697 1728 1728 1698 1729 1729 1699 1730 1730 1726 1757 1700 1731 1732 1701 1732 1733 1702 1733 1734 1703 1734 1735 1704 1735 1736 1705 1736 1737 1706 1737 1738 1707 1738 1739 1708 1739 1740 1709 1740 1741 1710 1741 1742 1711 1742 1743 1712 1743 1744 1713 1744 1745 1714 1745 1746 1715 1746 1747 1716 1747 1748 1717 1748 1749 1718 1749 1750 1719 1750 1751 1720 1751 1752 1721 1752 1753 1722 1753 1754 1723 1754 1755 1724 1755 1756 1725 1756 1727 1727 1758 1728 1728 1759 1729 1729 1760 1730 1730 1761 1757 1731 1732 2081 1732 1733 1762 1733 1734 1763 1734 1735 1764 1735 1736 1765 1736 1737 1766 1737 1738 1767 1738 1739 1768 1739 1740 1769 1740 1741 1770 1741 1742 1771 1742 1743 1772 1743 1744 1773 1744 1745 1774 1745 1746 1775 1746 1747 1776 1747 1748 1777 1748 1749 1778 1749 1750 1779 1750 1751 1780 1751 1752 1781 1752 1753 1782 1753 1754 1783 1754 1755 1784 1755 1756 1785 1756 1727 1758 1758 1728 1759 1759 1729 1760 1760 1730 1761 1761 1757 1786 1732 2081 1762 1733 1762 1763 1734 1763 1764 1735 1764 1765 1736 1765 1766 1737 1766 1767 1738 1767 1768 1739 1768 1769 1740 1769 1770 1741 1770 1771 1742 1771 1772 1743 1772 1773 1744 1773 1774 1745 1774 1775 1746 1775 1776 1747 1776 1777 1748 1777 1778 1749 1778 1779 1750 1779 1780 1751 1780 1781 1752 1781 1782 1753 1782 1783 1754 1783 1784 1755 1784 1785 1756 1785 1758 1758 1787 1759 1759 1788 1760 1760 1789 1761 1761 1790 1786 1762 1763 2082 1763 1764 1791 1764 1765 1792 1765 1766 1793 1766 1767 1794 1767 1768 1795 1768 1769 1796 1769 1770 1797 1770 1771 1798 1771 1772 1799 1772 1773 1800 1773 1774 1801 1774 1775 1802 1775 1776 1803 1776 1777 1804 1777 1778 1805 1778 1779 1806 1779 1780 1807 1780 1781 1808 1781 1782 1809 1782 1783 1810 1783 1784 1811 1784 1785 1812 1785 1758 1787 1787 1759 1788 1788 1760 1789 1789 1761 1790 1790 1786 1813 1763 2082 1791 1764 1791 1792 1765 1792 1793 1766 1793 1794 1767 1794 1795 1768 1795 1796 1769 1796 1797 1770 1797 1798 1771 1798 1799 1772 1799 1800 1773 1800 1801 1774 1801 1802 1775 1802 1803 1776 1803 1804 1777 1804 1805 1778 1805 1806 1779 1806 1807 1780 1807 1808 1781 1808 1809 1782 1809 1810 1783 1810 1811 1784 1811 1812 1785 1812 1787 1787 1814 1788 1788 1815 1789 1789 1816 1790 1790 1817 1813 2082 1791 2083 1791 1792 1818 1792 1793 1819 1793 1794 1820 1794 1795 1821 1795 1796 1822 1796 1797 1823 1797 1798 1824 1798 1799 1825 1799 1800 1826 1800 1801 1827 1801 1802 1828 1802 1803 1829 1803 1804 1830 1804 1805 1831 1805 1806 1832 1806 1807 1833 1807 1808 1834 1808 1809 1835 1809 1810 1836 1810 1811 1837 1811 1812 1838 1812 1787 1814 1814 1788 1815 1815 1789 1816 1816 1790 1817 1817 1813 1839 1791 2083 1818 1792 1818 1819 1793 1819 1820 1794 1820 1821 1795 1821 1822 1796 1822 1823 1797 1823 1824 1798 1824 1825 1799 1825 1826 1800 1826 1827 1801 1827 1828 1802 1828 1829 1803 1829 1830 1804 1830 1831 1805 1831 1832 1806 1832 1833 1807 1833 1834 1808 1834 1835 1809 1835 1836 1810 1836 1837 1811 1837 1838 1812 1838 1814 1814 1840 1815 1815 1841 1816 1816 1842 1817 1817 1843 1839 2083 1818 1844 1818 1819 1845 1819 1820 1846 1820 1821 1847 1821 1822 1848 1822 1823 1849 1823 1824 1850 1824 1825 1851 1825 1826 1852 1826 1827 1853 1827 1828 1854 1828 1829 1855 1829 1830 1856 1830 1831 1857 1831 1832 1858 1832 1833 1859 1833 1834 1860 1834 1835 1861 1835 1836 1862 1836 1837 1863 1837 1838 1864 1838 1814 1840 1840 1815 1841 1841 1816 1842 1842 1817 1843 1843 1839 1865 2083 2084 1844 1818 1844 1845 1819 1845 1846 1820 1846 1847 1821 1847 1848 1822 1848 1849 1823 1849 1850 1824 1850 1851 1825 1851 1852 1826 1852 1853 1827 1853 1854 1828 1854 1855 1829 1855 1856 1830 1856 1857 1831 1857 1858 1832 1858 1859 1833 1859 1860 1834 1860 1861 1835 1861 1862 1836 1862 1863 1837 1863 1864 1838 1864 1840 1840 1866 1841 1841 1867 1842 1842 1868 1843 1843 1869 1865 2084 1844 1870 1844 1845 2085 1845 1846 1871 1846 1847 1872 1847 1848 1873 1848 1849 1874 1849 1850 1875 1850 1851 1876 1851 1852 1877 1852 1853 1878 1853 1854 1879 1854 1855 1880 1855 1856 1881 1856 1857 1882 1857 1858 1883 1858 1859 1884 1859 1860 1885 1860 1861 1886 1861 1862 1887 1862 1863 1888 1863 1864 1889 1864 1840 1866 1866 1841 1867 1867 1842 1868 1868 1843 1869 1869 1865 1890 1844 1870 2085 1845 2085 1871 1846 1871 1872 1847 1872 1873 1848 1873 1874 1849 1874 1875 1850 1875 1876 1851 1876 1877 1852 1877 1878 1853 1878 1879 1854 1879 1880 1855 1880 1881 1856 1881 1882 1857 1882 1883 1858 1883 1884 1859 1884 1885 1860 1885 1886 1861 1886 1887 1862 1887 1888 1863 1888 1889 1864 1889 1866 1866 1891 1867 1867 1892 1868 1868 1893 1869 1869 1894 1890 2085 1871 1895 1871 1872 1896 1872 1873 1897 1873 1874 1898 1874 1875 1899 1875 1876 1900 1876 1877 1901 1877 1878 1902 1878 1879 1903 1879 1880 1904 1880 1881 1905 1881 1882 1906 1882 1883 1907 1883 1884 1908 1884 1885 1909 1885 1886 1910 1886 1887 1911 1887 1888 1912 1888 1889 1913 1889 1866 1891 1891 1867 1892 1892 1868 1893 1893 1869 1894 1894 1890 1914 1871 1895 1896 1872 1896 1897 1873 1897 1898 1874 1898 1899 1875 1899 1900 1876 1900 1901 1877 1901 1902 1878 1902 1903 1879 1903 1904 1880 1904 1905 1881 1905 1906 1882 1906 1907 1883 1907 1908 1884 1908 1909 1885 1909 1910 1886 1910 1911 1887 1911 1912 1888 1912 1913 1889 1913 1891 1891 1915 1892 1892 1916 1893 1893 1917 1894 1894 1918 1914 1895 1896 1919 1896 1897 1920 1897 1898 1921 1898 1899 1922 1899 1900 1923 1900 1901 1924 1901 1902 1925 1902 1903 1926 1903 1904 1927 1904 1905 1928 1905 1906 1929 1906 1907 1930 1907 1908 1931 1908 1909 1932 1909 1910 1933 1910 1911 1934 1911 1912 1935 1912 1913 1936 1913 1891 1915 1915 1892 1916 1916 1893 1917 1917 1894 1918 1918 1914 1937 1896 1919 1920 1897 1920 1921 1898 1921 1922 1899 1922 1923 1900 1923 1924 1901 1924 1925 1902 1925 1926 1903 1926 1927 1904 1927 1928 1905 1928 1929 1906 1929 1930 1907 1930 1931 1908 1931 1932 1909 1932 1933 1910 1933 1934 1911 1934 1935 1912 1935 1936 1913 1936 1915 1915 1938 1916 1916 1939 1917 1917 1940 1918 1918 1941 1937 1920 1921 2086 1921 1922 1942 1922 1923 1943 1923 1924 1944 1924 1925 1945 1925 1926 1946 1926 1927 1947 1927 1928 1948 1928 1929 1949 1929 1930 1950 1930 1931 1951 1931 1932 1952 1932 1933 1953 1933 1934 1954 1934 1935 1955 1935 1936 1956 1936 1915 1938 1938 1916 1939 1939 1917 1940 1940 1918 1941 1941 1937 1957 1921 2086 1942 1922 1942 1943 1923 1943 1944 1924 1944 1945 1925 1945 1946 1926 1946 1947 1927 1947 1948 1928 1948 1949 1929 1949 1950 1930 1950 1951 1931 1951 1952 1932 1952 1953 1933 1953 1954 1934 1954 1955 1935 1955 1956 1936 1956 1938 1938 1958 1939 1939 1959 1940 1940 1960 1941 1941 1961 1957 2086 1942 1962 1942 1943 1963 1943 1944 1964 1944 1945 1965 1945 1946 1966 1946 1947 1967 1947 1948 1968 1948 1949 1969 1949 1950 1970 1950 1951 1971 1951 1952 1972 1952 1953 1973 1953 1954 1974 1954 1955 1975 1955 1956 1976 1956 1938 1958 1958 1939 1959 1959 1940 1960 1960 1941 1961 1961 1957 1977 1942 1962 1963 1943 1963 1964 1944 1964 1965 1945 1965 1966 1946 1966 1967 1947 1967 1968 1948 1968 1969 1949 1969 1970 1950 1970 1971 1951 1971 1972 1952 1972 1973 1953 1973 1974 1954 1974 1975 1955 1975 1976 1956 1976 1958 1958 1978 1959 1959 1979 1960 1960 1980 1961 1961 1981 1977 1962 1963 2087 1963 1964 1982 1964 1965 1983 1965 1966 1984 1966 1967 1985 1967 1968 1986 1968 1969 1987 1969 1970 1988 1970 1971 1989 1971 1972 1990 1972 1973 1991 1973 1974 1992 1974 1975 1993 1975 1976 1994 1976 1958 1978 1978 1959 1979 1979 1960 1980 1980 1961 1981 1981 1977 1995 1963 2087 1982 1964 1982 1983 1965 1983 1984 1966 1984 1985 1967 1985 1986 1968 1986 1987 1969 1987 1988 1970 1988 1989 1971 1989 1990 1972 1990 1991 1973 1991 1992 1974 1992 1993 1975 1993 1994 1976 1994 1978 1978 1996 1979 1979 1997 1980 1980 1998 1981 1981 1999 1995 2087 1982 2088 1982 1983 2000 1983 1984 2001 1984 1985 2002 1985 1986 2003 1986 1987 2004 1987 1988 2005 1988 1989 2006 1989 1990 2007 1990 1991 2008 1991 1992 2009 1992 1993 2010 1993 1994 2011 1994 1978 1996 1996 1979 1997 1997 1980 1998 1998 1981 1999 1999 1995 2012 1982 2088 2000 1983 2000 2001 1984 2001 2002 1985 2002 2003 1986 2003 2004 1987 2004 2005 1988 2005 2006 1989 2006 2007 1990 2007 2008 1991 2008 2009 1992 2009 2010 1993 2010 2011 1994 2011 1996 1996 2013 1997 1997 2014 1998 1998 2015 1999 1999 2016 2012 2088 2000 2089 2000 2001 2090 2001 2002 2091 2002 2003 2017 2003 2004 2018 2004 2005 2019 2005 2006 2020 2006 2007 2021 2007 2008 2022 2008 2009 2023 2009 2010 2024 2010 2011 2025 2011 1996 2013 2013 1997 2014 2014 1998 2015 2015 1999 2016 2016 2012 2026 2027 2026 2028 2000 2089 2090 2001 2090 2091 2002 2091 2017 2003 2017 2018 2004 2018 2019 2005 2019 2020 2006 2020 2021 2007 2021 2022 2008 2022 2023 2009 2023 2024 2010 2024 2025 2011 2025 2013 2013 2029 2014 2014 2030 2015 2015 2031 2016 2016 2027 2026 2091 2017 2032 2017 2018 2092 2018 2019 2033 2019 2020 2034 2020 2021 2035 2021 2022 2036 2022 2023 2037 2023 2024 2038 2024 2025 2039 2025 2013 2029 2029 2014 2030 2030 2015 2031 2031 2016 2027 2017 2032 2092 2018 2092 2033 2019 2033 2034 2020 2034 2035 2021 2035 2036 2022 2036 2037 2023 2037 2038 2024 2038 2039 2025 2039 2029 2029 2040 2030 2030 2041 2031 2031 2093 2027 2033 2034 2042 2034 2035 2043 2035 2036 2044 2036 2037 2045 2037 2038 2046 2038 2039 2047 2039 2029 2040 2040 2030 2041 2041 2031 2093 2034 2042 2043 2035 2043 2044 2036 2044 2045 2037 2045 2046 2038 2046 2047 2039 2047 2040 2040 2048 2041 2041 2094 2093 2042 2043 2049 2043 2044 2050 2044 2045 2051 2045 2046 2052 2046 2047 2053 2047 2040 2048 2048 2041 2094 2043 2049 2050 2044 2050 2051 2045 2051 2052 2046 2052 2053 2047 2053 2048 2048 2095 2094 2050 2051 2096 2051 2052 2097 2052 2053 2054 2053 2048 2095 2051 2096 2097 2052 2097 2054 2053 2054 2095 2097 2054 2098 2054 2095 2055 2054 2098 2055 2056 2099 2057 1482 2100 1487 2057 2101 2058 1487 2102 2076 2058 2103 2059 2076 2077 2104 2059 2105 10 2077 1527 2106 10 2107 2060 1527 2106 2078 2107 2060 21 2078 2108 1599 2109 21 2061 1599 2110 2079 2111 2061 24 2079 2112 1667 24 2113 27 1667 2114 2080 2113 27 37 2080 2115 1731 2116 37 2062 1731 2117 2081 2062 2118 41 2081 1762 2119 41 2120 55 1762 2119 2082 55 2121 70 2082 2122 2083 2122 2083 2084 2121 70 85 2084 2123 1870 2124 85 2063 1870 2085 2125 2063 2126 2064 2085 2125 1895 2126 2064 106 1895 2127 1919 106 2128 109 1919 1920 2129 2128 109 2065 1920 2129 2086 2065 2130 131 2086 2131 1962 2130 131 2066 1962 2132 2087 2133 2066 154 2087 2134 2088 2135 154 156 2088 2136 2089 156 2137 2067 2089 2090 2138 2067 2139 185 2090 2091 2140 185 2141 2068 2091 2140 2032 2141 2068 2069 2032 2092 2142 2069 2143 2070 2092 2033 2144 2070 2145 2071 2033 2144 2042 2071 2146 2072 2042 2147 2049 2072 2148 335 2049 2050 2149 335 2150 2075 2050 2149 2096 2150 2075 412 2096 2097 2151 2152 412 414 2097 2151 2098 414 2153 410 2098 2055 2154 2153 410 371 2095 2055 2155 2095 2094 2155 2156 371 2073 2094 2093 2157 2073 2158 337 2093 2027 2159 337 2160 2074 2027 2159 2028 </DataArray>
        <DataArray type="Int32" Name="offsets" format="ascii">3 6 9 12 15 18 21 24 27 30 33 36 39 42 45 48 51 54 57 60 63 66 69 72 75 78 81 84 87 90 93 96 99 102 105 108 111 114 117 120 123 126 129 132 135 138 141 144 147 150 153 156 159 162 165 168 171 174 177 180 183 186 189 192 195 198 201 204 207 210 213 216 219 222 225 228 231 234 237 240 243 246 249 252 255 258 261 264 267 270 273 276 279 282 285 288 291 294 297 300 303 306 309 312 315 318 321 324 327 330 333 336 339 342 345 348 351 354 357 360 363 366 369 372 375 378 381 384 387 390 393 396 399 402 405 408 411 414 417 420 423 426 429 432 435 438 441 444 447 450 453 456 459 462 465 468 471 474 477 480 483 486 489 492 495 498 501 504 507 510 513 516 519 522 525 528 531 534 537 540 543 546 549 552 555 558 561 564 567 570 573 576 579 582 585 588 591 594 597 600 603 606 609 612 615 618 621 624 627 630 633 636 639 642 645 648 651 654 657 660 663 666 669 672 675 678 681 684 687 690 693 696 699 702 705 708 711 714 717 720 723 726 729 732 735 738 741 744 747 750 753 756 759 762 765 768 771 774 777 780 783 786 789 792 795 798 801 804 807 810 813 816 819 822 825 828 831 834 837 840 843 846 849 852 855 858 861 864 867 870 873 876 879 882 885 888 891 894 897 900 903 906 909 912 915 918 921 924 927 930 933 936 939 942 945 948 951 954 957 960 963 966 969 972 975 978 981 984 987 990 993 996 999 1002 1005 1008 1011 1014 1017 1020 1023 1026 1029 1032 1035 1038 1041 1044 1047 1050 1053 1056 1059 1062 1065 1068 1071 1074 1077 1080 1083 1086 1089 1092 1095 1098 1101 1104 1107 1110 1113 1116 1119 1122 1125 1128 1131 1134 1137 1140 1143 1146 1149 1152 1155 1158 1161 1164 1167 1170 1173 1176 1179 1182 1185 1188 1191 1194 1197 1200 1203 1206 1209 1212 1215 1218 1221 1224 1227 1230 1233 1236 1239 1242 1245 1248 1251 1254 1257 1260 1263 1266 1269 1272 1275 1278 1281 1284 1287 1290 1293 1296 1299 1302 1305 1308 1311 1314 1317 1320 1323 1326 1329 1332 1335 1338 1341 1344 1347 1350 1353 1356 1359 1362 1365 1368 1371 1374 1377 1380 1383 1386 1389 1392 1395 1398 1401 1404 1407 1410 1413 1416 1419 1422 1425 1428 1431 1434 1437 1440 1443 1446 1449 1452 1455 1458 1461 1464 1467 1470 1473 1476 1479 1482 1485 1488 1491 1494 1497 1500 1503 1506 1509 1512 1515 1518 1521 1524 1527 1530 1533 1536 1539 1542 1545 1548 1551 1554 1557 1560 1563 1566 1569 1572 1575 1578 1581 1584 1587 1590 1593 1596 1599 1602 1605 1608 1611 1614 1617 1620 1623 1626 1629 1632 1635 1638 1641 1644 1647 1650 1653 1656 1659 1662 1665 1668 1671 1674 1677 1680 1683 1686 1689 1692 1695 1698 1701 1704 1707 1710 1713 1716 1719 1722 1725 1728 1731 1734 1737 1740 1743 1746 1749 1752 1755 1758 1761 1764 1767 1770 1773 1776 1779 1782 1785 1788 1791 1794 1797 1800 1803 1806 1809 1812 1815 1818 1821 1824 1827 1830 1833 1836 1839 1842 1845 1848 1851 1854 1857 1860 1863 1866 1869 1872 1875 1878 1881 1884 1887 1890 1893 1896 1899 1902 1905 1908 1911 1914 1917 1920 1923 1926 1929 1932 1935 1938 1941 1944 1947 1950 1953 1956 1959 1962 1965 1968 1971 1974 1977 1980 1983 1986 1989 1992 1995 1998 2001 2004 2007 2010 2013 2016 2019 2022 2025 2028 2031 2034 2037 2040 2043 2046 2049 2052 2055 2058 2061 2064 2067 2070 2073 2076 2079 2082 2085 2088 2091 2094 2097 2100 2103 2106 2109 2112 2115 2118 2121 2124 2127 2130 2133 2136 2139 2142 2145 2148 2151 2154 2157 2160 2163 2166 2169 2172 2175 2178 2181 2184 2187 2190 2193 2196 2199 2202 2205 2208 2211 2214 2217 2220 2223 2226 2229 2232 2235 2238 2241 2244 2247 2250 2253 2256 2259 2262 2265 2268 2271 2274 2277 2280 2283 2286 2289 2292 2295 2298 2301 2304 2307 2310 2313 2316 2319 2322 2325 2328 2331 2334 2337 2340 2343 2346 2349 2352 2355 2358 2361 2364 2367 2370 2373 2376 2379 2382 2385 2388 2391 2394 2397 2400 2403 2406 2409 2412 2415 2418 2421 2424 2427 2430 2433 2436 2439 2442 2445 2448 2451 2454 2457 2460 2463 2466 2469 2472 2475 2478 2481 2484 2487 2490 2493 2496 2499 2502 2505 2508 2511 2514 2517 2520 2523 2526 2529 2532 2535 2538 2541 2544 2547 2550 2553 2556 2559 2562 2565 2568 2571 2574 2577 2580 2583 2586 2589 2592 2595 2598 2601 2604 2607 2610 2613 2616 2619 2622 2625 2628 2631 2634 2637 2640 2643 2646 2649 2652 2655 2658 2661 2664 2667 2670 2673 2676 2679 2682 2685 2688 2691 2694 2697 2700 2703 2706 2709 2712 2715 2718 2721 2724 2727 2730 2733 2736 2739 2742 2745 2748 2751 2754 2757 2760 2763 2766 2769 2772 2775 2778 2781 2784 2787 2790 2793 2796 2799 2802 2805 2808 2811 2814 2817 2820 2823 2826 2829 2832 2835 2838 2841 2844 2847 2850 2853 2856 2859 2862 2865 2868 2871 2874 2877 2880 2883 2886 2889 2892 2895 2898 2901 2904 2907 2910 2913 2916 2919 2922 2925 2928 2931 2934 2937 2940 2943 2946 2949 2952 2955 2958 2961 2964 2967 2970 2973 2976 2979 2982 2985 2988 2991 2994 2997 3000 3003 3006 3009 3012 3015 3018 3021 3024 3027 3030 3033 3036 3039 3042 3045 3048 3051 3054 3057 3060 3063 3066 3069 3072 3075 3078 3081 3084 3087 3090 3093 3096 3099 3102 3105 3108 3111 3114 3117 3120 3123 3126 3129 3132 3135 3138 3141 3144 3147 3150 3153 3156 3159 3162 3165 3168 3171 3174 3177 3180 3183 3186 3189 3192 3195 3198 3201 3204 3207 3210 3213 3216 3219 3222 3225 3228 3231 3234 3237 3240 3243 3246 3249 3252 3255 3258 3261 3264 3267 3270 3273 3276 3279 3282 3285 3288 3291 3294 3297 3300 3303 3306 3309 3312 3315 3318 3321 3324 3327 3330 3333 3336 3339 3342 3345 3348 3351 3354 3357 3360 3363 3366 3369 3372 3375 3378 3381 3384 3387 3390 3393 3396 3399 3402 3405 3408 3411 3414 3417 3420 3423 3426 3429 3432 3435 3438 3441 3444 3447 3450 3453 3456 3459 3462 3465 3468 3471 3474 3477 3480 3483 3486 3489 3492 3495 3498 3501 3504 3507 3510 3513 3516 3519 3522 3525 3528 3531 3534 3537 3540 3543 3546 3549 3552 3555 3558 3561 3564 3567 3570 3573 3576 3579 3582 3585 3588 3591 3594 3597 3600 3603 3606 3609 3612 3615 3618 3621 3624 3627 3630 3633 3636 3639 3642 3645 3648 3651 3654 3657 3660 3663 3666 3669 3672 3675 3678 3681 3684 3687 3690 3693 3696 3699 3702 3705 3708 3711 3714 3717 3720 3723 3726 3729 3732 3735 3738 3741 3744 3747 3750 3753 3756 3759 3762 3765 3768 3771 3774 3777 3780 3783 3786 3789 3792 3795 3798 3801 3804 3807 3810 3813 3816 3819 3822 3825 3828 3831 3834 3837 3840 3843 3846 3849 3852 3855 3858 3861 3864 3867 3870 3873 3876 3879 3882 3885 3888 3891 3894 3897 3900 3903 3906 3909 3912 3915 3918 3921 3924 3927 3930 3933 3936 3939 3942 3945 3948 3951 3954 3957 3960 3963 3966 3969 3972 3975 3978 3981 3984 3987 3990 3993 3996 3999 4002 4005 4008 4011 4014 4017 4020 4023 4026 4029 4032 4035 4038 4041 4044 4047 4050 4053 4056 4059 4062 4065 4068 4071 4074 4077 4080 4083 4086 4089 4092 4095 4098 4101 4104 4107 4110 4113 4116 4119 4122 4125 4128 4131 4134 4137 4140 4143 4146 4149 4152 4155 4158 4161 4164 4167 4170 4173 4176 4179 4182 4185 4188 4191 4194 4197 4200 4203 4206 4209 4212 4215 4218 4221 4224 4227 4230 4233 4236 4239 4242 4245 4248 4251 4254 4257 4260 4263 4266 4269 4272 4275 4278 4281 4284 4287 4290 4293 4296 4299 4302 4305 4308 4311 4314 4317 4320 4323 4326 4329 4332 4335 4338 4341 4344 4347 4350 4353 4356 4359 4362 4365 4368 4371 4374 4377 4380 4383 4386 4389 4392 4395 4398 4401 4404 4407 4410 4413 4416 4419 4422 4425 4428 4431 4434 4437 4440 4443 4446 4449 4452 4455 4458 4461 4464 4467 4470 4473 4476 4479 4482 4485 4488 4491 4494 4497 4500 4503 4506 4509 4512 4515 4518 4521 4524 4527 4530 4533 4536 4539 4542 4545 4548 4551 4554 4557 4560 4563 4566 4569 4572 4575 4578 4581 4584 4587 4590 4593 4596 4599 4602 4605 4608 4611 4614 4617 4620 4623 4626 4629 4632 4635 4638 4641 4644 4647 4650 4653 4656 4659 4662 4665 4668 4671 4674 4677 4680 4683 4686 4689 4692 4695 4698 4701 4704 4707 4710 4713 4716 4719 4722 4725 4728 4731 4734 4737 4740 4743 4746 4749 4752 4755 4758 4761 4764 4767 4770 4773 4776 4779 4782 4785 4788 4791 4794 4797 4800 4803 4806 4809 4812 4815 4818 4821 4824 4827 4830 4833 4836 4839 4842 4845 4848 4851 4854 4857 4860 4863 4866 4869 4872 4875 4878 4881 4884 4887 4890 4893 4896 4899 4902 4905 4908 4911 4914 4917 4920 4923 4926 4929 4932 4935 4938 4941 4944 4947 4950 4953 4956 4959 4962 4965 4968 4971 4974 4977 4980 4983 4986 4989 4992 4995 4998 5001 5004 5007 5010 5013 5016 5019 5022 5025 5028 5031 5034 5037 5040 5043 5046 5049 5052 5055 5058 5061 5064 5067 5070 5073 5076 5079 5082 5085 5088 5091 5094 5097 5100 5103 5106 5109 5112 5115 5118 5121 5124 5127 5130 5133 5136 5139 5142 5145 5148 5151 5154 5157 5160 5163 5166 5169 5172 5175 5178 5181 5184 5187 5190 5193 5196 5199 5202 5205 5208 5211 5214 5217 5220 5223 5226 5229 5232 5235 5238 5241 5244 5247 5250 5253 5256 5259 5262 5265 5268 5271 5274 5277 5280 5283 5286 5289 5292 5295 5298 5301 5304 5307 5310 5313 5316 5319 5322 5325 5328 5331 5334 5337 5340 5343 5346 5349 5352 5355 5358 5361 5364 5367 5370 5373 5376 5379 5382 5385 5388 5391 5394 5397 5400 5403 5406 5409 5412 5415 5418 5421 5424 5427 5430 5433 5436 5439 5442 5445 5448 5451 5454 5457 5460 5463 5466 5469 5472 5475 5478 5481 5484 5487 5490 5493 5496 5499 5502 5505 5508 5511 5514 5517 5520 5523 5526 5529 5532 5535 5538 5541 5544 5547 5550 5553 5556 5559 5562 5565 5568 5571 5574 5577 5580 5583 5586 5589 5592 5595 5598 5601 5604 5607 5610 5613 5616 5619 5622 5625 5628 5631 5634 5637 5640 5643 5646 5649 5652 5655 5658 5661 5664 5667 5670 5673 5676 5679 5682 5685 5688 5691 5694 5697 5700 5703 5706 5709 5712 5715 5718 5721 5724 5727 5730 5733 5736 5739 5742 5745 5748 5751 5754 5757 5760 5763 5766 5769 5772 5775 5778 5781 5784 5787 5790 5793 5796 5799 5802 5805 5808 5811 5814 5817 5820 5823 5826 5829 5832 5835 5838 5841 5844 5847 5850 5853 5856 5859 5862 5865 5868 5871 5874 5877 5880 5883 5886 5889 5892 5895 5898 5901 5904 5907 5910 5913 5916 5919 5922 5925 5928 5931 5934 5937 5940 5943 5946 5949 5952 5955 5958 5961 5964 5967 5970 5973 5976 5979 5982 5985 5988 5991 5994 5997 6000 6003 6006 6009 6012 6015 6018 6021 6024 6027 6030 6033 6036 6039 6042 6045 6048 6051 6054 6057 6060 6063 6066 6069 6072 6075 6078 6081 6084 6087 6090 6093 6096 6099 6102 6105 6108 6111 6114 6117 6120 6123 6126 6129 6132 6135 6138 6141 6144 6147 6150 6153 6156 6159 6162 6165 6168 6171 6174 6177 6180 6183 6186 6189 6192 6195 6198 6201 6204 6207 6210 6213 6216 6219 6222 6225 6228 6231 6234 6237 6240 6243 6246 6249 6252 6255 6258 6261 6264 6267 6270 6273 6276 6279 6282 6285 6288 6291 6294 6297 6300 6303 6306 6309 6312 6315 6318 6321 6324 6327 6330 6333 6336 6339 6342 6345 6348 6351 6354 6357 6360 6363 6366 6369 6372 6375 6378 6381 6384 6387 6390 6393 6396 6399 6402 6405 6408 6411 6414 6417 6420 6423 6426 6429 6432 6435 6438 6441 6444 6447 6450 6453 6456 6459 6462 6465 6468 6471 6474 6477 6480 6483 6486 6489 6492 6495 6498 6501 6504 6507 6510 6513 6516 6519 6522 6525 6528 6531 6534 6537 6540 6543 6546 6549 6552 6555 6558 6561 6564 6567 6570 6573 6576 6579 6582 6585 6588 6591 6594 6597 6600 6603 6606 6609 6612 6615 6618 6621 6624 6627 6630 6633 6636 6639 6642 6645 6648 6651 6654 6657 6660 6663 6666 6669 6672 6675 6678 6681 6684 6687 6690 6693 6696 6699 6702 6705 6708 6711 6714 6717 6720 6723 6726 6729 6732 6735 6738 6741 6744 6747 6750 6753 6756 6759 6762 6765 6768 6771 6774 6777 6780 6783 6786 6789 6792 6795 6798 6801 6804 6807 6810 6813 6816 6819 6822 6825 6828 6831 6834 6837 6840 6843 6846 6849 6852 6855 6858 6861 6864 6867 6870 6873 6876 6879 6882 6885 6888 6891 6894 6897 6900 6903 6906 6909 6912 6915 6918 6921 6924 6927 6930 6933 6936 6939 6942 6945 6948 6951 6954 6957 6960 6963 6966 6969 6972 6975 6978 6981 6984 6987 6990 6993 6996 6999 7002 7005 7008 7011 7014 7017 7020 7023 7026 7029 7032 7035 7038 7041 7044 7047 7050 7053 7056 7059 7062 7065 7068 7071 7074 7077 7080 7083 7086 7089 7092 7095 7098 7101 7104 7107 7110 7113 7116 7119 7122 7125 7128 7131 7134 7137 7140 7143 7146 7149 7152 7155 7158 7161 7164 7167 7170 7173 7176 7179 7182 7185 7188 7191 7194 7197 7200 7203 7206 7209 7212 7215 7218 7221 7224 7227 7230 7233 7236 7239 7242 7245 7248 7251 7254 7257 7260 7263 7266 7269 7272 7275 7278 7281 7284 7287 7290 7293 7296 7299 7302 7305 7308 7311 7314 7317 7320 7323 7326 7329 7332 7335 7338 7341 7344 7347 7350 7353 7356 7359 7362 7365 7368 7371 7374 7377 7380 7383 7386 7389 7392 7395 7398 7401 7404 7407 7410 7413 7416 7419 7422 7425 7428 7431 7434 7437 7440 7443 7446 7449 7452 7455 7458 7461 7464 7467 7470 7473 7476 7479 7482 7485 7488 7491 7494 7497 7500 7503 7506 7509 7512 7515 7518 7521 7524 7527 7530 7533 7536 7539 7542 7545 7548 7551 7554 7557 7560 7563 7566 7569 7572 7575 7578 7581 7584 7587 7590 7593 7596 7599 7602 7605 7608 7611 7614 7617 7620 7623 7626 7629 7632 7635 7638 7641 7644 7647 7650 7653 7656 7659 7662 7665 7668 7671 7674 7677 7680 7683 7686 7689 7692 7695 7698 7701 7704 7707 7710 7713 7716 7719 7722 7725 7728 7731 7734 7737 7740 7743 7746 7749 7752 7755 7758 7761 7764 7767 7770 7773 7776 7779 7782 7785 7788 7791 7794 7797 7800 7803 7806 7809 7812 7815 7818 7821 7824 7827 7830 7833 7836 7839 7842 7845 7848 7851 7854 7857 7860 7863 7866 7869 7872 7875 7878 7881 7884 7887 7890 7893 7896 7899 7902 7905 7908 7911 7914 7917 7920 7923 7926 7929 7932 7935 7938 7941 7944 7947 7950 7953 7956 7959 7962 7965 7968 7971 7974 7977 7980 7983 7986 7989 7992 7995 7998 8001 8004 8007 8010 8013 8016 8019 8022 8025 8028 8031 8034 8037 8040 8043 8046 8049 8052 8055 8058 8061 8064 8067 8070 8073 8076 8079 8082 8085 8088 8091 8094 8097 8100 8103 8106 8109 8112 8115 8118 8121 8124 8127 8130 8133 8136 8139 8142 8145 8148 8151 8154 8157 8160 8163 8166 8169 8172 8175 8178 8181 8184 8187 8190 8193 8196 8199 8202 8205 8208 8211 8214 8217 8220 8223 8226 8229 8232 8235 8238 8241 8244 8247 8250 8253 8256 8259 8262 8265 8268 8271 8274 8277 8280 8283 8286 8289 8292 8295 8298 8301 8304 8307 8310 8313 8316 8319 8322 8325 8328 8331 8334 8337 8340 8343 8346 8349 8352 8355 8358 8361 8364 8367 8370 8373 8376 8379 8382 8385 8388 8391 8394 8397 8400 8403 8406 8409 8412 8415 8418 8421 8424 8427 8430 8433 8436 8439 8442 8445 8448 8451 8454 8457 8460 8463 8466 8469 8472 8475 8478 8481 8484 8487 8490 8493 8496 8499 8502 8505 8508 8511 8514 8517 8520 8523 8526 8529 8532 8535 8538 8541 8544 8547 8550 8553 8556 8559 8562 8565 8568 8571 8574 8577 8580 8583 8586 8589 8592 8595 8598 8601 8604 8607 8610 8613 8616 8619 8622 8625 8628 8631 8634 8637 8640 8643 8646 8649 8652 8655 8658 8661 8664 8667 8670 8673 8676 8679 8682 8685 8688 8691 8694 8697 8700 8703 8706 8709 8712 8715 8718 8721 8724 8727 8730 8733 8736 8739 8742 8745 8748 8751 8754 8757 8760 8763 8766 8769 8772 8775 8778 8781 8784 8787 8790 8793 8796 8799 8802 8805 8808 8811 8814 8817 8820 8823 8826 8829 8832 8835 8838 8841 8844 8847 8850 8853 8856 8859 8862 8865 8868 8871 8874 8877 8880 8883 8886 8889 8892 8895 8898 8901 8904 8907 8910 8913 8916 8919 8922 8925 8928 8931 8934 8937 8940 8943 8946 8949 8952 8955 8958 8961 8964 8967 8970 8973 8976 8979 8982 8985 8988 8991 8994 8997 9000 9003 9006 9009 9012 9015 9018 9021 9024 9027 9030 9033 9036 9039 9042 9045 9048 9051 9054 9057 9060 9063 9066 9069 9072 9075 9078 9081 9084 9087 9090 9093 9096 9099 9102 9105 9108 9111 9114 9117 9120 9123 9126 9129 9132 9135 9138 9141 9144 9147 9150 9153 9156 9159 9162 9165 9168 9171 9174 9177 9180 9183 9186 9189 9192 9195 9198 9201 9204 9207 9210 9213 9216 9219 9222 9225 9228 9231 9234 9237 9240 9243 9246 9249 9252 9255 9258 9261 9264 9267 9270 9273 9276 9279 9282 9285 9288 9291 9294 9297 9300 9303 9306 9309 9312 9315 9318 9321 9324 9327 9330 9333 9336 9339 9342 9345 9348 9351 9354 9357 9360 9363 9366 9369 9372 9375 9378 9381 9384 9387 9390 9393 9396 9399 9402 9405 9408 9411 9414 9417 9420 9423 9426 9429 9432 9435 9438 9441 9444 9447 9450 9453 9456 9459 9462 9465 9468 9471 9474 9477 9480 9483 9486 9489 9492 9495 9498 9501 9504 9507 9510 9513 9516 9519 9522 9525 9528 9531 9534 9537 9540 9543 9546 9549 9552 9555 9558 9561 9564 9567 9570 9573 9576 9579 9582 9585 9588 9591 9594 9597 9600 9603 9606 9609 9612 9615 9618 9621 9624 9627 9630 9633 9636 9639 9642 9645 9648 9651 9654 9657 9660 9663 9666 9669 9672 9675 9678 9681 9684 9687 9690 9693 9696 9699 9702 9705 9708 9711 9714 9717 9720 9723 9726 9729 9732 9735 9738 9741 9744 9747 9750 9753 9756 9759 9762 9765 9768 9771 9774 9777 9780 9783 9786 9789 9792 9795 9798 9801 9804 9807 9810 9813 9816 9819 9822 9825 9828 9831 9834 9837 9840 9843 9846 9849 9852 9855 9858 9861 9864 9867 9870 9873 9876 9879 9882 9885 9888 9891 9894 9897 9900 9903 9906 9909 9912 9915 9918 9921 9924 9927 9930 9933 9936 9939 9942 9945 9948 9951 9954 9957 9960 9963 9966 9969 9972 9975 9978 9981 9984 9987 9990 9993 9996 9999 10002 10005 10008 10011 10014 10017 10020 10023 10026 10029 10032 10035 10038 10041 10044 10047 10050 10053 10056 10059 10062 10065 10068 10071 10074 10077 10080 10083 10086 10089 10092 10095 10098 10101 10104 10107 10110 10113 10116 10119 10122 10125 10128 10131 10134 10137 10140 10143 10146 10149 10152 10155 10158 10161 10164 10167 10170 10173 10176 10179 10182 10185 10188 10191 10194 10197 10200 10203 10206 10209 10212 10215 10218 10221 10224 10227 10230 10233 10236 10239 10242 10245 10248 10251 10254 10257 10260 10263 10266 10269 10272 10275 10278 10281 10284 10287 10290 10293 10296 10299 10302 10305 10308 10311 10314 10317 10320 10323 10326 10329 10332 10335 10338 10341 10344 10347 10350 10353 10356 10359 10362 10365 10368 10371 10374 10377 10380 10383 10386 10389 10392 10395 10398 10401 10404 10407 10410 10413 10416 10419 10422 10425 10428 10431 10434 10437 10440 10443 10446 10449 10452 10455 10458 10461 10464 10467 10470 10473 10476 10479 10482 10485 10488 10491 10494 10497 10500 10503 10506 10509 10512 10515 10518 10521 10524 10527 10530 10533 10536 10539 10542 10545 10548 10551 10554 10557 10560 10563 10566 10569 10572 10575 10578 10581 10584 10587 10590 10593 10596 10599 10602 10605 10608 10611 10614 10617 10620 10623 10626 10629 10632 10635 10638 10641 10644 10647 10650 10653 10656 10659 10662 10665 10668 10671 10674 10677 10680 10683 10686 10689 10692 10695 10698 10701 10704 10707 10710 10713 10716 10719 10722 10725 10728 10731 10734 10737 10740 10743 10746 10749 10752 10755 10758 10761 10764 10767 10770 10773 10776 10779 10782 10785 10788 10791 10794 10797 10800 10803 10806 10809 10812 10815 10818 10821 10824 10827 10830 10833 10836 10839 10842 10845 10848 10851 10854 10857 10860 10863 10866 10869 10872 10875 10878 10881 10884 10887 10890 10893 10896 10899 10902 10905 10908 10911 10914 10917 10920 10923 10926 10929 10932 10935 10938 10941 10944 10947 10950 10953 10956 10959 10962 10965 10968 10971 10974 10977 10980 10983 10986 10989 10992 10995 10998 11001 11004 11007 11010 11013 11016 11019 11022 11025 11028 11031 11034 11037 11040 11043 11046 11049 11052 11055 11058 11061 11064 11067 11070 11073 11076 11079 11082 11085 11088 11091 11094 11097 11100 11103 11106 11109 11112 11115 11118 11121 11124 11127 11130 11133 11136 11139 11142 11145 11148 11151 11154 11157 11160 11163 11166 11169 11172 11175 11178 11181 11184 11187 11190 11193 11196 11199 11202 11205 11208 11211 11214 11217 11220 11223 11226 11229 11232 11235 11238 11241 11244 11247 11250 11253 11256 11259 11262 11265 11268 11271 11274 11277 11280 11283 11286 11289 11292 11295 11298 11301 11304 11307 11310 11313 11316 11319 11322 11325 11328 11331 11334 11337 11340 11343 11346 11349 11352 11355 11358 11361 11364 11367 11370 11373 11376 11379 11382 11385 11388 11391 11394 11397 11400 11403 11406 11409 11412 11415 11418 11421 11424 11427 11430 11433 11436 11439 11442 11445 11448 11451 11454 11457 11460 11463 11466 11469 11472 11475 11478 11481 11484 11487 11490 11493 11496 11499 11502 11505 11508 11511 11514 11517 11520 11523 11526 11529 11532 11535 11538 11541 11544 11547 11550 11553 11556 11559 11562 11565 11568 11571 11574 11577 11580 11583 11586 11589 11592 11595 11598 11601 11604 11607 11610 11613 11616 11619 11622 11625 11628 11631 11634 11637 11640 11643 11646 11649 11652 11655 11658 11661 11664 11667 11670 11673 11676 11679 11682 11685 11688 11691 11694 11697 11700 11703 11706 11709 11712 11715 11718 11721 11724 11727 11730 11733 11736 11739 11742 11745 11748 11751 11754 11757 11760 11763 11766 11769 11772 11775 11778 11781 11784 11787 11790 11793 11796 11799 11802 11805 11808 11811 11814 11817 11820 11823 11826 11829 11832 11835 11838 11841 11844 11847 11850 11853 11856 11859 11862 11865 11868 11871 11874 11877 11880 11883 11886 11889 11892 11895 11898 11901 11904 11907 11910 11913 11916 11919 11922 11925 11928 11931 11934 11937 11940 11943 11946 11949 11952 11955 11958 11961 11964 11967 11970 11973 11976 11979 11982 11985 11988 11991 11994 11997 12000 12003 12006 12009 12012 12015 12018 12021 12024 12027 12030 12033 12036 12039 12042 12045 12048 12051 12054 12057 12060 12063 12066 12069 12072 12075 12078 12081 12084 12087 12090 12093 12096 12099 12102 12105 12108 12111 12114 12117 12120 12123 12126 12129 12132 12135 12138 12141 12144 12147 12150 12153 12156 12159 12162 12165 12168 12171 12174 12177 12180 12183 12186 12189 12192 12195 12198 12201 12204 12207 12210 12213 12216 12219 12222 12225 12228 12231 12234 12237 12240 12243 12246 12249 12252 12255 12258 12261 12264 12267 12270 12273 12276 12279 12282 12285 12288 12291 12294 12297 12300 </DataArray>
        <DataArray type="Int8" Name="types" format="ascii">69 69 69 69 69 69 69 69 69 69 69 69 69 69 69 69 69 69 69 69 69 69 69 69 69 69 69 69 69 69 69 69 69 69 69 69 69 69 69 69 69 69 69 69 69 69 69 69 69 69 69 69 69 69 69 69 69 69 69 69 69 69 69 69 69 69 69 69 69 69 69 69 69 69 69 69 69 69 69 69 69 69 69 69 69 69 69 69 69 69 69 69 69 69 69 69 69 69 69 69 69 69 69 69 69 69 69 69 69 69 69 69 69 69 69 69 69 69 69 69 69 69 69 69 69 69 69 69 69 69 69 69 69 69 69 69 69 69 69 69 69 69 69 69 69 69 69 69 69 69 69 69 69 69 69 69 69 69 69 69 69 69 69 69 69 69 69 69 69 69 69 69 69 69 69 69 69 69 69 69 69 69 69 69 69 69 69 69 69 69 69 69 69 69 69 69 69 69 69 69 69 69 69 69 69 69 69 69 69 69 69 69 69 69 69 69 69 69 69 69 69 69 69 69 69 69 69 69 69 69 69 69 69 69 69 69 69 69 69 69 69 69 69 69 69 69 69 69 69 69 69 69 69 69 69 69 69 69 69 69 69 69 69 69 69 69 69 69 69 69 69 69 69 69 69 69 69 69 69 69 69 69 69 69 69 69 69 69 69 69 69 69 69 69 69 69 69 69 69 69 69 69 69 69 69 69 69 69 69 69 69 69 69 69 69 69 69 69 69 69 69 69 69 69 69 69 69 69 69 69 69 69 69 69 69 69 69 69 69 69 69 69 69 69 69 69 69 69 69 69 69 69 69 69 69 69 69 69 69 69 69 69 69 69 69 69 69 69 69 69 69 69 69 69 69 69 69 69 69 69 69 69 69 69 69 69 69 69 69 69 69 69 69 69 69 69 69 69 69 69 69 69 69 69 69 69 69 69 69 69 69 69 69 69 69 69 69 69 69 69 69 69 69 69 69 69 69 69 69 69 69 69 69 69 69 69 69 69 69 69 69 69 69 69 69 69 69 69 69 69 69 69 69 69 69 69 69 69 69 69 69 69 69 69 69 69 69 69 69 69 69 69 69 69 69 69 69 69 69 69 69 69 69 69 69 69 69 69 69 69 69 69 69 69 69 69 69 69 69 69 69 69 69 69 69 69 69 69 69 69 69 69 69 69 69 69 69 69 69 69 69 69 69 69 69 69 69 69 69 69 69 69 69 69 69 69 69 69 69 69 69 69 69 69 69 69 69 69 69 69 69 69 69 69 69 69 69 69 69 69 69 69 69 69 69 69 69 69 69 69 69 69 69 69 69 69 69 69 69 69 69 69 69 69 69 69 69 69 69 69 69 69 69 69 69 69 69 69 69 69 69 69 69 69 69 69 69 69 69 69 69 69 69 69 69 69 69 69 69 69 69 69 69 69 69 69 69 69 69 69 69 69 69 69 69 69 69 69 69 69 69 69 69 69 69 69 69 69 69 69 69 69 69 69 69 69 69 69 69 69 69 69 69 69 69 69 69 69 69 69 69 69 69 69 69 69 69 69 69 69 69 69 69 69 69 69 69 69 69 69 69 69 69 69 69 69 69 69 69 69 69 69 69 69 69 69 69 69 69 69 69 69 69 69 69 69 69 69 69 69 69 69 69 69 69 69 69 69 69 69 69 69 69 69 69 69 69 69 69 69 69 69 69 69 69 69 69 69 69 69 69 69 69 69 69 69 69 69 69 69 69 69 69 69 69 69 69 69 69 69 69 69 69 69 69 69 69 69 69 69 69 69 69 69 69 69 69 69 69 69 69 69 69 69 69 69 69 69 69 69 69 69 69 69 69 69 69 69 69 69 69 69 69 69 69 69 69 69 69 69 69 69 69 69 69 69 69 69 69 69 69 69 69 69 69 69 69 69 69 69 69 69 69 69 69 69 69 69 69 69 69 69 69 69 69 69 69 69 69 69 69 69 69 69 69 69 69 69 69 69 69 69 69 69 69 69 69 69 69 69 69 69 69 69 69 69 69 69 69 69 69 69 69 69 69 69 69 69 69 69 69 69 69 69 69 69 69 69 69 69 69 69 69 69 69 69 69 69 69 69 69 69 69 69 69 69 69 69 69 69 69 69 69 69 69 69 69 69 69 69 69 69 69 69 69 69 69 69 69 69 69 69 69 69 69 69 69 69 69 69 69 69 69 69 69 69 69 69 69 69 69 69 69 69 69 69 69 69 69 69 69 69 69 69 69 69 69 69 69 69 69 69 69 69 69 69 69 69 69 69 69 69 69 69 69 69 69 69 69 69 69 69 69 69 69 69 69 69 69 69 69 69 69 69 69 69 69 69 69 69 69 69 69 69 69 69 69 69 69 69 69 69 69 69 69 69 69 69 69 69 69 69 69 69 69 69 69 69 69 69 69 69 69 69 69 69 69 69 69 69 69 69 69 69 69 69 69 69 69 69 69 69 69 69 69 69 69 69 69 69 69 69 69 69 69 69 69 69 69 69 69 69 69 69 69 69 69 69 69 69 69 69 69 69 69 69 69 69 69 69 69 69 69 69 69 69 69 69 69 69 69 69 69 69 69 69 69 69 69 69 69 69 69 69 69 69 69 69 69 69 69 69 69 69 69 69 69 69 69 69 69 69 69 69 69 69 69 69 69 69 69 69 69 69 69 69 69 69 69 69 69 69 69 69 69 69 69 69 69 69 69 69 69 69 69 69 69 69 69 69 69 69 69 69 69 69 69 69 69 69 69 69 69 69 69 69 69 69 69 69 69 69 69 69 69 69 69 69 69 69 69 69 69 69 69 69 69 69 69 69 69 69 69 69 69 69 69 69 69 69 69 69 69 69 69 69 69 69 69 69 69 69 69 69 69 69 69 69 69 69 69 69 69 69 69 69 69 69 69 69 69 69 69 69 69 69 69 69 69 69 69 69 69 69 69 69 69 69 69 69 69 69 69 69 69 69 69 69 69 69 69 69 69 69 69 69 69 69 69 69 69 69 69 69 69 69 69 69 69 69 69 69 69 69 69 69 69 69 69 69 69 69 69 69 69 69 69 69 69 69 69 69 69 69 69 69 69 69 69 69 69 69 69 69 69 69 69 69 69 69 69 69 69 69 69 69 69 69 69 69 69 69 69 69 69 69 69 69 69 69 69 69 69 69 69 69 69 69 69 69 69 69 69 69 69 69 69 69 69 69 69 69 69 69 69 69 69 69 69 69 69 69 69 69 69 69 69 69 69 69 69 69 69 69 69 69 69 69 69 69 69 69 69 69 69 69 69 69 69 69 69 69 69 69 69 69 69 69 69 69 69 69 69 69 69 69 69 69 69 69 69 69 69 69 69 69 69 69 69 69 69 69 69 69 69 69 69 69 69 69 69 69 69 69 69 69 69 69 69 69 69 69 69 69 69 69 69 69 69 69 69 69 69 69 69 69 69 69 69 69 69 69 69 69 69 69 69 69 69 69 69 69 69 69 69 69 69 69 69 69 69 69 69 69 69 69 69 69 69 69 69 69 69 69 69 69 69 69 69 69 69 69 69 69 69 69 69 69 69 69 69 69 69 69 69 69 69 69 69 69 69 69 69 69 69 69 69 69 69 69 69 69 69 69 69 69 69 69 69 69 69 69 69 69 69 69 69 69 69 69 69 69 69 69 69 69 69 69 69 69 69 69 69 69 69 69 69 69 69 69 69 69 69 69 69 69 69 69 69 69 69 69 69 69 69 69 69 69 69 69 69 69 69 69 69 69 69 69 69 69 69 69 69 69 69 69 69 69 69 69 69 69 69 69 69 69 69 69 69 69 69 69 69 69 69 69 69 69 69 69 69 69 69 69 69 69 69 69 69 69 69 69 69 69 69 69 69 69 69 69 69 69 69 69 69 69 69 69 69 69 69 69 69 69 69 69 69 69 69 69 69 69 69 69 69 69 69 69 69 69 69 69 69 69 69 69 69 69 69 69 69 69 69 69 69 69 69 69 69 69 69 69 69 69 69 69 69 69 69 69 69 69 69 69 69 69 69 69 69 69 69 69 69 69 69 69 69 69 69 69 69 69 69 69 69 69 69 69 69 69 69 69 69 69 69 69 69 69 69 69 69 69 69 69 69 69 69 69 69 69 69 69 69 69 69 69 69 69 69 69 69 69 69 69 69 69 69 69 69 69 69 69 69 69 69 69 69 69 69 69 69 69 69 69 69 69 69 69 69 69 69 69 69 69 69 69 69 69 69 69 69 69 69 69 69 69 69 69 69 69 69 69 69 69 69 69 69 69 69 69 69 69 69 69 69 69 69 69 69 69 69 69 69 69 69 69 69 69 69 69 69 69 69 69 69 69 69 69 69 69 69 69 69 69 69 69 69 69 69 69 69 69 69 69 69 69 69 69 69 69 69 69 69 69 69 69 69 69 69 69 69 69 69 69 69 69 69 69 69 69 69 69 69 69 69 69 69 69 69 69 69 69 69 69 69 69 69 69 69 69 69 69 69 69 69 69 69 69 69 69 69 69 69 69 69 69 69 69 69 69 69 69 69 69 69 69 69 69 69 69 69 69 69 69 69 69 69 69 69 69 69 69 69 69 69 69 69 69 69 69 69 69 69 69 69 69 69 69 69 69 69 69 69 69 69 69 69 69 69 69 69 69 69 69 69 69 69 69 69 69 69 69 69 69 69 69 69 69 69 69 69 69 69 69 69 69 69 69 69 69 69 69 69 69 69 69 69 69 69 69 69 69 69 69 69 69 69 69 69 69 69 69 69 69 69 69 69 69 69 69 69 69 69 69 69 69 69 69 69 69 69 69 69 69 69 69 69 69 69 69 69 69 69 69 69 69 69 69 69 69 69 69 69 69 69 69 69 69 69 69 69 69 69 69 69 69 69 69 69 69 69 69 69 69 69 69 69 69 69 69 69 69 69 69 69 69 69 69 69 69 69 69 69 69 69 69 69 69 69 69 69 69 69 69 69 69 69 69 69 69 69 69 69 69 69 69 69 69 69 69 69 69 69 69 69 69 69 69 69 69 69 69 69 69 69 69 69 69 69 69 69 69 69 69 69 69 69 69 69 69 69 69 69 69 69 69 69 69 69 69 69 69 69 69 69 69 69 69 69 69 69 69 69 69 69 69 69 69 69 69 69 69 69 69 69 69 69 69 69 69 69 69 69 69 69 69 69 69 69 69 69 69 69 69 69 69 69 69 69 69 69 69 69 69 69 69 69 69 69 69 69 69 69 69 69 69 69 69 69 69 69 69 69 69 69 69 69 69 69 69 69 69 69 69 69 69 69 69 69 69 69 69 69 69 69 69 69 69 69 69 69 69 69 69 69 69 69 69 69 69 69 69 69 69 69 69 69 69 69 69 69 69 69 69 69 69 69 69 69 69 69 69 69 69 69 69 69 69 69 69 69 69 69 69 69 69 69 69 69 69 69 69 69 69 69 69 69 69 69 69 69 69 69 69 69 69 69 69 69 69 69 69 69 69 69 69 69 69 69 69 69 69 69 69 69 69 69 69 69 69 69 69 69 69 69 69 69 69 69 69 69 69 69 69 69 69 69 69 69 69 69 69 69 69 69 69 69 69 69 69 69 69 69 69 69 69 69 69 69 69 69 69 69 69 69 69 69 69 69 69 69 69 69 69 69 69 69 69 69 69 69 69 69 69 69 69 69 69 69 69 69 69 69 69 69 69 69 69 69 69 69 69 69 69 69 69 69 69 69 69 69 69 69 69 69 69 69 69 69 69 69 69 69 69 69 69 69 69 69 69 69 69 69 69 69 69 69 69 69 69 69 69 69 69 69 69 69 69 69 69 69 69 69 69 69 69 69 69 69 69 69 69 69 69 69 69 69 69 69 69 69 69 69 69 69 69 69 69 69 69 69 69 69 69 69 69 69 69 69 69 69 69 69 69 69 69 69 69 69 69 69 69 69 69 69 69 69 69 69 69 69 69 69 69 69 69 69 69 69 69 69 69 69 69 69 69 69 69 69 69 69 69 69 69 69 69 69 69 69 69 69 69 69 69 69 69 69 69 69 69 69 69 69 69 69 69 69 69 69 69 69 69 69 69 69 69 69 69 69 69 69 69 69 69 69 69 69 69 69 69 69 69 69 69 69 69 69 69 69 69 69 69 69 69 69 69 69 69 69 69 69 69 69 69 69 69 69 69 69 69 69 69 69 69 69 69 69 69 69 69 69 69 69 69 69 69 69 69 69 69 69 69 69 69 69 69 69 69 69 69 69 69 69 69 69 69 69 69 69 69 69 69 69 69 69 69 69 69 69 69 69 69 69 69 69 69 69 69 69 69 69 69 69 69 69 69 69 69 69 69 69 69 69 69 69 69 69 69 69 69 69 69 69 69 69 69 69 69 69 69 69 69 69 69 69 69 69 69 69 69 69 69 69 69 69 69 69 69 69 69 69 69 69 69 69 69 69 69 69 69 69 69 69 69 69 69 69 69 69 69 69 69 69 69 69 69 69 69 69 69 69 69 69 69 69 69 69 69 69 69 69 69 69 69 69 69 69 69 69 69 69 69 69 69 69 69 69 69 69 69 69 69 69 69 69 69 69 69 69 69 69 69 69 69 69 69 69 69 69 69 69 69 69 69 69 69 69 69 69 69 69 69 69 69 69 69 69 69 69 69 69 69 69 69 69 69 69 69 69 69 69 69 69 69 69 69 69 69 69 69 69 69 69 69 69 69 69 69 69 69 69 69 69 69 69 69 69 69 69 69 69 69 69 69 69 69 69 69 69 69 69 69 69 69 69 69 69 69 69 69 69 69 69 69 69 69 69 69 69 69 69 69 69 69 69 69 69 69 69 69 69 69 69 69 69 69 69 69 69 69 69 69 69 69 69 69 69 69 69 69 69 69 69 69 69 69 69 69 69 69 69 69 69 69 69 69 69 69 69 69 69 69 69 69 69 69 69 69 69 69 69 69 69 69 69 69 69 69 69 69 69 69 69 69 69 69 69 69 69 69 69 69 69 69 69 69 69 69 69 69 69 69 69 69 69 69 69 69 69 69 69 69 69 69 69 69 69 69 69 69 69 69 69 69 69 69 69 69 69 69 69 69 69 69 69 69 69 69 69 69 69 69 69 69 69 69 69 69 69 69 69 69 69 69 69 69 69 69 69 69 69 69 69 69 69 69 69 69 69 69 69 69 69 69 69 69 69 69 69 69 69 69 69 69 69 69 69 69 69 69 69 69 69 69 69 69 69 69 69 69 69 69 69 69 69 69 69 69 69 69 69 69 69 69 69 69 69 69 69 69 69 69 69 69 69 69 69 69 69 69 69 69 69 69 69 69 69 69 69 69 69 69 69 69 69 69 69 69 69 69 69 69 69 69 69 69 69 69 69 69 69 69 69 69 69 69 69 69 69 69 69 69 69 69 69 69 69 69 69 69 69 69 69 69 69 69 69 69 69 69 69 69 69 69 69 69 69 69 69 69 69 69 69 69 69 69 69 69 69 69 69 69 69 69 69 69 69 69 69 69 69 69 69 69 69 69 69 69 69 69 69 69 69 69 69 69 69 69 69 69 69 69 69 69 69 69 69 69 69 69 69 69 69 69 69 69 69 69 69 69 69 69 69 69 69 69 69 69 69 69 69 69 69 69 69 69 69 69 69 69 69 69 69 69 69 69 69 69 69 69 69 69 69 69 69 69 69 69 69 69 69 69 69 69 69 69 69 69 69 69 69 69 69 69 69 69 69 69 69 69 69 69 69 69 69 69 69 69 69 69 69 69 69 69 69 69 69 69 69 69 69 69 69 69 69 69 69 69 69 69 69 69 69 69 69 69 69 69 69 69 69 69 69 69 69 69 69 69 69 69 69 69 69 69 69 69 69 69 69 69 69 69 69 69 69 69 69 69 69 69 69 69 69 69 69 69 69 69 69 69 69 69 69 69 69 69 69 69 69 69 69 69 69 69 69 69 69 69 69 69 69 69 69 69 69 69 69 69 69 69 69 69 69 69 69 69 69 69 69 69 69 69 69 69 69 69 69 69 69 69 69 69 69 69 69 69 69 69 69 69 69 69 69 69 69 69 69 69 69 69 69 69 69 69 69 69 69 69 69 69 69 69 69 69 69 69 69 69 69 69 69 69 69 69 69 69 69 69 69 69 69 69 69 69 69 69 69 69 69 69 69 69 69 69 69 69 69 69 69 69 69 69 69 69 69 69 69 69 69 69 69 69 69 69 69 69 69 69 69 69 69 69 69 69 69 69 69 69 69 69 69 69 69 69 69 69 69 69 69 69 69 69 69 69 69 69 69 69 69 69 69 69 69 69 69 69 69 69 69 69 69 69 69 69 69 69 69 69 69 69 69 69 69 69 69 69 69 69 69 69 69 69 69 69 69 69 69 69 69 69 69 69 69 69 69 69 69 69 69 69 69 69 69 69 69 69 69 69 69 69 69 69 69 69 69 69 69 69 69 69 69 69 69 69 69 69 69 69 69 69 69 69 69 69 69 69 69 69 69 69 69 69 69 69 69 69 69 69 69 69 69 69 69 69 69 69 69 69 69 69 69 69 69 69 69 69 69 69 69 69 69 69 69 69 69 69 69 69 69 69 69 69 69 69 69 69 69 69 69 69 69 69 69 69 69 69 69 69 69 69 69 69 69 69 69 69 69 69 69 69 69 69 69 69 69 69 69 69 69 69 69 69 69 69 69 69 69 69 69 69 69 69 69 69 69 69 69 69 69 69 69 69 69 69 69 69 69 69 69 69 69 69 69 69 69 69 69 69 69 69 69 69 69 69 69 69 69 69 69 69 69 69 69 69 69 69 69 69 69 69 69 69 69 69 69 69 69 69 69 69 69 69 69 69 69 69 69 69 69 69 69 69 69 69 69 69 69 69 69 69 69 69 69 69 69 69 69 69 69 69 69 69 69 69 69 69 69 69 69 69 69 69 69 69 69 69 69 69 69 69 69 69 69 69 69 69 69 69 69 69 69 69 69 69 69 69 69 69 69 69 69 69 69 69 69 69 69 69 69 69 69 69 69 69 69 69 69 69 69 69 69 69 69 69 69 69 69 69 69 69 69 69 69 69 69 69 69 69 69 69 69 69 69 69 69 69 69 69 69 69 69 69 69 69 69 69 69 69 69 69 69 69 69 69 69 69 69 69 69 69 69 69 69 69 69 69 69 69 69 69 69 69 69 69 69 69 69 69 69 69 69 69 69 69 69 69 69 69 69 69 69 69 69 69 69 69 69 69 69 69 69 69 69 69 69 69 69 69 69 69 </DataArray>
      </Cells>
      <CellData>
        <DataArray type="UInt8" Name="vtkGhostType" format="ascii" RangeMin="0" RangeMax="1">0 0 0 0 0 0 0 0 0 0 0 0 0 0 0 0 0 0 0 0 0 0 0 0 0 0 0 0 0 0 0 0 0 0 0 0 0 0 0 0 0 0 0 0 0 0 0 0 0 0 0 0 0 0 0 0 0 0 0 0 0 0 0 0 0 0 0 0 0 0 0 0 0 0 0 0 0 0 0 0 0 0 0 0 0 0 0 0 0 0 0 0 0 0 0 0 0 0 0 0 0 0 0 0 0 0 0 0 0 0 0 0 0 0 0 0 0 0 0 0 0 0 0 0 0 0 0 0 0 0 0 0 0 0 0 0 0 0 0 0 0 0 0 0 0 0 0 0 0 0 0 0 0 0 0 0 0 0 0 0 0 0 0 0 0 0 0 0 0 0 0 0 0 0 0 0 0 0 0 0 0 0 0 0 0 0 0 0 0 0 0 0 0 0 0 0 0 0 0 0 0 0 0 0 0 0 0 0 0 0 0 0 0 0 0 0 0 0 0 0 0 0 0 0 0 0 0 0 0 0 0 0 0 0 0 0 0 0 0 0 0 0 0 0 0 0 0 0 0 0 0 0 0 0 0 0 0 0 0 0 0 0 0 0 0 0 0 0 0 0 0 0 0 0 0 0 0 0 0 0 0 0 0 0 0 0 0 0 0 0 0 0 0 0 0 0 0 0 0 0 0 0 0 0 0 0 0 0 0 0 0 0 0 0 0 0 0 0 0 0 0 0 0 0 0 0 0 0 0 0 0 0 0 0 0 0 0 0 0 0 0 0 0 0 0 0 0 0 0 0 0 0 0 0 0 0 0 0 0 0 0 0 0 0 0 0 0 0 0 0 0 0 0 0 0 0 0 0 0 0 0 0 0 0 0 0 0 0 0 0 0 0 0 0 0 0 0 0 0 0 0 0 0 0 0 0 0 0 0 0 0 0 0 0 0 0 0 0 0 0 0 0 0 0 0 0 0 0 0 0 0 0 0 0 0 0 0 0 0 0 0 0 0 0 0 0 0 0 0 0 0 0 0 0 0 0 0 0 0 0 0 0 0 0 0 0 0 0 0 0 0 0 0 0 0 0 0 0 0 0 0 0 0 0 0 0 0 0 0 0 0 0 0 0 0 0 0 0 0 0 0 0 0 0 0 0 0 0 0 0 0 0 0 0 0 0 0 0 0 0 0 0 0 0 0 0 0 0 0 0 0 0 0 0 0 0 0 0 0 0 0 0 0 0 0 0 0 0 0 0 0 0 0 0 0 0 0 0 0 0 0 0 0 0 0 0 0 0 0 0 0 0 0 0 0 0 0 0 0 0 0 0 0 0 0 0 0 0 0 0 0 0 0 0 0 0 0 0 0 0 0 0 0 0 0 0 0 0 0 0 0 0 0 0 0 0 0 0 0 0 0 0 0 0 0 0 0 0 0 0 0 0 0 0 0 0 0 0 0 0 0 0 0 0 0 0 0 0 0 0 0 0 0 0 0 0 0 0 0 0 0 0 0 0 0 0 0 0 0 0 0 0 0 0 0 0 0 0 0 0 0 0 0 0 0 0 0 0 0 0 0 0 0 0 0 0 0 0 0 0 0 0 0 0 0 0 0 0 0 0 0 0 0 0 0 0 0 0 0 0 0 0 0 0 0 0 0 0 0 0 0 0 0 0 0 0 0 0 0 0 0 0 0 0 0 0 0 0 0 0 0 0 0 0 0 0 0 0 0 0 0 0 0 0 0 0 0 0 0 0 0 0 0 0 0 0 0 0 0 0 0 0 0 0 0 0 0 0 0 0 0 0 0 0 0 0 0 0 0 0 0 0 0 0 0 0 0 0 0 0 0 0 0 0 0 0 0 0 0 0 0 0 0 0 0 0 0 0 0 0 0 0 0 0 0 0 0 0 0 0 0 0 0 0 0 0 0 0 0 0 0 0 0 0 0 0 0 0 0 0 0 0 0 0 0 0 0 0 0 0 0 0 0 0 0 0 0 0 0 0 0 0 0 0 0 0 0 0 0 0 0 0 0 0 0 0 0 0 0 0 0 0 0 0 0 0 0 0 0 0 0 0 0 0 0 0 0 0 0 0 0 0 0 0 0 0 0 0 0 0 0 0 0 0 0 0 0 0 0 0 0 0 0 0 0 0 0 0 0 0 0 0 0 0 0 0 0 0 0 0 0 0 0 0 0 0 0 0 0 0 0 0 0 0 0 0 0 0 0 0 0 0 0 0 0 0 0 0 0 0 0 0 0 0 0 0 0 0 0 0 0 0 0 0 0 0 0 0 0 0 0 0 0 0 0 0 0 0 0 0 0 0 0 0 0 0 0 0 0 0 0 0 0 0 0 0 0 0 0 0 0 0 0 0 0 0 0 0 0 0 0 0 0 0 0 0 0 0 0 0 0 0 0 0 0 0 0 0 0 0 0 0 0 0 0 0 0 0 0 0 0 0 0 0 0 0 0 0 0 0 0 0 0 0 0 0 0 0 0 0 0 0 0 0 0 0 0 0 0 0 0 0 0 0 0 0 0 0 0 0 0 0 0 0 0 0 0 0 0 0 0 0 0 0 0 0 0 0 0 0 0 0 0 0 0 0 0 0 0 0 0 0 0 0 0 0 0 0 0 0 0 0 0 0 0 0 0 0 0 0 0 0 0 0 0 0 0 0 0 0 0 0 0 0 0 0 0 0 0 0 0 0 0 0 0 0 0 0 0 0 0 0 0 0 0 0 0 0 0 0 0 0 0 0 0 0 0 0 0 0 0 0 0 0 0 0 0 0 0 0 0 0 0 0 0 0 0 0 0 0 0 0 0 0 0 0 0 0 0 0 0 0 0 0 0 0 0 0 0 0 0 0 0 0 0 0 0 0 0 0 0 0 0 0 0 0 0 0 0 0 0 0 0 0 0 0 0 0 0 0 0 0 0 0 0 0 0 0 0 0 0 0 0 0 0 0 0 0 0 0 0 0 0 0 0 0 0 0 0 0 0 0 0 0 0 0 0 0 0 0 0 0 0 0 0 0 0 0 0 0 0 0 0 0 0 0 0 0 0 0 0 0 0 0 0 0 0 0 0 0 0 0 0 0 0 0 0 0 0 0 0 0 0 0 0 0 0 0 0 0 0 0 0 0 0 0 0 0 0 0 0 0 0 0 0 0 0 0 0 0 0 0 0 0 0 0 0 0 0 0 0 0 0 0 0 0 0 0 0 0 0 0 0 0 0 0 0 0 0 0 0 0 0 0 0 0 0 0 0 0 0 0 0 0 0 0 0 0 0 0 0 0 0 0 0 0 0 0 0 0 0 0 0 0 0 0 0 0 0 0 0 0 0 0 0 0 0 0 0 0 0 0 0 0 0 0 0 0 0 0 0 0 0 0 0 0 0 0 0 0 0 0 0 0 0 0 0 0 0 0 0 0 0 0 0 0 0 0 0 0 0 0 0 0 0 0 0 0 0 0 0 0 0 0 0 0 0 0 0 0 0 0 0 0 0 0 0 0 0 0 0 0 0 0 0 0 0 0 0 0 0 0 0 0 0 0 0 0 0 0 0 0 0 0 0 0 0 0 0 0 0 0 0 0 0 0 0 0 0 0 0 0 0 0 0 0 0 0 0 0 0 0 0 0 0 0 0 0 0 0 0 0 0 0 0 0 0 0 0 0 0 0 0 0 0 0 0 0 0 0 0 0 0 0 0 0 0 0 0 0 0 0 0 0 0 0 0 0 0 0 0 0 0 0 0 0 0 0 0 0 0 0 0 0 0 0 0 0 0 0 0 0 0 0 0 0 0 0 0 0 0 0 0 0 0 0 0 0 0 0 0 0 0 0 0 0 0 0 0 0 0 0 0 0 0 0 0 0 0 0 0 0 0 0 0 0 0 0 0 0 0 0 0 0 0 0 0 0 0 0 0 0 0 0 0 0 0 0 0 0 0 0 0 0 0 0 0 0 0 0 0 0 0 0 0 0 0 0 0 0 0 0 0 0 0 0 0 0 0 0 0 0 0 0 0 0 0 0 0 0 0 0 0 0 0 0 0 0 0 0 0 0 0 0 0 0 0 0 0 0 0 0 0 0 0 0 0 0 0 0 0 0 0 0 0 0 0 0 0 0 0 0 0 0 0 0 0 0 0 0 0 0 0 0 0 0 0 0 0 0 0 0 0 0 0 0 0 0 0 0 0 0 0 0 0 0 0 0 0 0 0 0 0 0 0 0 0 0 0 0 0 0 0 0 0 0 0 0 0 0 0 0 0 0 0 0 0 0 0 0 0 0 0 0 0 0 0 0 0 0 0 0 0 0 0 0 0 0 0 0 0 0 0 0 0 0 0 0 0 0 0 0 0 0 0 0 0 0 0 0 0 0 0 0 0 0 0 0 0 0 0 0 0 0 0 0 0 0 0 0 0 0 0 0 0 0 0 0 0 0 0 0 0 0 0 0 0 0 0 0 0 0 0 0 0 0 0 0 0 0 0 0 0 0 0 0 0 0 0 0 0 0 0 0 0 0 0 0 0 0 0 0 0 0 0 0 0 0 0 0 0 0 0 0 0 0 0 0 0 0 0 0 0 0 0 0 0 0 0 0 0 0 0 0 0 0 0 0 0 0 0 0 0 0 0 0 0 0 0 0 0 0 0 0 0 0 0 0 0 0 0 0 0 0 0 0 0 0 0 0 0 0 0 0 0 0 0 0 0 0 0 0 0 0 0 0 0 0 0 0 0 0 0 0 0 0 0 0 0 0 0 0 0 0 0 0 0 0 0 0 0 0 0 0 0 0 0 0 0 0 0 0 0 0 0 0 0 0 0 0 0 0 0 0 0 0 0 0 0 0 0 0 0 0 0 0 0 0 0 0 0 0 0 0 0 0 0 0 0 0 0 0 0 0 0 0 0 0 0 0 0 0 0 0 0 0 0 0 0 0 0 0 0 0 0 0 0 0 0 0 0 0 0 0 0 0 0 0 0 0 0 0 0 0 0 0 0 0 0 0 0 0 0 0 0 0 0 0 0 0 0 0 0 0 0 0 0 0 0 0 0 0 0 0 0 0 0 0 0 0 0 0 0 0 0 0 0 0 0 0 0 0 0 0 0 0 0 0 0 0 0 0 0 0 0 0 0 0 0 0 0 0 0 0 0 0 0 0 0 0 0 0 0 0 0 0 0 0 0 0 0 0 0 0 0 0 0 0 0 0 0 0 0 0 0 0 0 0 0 0 0 0 0 0 0 0 0 0 0 0 0 0 0 0 0 0 0 0 0 0 0 0 0 0 0 0 0 0 0 0 0 0 0 0 0 0 0 0 0 0 0 0 0 0 0 0 0 0 0 0 0 0 0 0 0 0 0 0 0 0 0 0 0 0 0 0 0 0 0 0 0 0 0 0 0 0 0 0 0 0 0 0 0 0 0 0 0 0 0 0 0 0 0 0 0 0 0 0 0 0 0 0 0 0 0 0 0 0 0 0 0 0 0 0 0 0 0 0 0 0 0 0 0 0 0 0 0 0 0 0 0 0 0 0 0 0 0 0 0 0 0 0 0 0 0 0 0 0 0 0 0 0 0 0 0 0 0 0 0 0 0 0 0 0 0 0 0 0 0 0 0 0 0 0 0 0 0 0 0 0 0 0 0 0 0 0 0 0 0 0 0 0 0 0 0 0 0 0 0 0 0 0 0 0 0 0 0 0 0 0 0 0 0 0 0 0 0 0 0 0 0 0 0 0 0 0 0 0 0 0 0 0 0 0 0 0 0 0 0 0 0 0 0 0 0 0 0 0 0 0 0 0 0 0 0 0 0 0 0 0 0 0 0 0 0 0 0 0 0 0 0 0 0 0 0 0 0 0 0 0 0 0 0 0 0 0 0 0 0 0 0 0 0 0 0 0 0 0 0 0 0 0 0 0 0 0 0 0 0 0 0 0 0 0 0 0 0 0 0 0 0 0 0 0 0 0 0 0 0 0 0 0 0 0 0 0 0 0 0 0 0 0 0 0 0 0 0 0 0 0 0 0 0 0 0 0 0 0 0 0 0 0 0 0 0 0 0 0 0 0 0 0 0 0 0 0 0 0 0 0 0 0 0 0 0 0 0 0 0 0 0 0 0 0 0 0 0 0 0 0 0 0 0 0 0 0 0 0 0 0 0 0 0 0 0 0 0 0 0 0 0 0 0 0 0 0 0 0 0 0 0 0 0 0 0 0 0 0 0 0 0 0 0 0 0 0 0 0 0 0 0 0 0 0 0 0 0 0 0 0 0 0 0 0 0 0 0 0 0 0 0 0 0 0 0 0 0 0 0 0 0 0 0 0 0 0 0 0 0 0 0 0 0 0 0 0 0 0 0 0 0 0 0 0 0 0 0 0 0 0 0 0 0 0 0 0 0 0 0 0 0 0 0 0 0 0 0 0 0 0 0 0 0 0 0 0 0 0 0 0 0 0 0 0 0 0 0 0 0 0 0 0 0 0 0 0 0 0 0 0 0 0 0 0 0 0 0 0 0 0 0 0 0 0 0 0 0 0 0 0 0 0 0 0 0 0 0 0 0 0 0 0 0 0 0 0 0 0 0 0 0 0 0 0 0 0 0 0 0 0 0 0 0 0 0 0 0 0 0 0 0 0 0 0 0 0 0 0 0 0 0 0 0 0 0 0 0 0 0 0 0 0 0 0 0 0 0 0 0 0 0 0 0 0 0 0 0 0 0 0 0 0 0 0 0 0 0 0 0 0 0 0 0 0 0 0 0 0 0 0 0 0 0 0 0 0 0 0 0 0 0 0 0 0 0 0 0 0 0 0 0 0 0 0 0 0 0 0 0 0 0 0 0 0 0 0 0 0 0 0 0 0 0 0 0 0 0 0 0 0 0 0 0 0 0 0 0 0 0 0 0 0 0 0 0 0 0 0 0 0 0 0 0 0 0 0 0 0 0 0 0 0 0 0 0 0 0 0 0 0 0 0 0 0 0 0 0 0 0 0 0 0 0 0 0 0 0 0 0 0 0 0 0 0 0 0 0 0 0 0 0 0 0 0 0 0 0 0 0 0 0 0 0 0 0 0 0 0 0 0 0 0 0 0 0 0 0 0 0 0 0 0 0 0 0 0 0 0 0 0 0 0 0 0 0 0 0 0 0 0 0 0 0 0 0 0 0 0 0 0 0 0 0 0 0 0 0 0 0 0 0 0 0 0 0 0 0 0 0 0 0 0 0 0 0 0 0 0 0 0 0 0 0 0 0 0 0 0 0 0 0 0 0 0 0 0 0 0 0 0 0 0 0 0 0 0 0 0 0 0 0 0 0 0 0 0 0 0 0 0 0 0 0 0 0 0 0 0 0 0 0 0 0 0 0 0 0 0 0 0 0 0 0 0 0 0 0 0 0 0 0 0 0 0 0 0 0 0 0 0 0 0 0 0 0 0 0 0 0 0 0 0 0 0 0 0 0 0 0 0 0 0 0 0 0 0 0 0 0 0 0 0 0 0 0 0 0 0 0 0 0 0 0 0 0 0 0 0 0 0 0 0 0 0 0 0 0 0 0 0 0 0 0 0 0 0 0 0 0 0 0 0 0 0 0 0 0 0 0 0 0 0 0 0 0 0 0 0 0 0 0 0 0 0 0 0 0 0 0 0 0 0 0 0 0 0 0 0 0 0 0 0 0 0 0 0 0 0 0 0 0 0 0 0 0 0 0 0 0 0 0 0 0 0 0 0 0 0 0 0 0 0 0 0 0 0 0 0 0 0 0 0 0 0 0 0 0 0 0 0 0 0 0 0 0 0 0 0 0 0 0 0 0 0 0 0 0 0 0 0 0 0 0 0 0 0 0 0 0 0 0 0 0 0 0 0 0 0 0 0 0 0 0 0 0 0 0 0 0 0 0 0 0 0 0 0 0 0 0 0 0 0 0 0 0 0 0 0 0 0 0 0 0 0 0 0 0 0 0 0 0 0 0 0 0 0 0 0 0 0 0 0 0 0 0 0 0 0 0 0 0 0 0 0 0 0 0 0 0 0 0 0 0 0 0 0 0 0 0 0 0 0 0 0 0 0 0 0 0 0 0 0 0 0 0 0 0 0 0 0 0 0 0 0 0 0 0 0 0 0 0 0 0 0 0 0 0 0 0 0 0 0 0 0 0 0 0 0 0 0 0 0 0 0 0 0 0 0 0 0 0 0 0 0 0 0 0 0 0 0 0 0 0 0 0 0 0 0 0 0 0 0 0 0 0 0 0 0 0 0 0 0 0 0 0 0 0 0 0 0 0 0 0 0 0 0 0 0 0 0 0 0 0 0 0 0 0 0 0 0 0 0 0 0 0 0 0 0 0 0 0 0 0 0 0 0 0 0 0 0 0 0 0 0 0 0 0 0 0 0 0 0 0 0 0 0 0 0 0 0 0 0 0 0 0 0 0 0 0 0 0 0 0 0 0 0 0 0 0 0 0 0 0 0 0 0 0 0 0 0 0 0 0 0 0 0 0 0 0 0 0 0 0 0 0 0 0 0 0 0 0 0 0 0 0 0 0 0 0 0 0 0 0 0 0 0 0 0 0 0 0 0 0 0 0 0 0 0 0 0 0 0 0 0 0 0 0 0 0 0 0 0 0 0 0 0 0 0 0 0 0 0 0 0 0 0 0 0 0 0 0 0 0 0 0 0 0 0 0 0 0 0 0 0 0 0 0 0 0 0 0 0 0 0 0 0 0 0 0 0 0 0 0 0 0 0 0 0 0 0 0 0 0 0 0 0 0 0 0 0 0 0 0 0 0 0 0 0 0 0 0 0 0 0 0 0 0 0 0 0 0 0 0 0 0 0 0 0 0 0 0 0 0 0 0 0 0 0 0 0 0 0 0 0 0 0 0 0 0 0 0 0 0 0 0 0 0 0 0 0 0 0 0 0 0 0 0 0 0 0 0 0 0 0 0 0 0 0 0 0 0 0 0 0 0 0 0 0 0 0 0 0 0 0 0 0 0 0 0 0 0 0 0 0 0 0 0 0 0 0 0 0 0 0 0 0 0 0 0 0 0 0 0 0 0 0 0 0 0 0 0 0 0 0 0 0 0 0 1 1 1 1 1 1 1 1 1 1 1 1 1 1 1 1 1 1 1 1 1 1 1 1 1 1 1 1 1 1 1 1 1 1 1 1 1 1 1 1 1 1 1 1 1 1 1 1 1 1 1 1 1 1 1 1 1 1 1 1 1 1 1 1 1 1 1 1 1 1 1 1 1 1 1 1 1 1 1 1 1 1 </DataArray>
        <DataArray type="Int64" IdType="1" Name="vtkOriginalCellIds" format="ascii" RangeMin="3560" RangeMax="15999">4015 4016 4017 4018 4019 4020 4021 4022 4023 4024 4025 4026 4027 4028 4029 4030 4031 4032 4033 4034 4035 4036 4037 4038 4039 4040 4041 4042 4043 4044 4045 4046 4047 4048 4049 4050 4051 4052 4053 4054 4055 4056 4057 4058 4059 4060 4061 4062 4063 4064 4065 4066 4067 4068 4069 4070 4071 4072 4073 4074 4075 4076 4077 4078 4079 4080 4081 4082 4083 4084 4085 4086 4087 4088 4089 4090 4091 4092 4093 4094 4095 4096 4097 4098 4099 4100 4101 4102 4103 4104 4105 4106 4107 4108 4109 4110 4111 4112 4113 4114 4115 4116 4117 4118 4119 4120 4121 4122 4123 4124 4125 4126 4127 4128 4129 4130 4131 4132 4133 4134 4135 4136 4137 4138 4139 4140 4141 4142 4143 4144 4145 4146 4147 4148 4149 4150 4151 4152 4153 4154 4155 4156 4157 4158 4159 4160 4161 4162 4163 4164 4165 4166 4167 4168 4169 4170 4171 4172 4173 4174 4175 4176 4177 4178 4179 4180 4181 4182 4183 4184 4185 4186 4187 4188 4189 4190 4191 4192 4193 4194 4195 4196 4197 4198 4199 4200 4201 4202 4203 4204 4205 4206 4207 4208 4209 4210 4211 4212 4213 4214 4215 4216 4217 4218 4219 4220 4221 4222 4223 4224 4225 4226 4227 4228 4229 4230 4231 4232 4233 4234 4235 4236 4237 4238 4239 4240 4241 4242 4243 4244 4245 4246 4247 4248 4249 4250 4251 4252 4253 4254 4255 4256 4257 4258 4259 4260 4261 4262 4263 4264 4265 4266 4267 4268 4269 4270 4271 4272 4273 4274 4275 4276 4277 4278 4279 4280 4281 4282 4283 4284 4285 4286 4287 4288 4289 4290 4291 4292 4293 4294 4295 4296 4297 4298 4299 4300 4301 4302 4303 4304 4305 4306 4307 4308 4309 4310 4311 4312 4313 4314 4315 4316 4317 4318 4319 4320 4321 4322 4323 4324 4325 4326 4327 4328 4329 4330 4331 4332 4333 4334 4335 4336 4337 4338 4339 4340 4341 4342 4343 4344 4345 4346 4347 4348 4349 4350 4351 4352 4353 4354 4355 4356 4357 4358 4359 4360 4361 4362 4363 4364 4365 4366 4367 4368 4369 4370 4371 4372 4373 4374 4375 4376 4377 4378 4379 4380 4381 4382 4383 4384 4385 4386 4387 4388 4389 4390 4391 4392 4393 4394 4395 4396 4397 4398 4399 4400 4401 4402 4403 4404 4405 4406 4407 4408 4409 4410 4411 4412 4413 4414 4415 4416 4417 4418 4419 4420 4421 4422 4423 4424 4425 4426 4427 4428 4429 4430 4431 4432 4433 4434 4435 4436 4437 4438 4439 4440 4441 4442 4443 4444 4445 4446 4447 4448 4449 4450 4451 4452 4453 4454 4455 4456 4457 4458 4459 4460 4461 4462 4463 4464 4465 4466 4467 4468 4469 4470 4471 4472 4473 4474 4475 4476 4477 4478 4479 4480 4481 4482 4483 4484 4485 4486 4487 4488 4489 4490 4491 4492 4493 4494 4495 4496 4497 4498 4499 4500 4501 4502 4503 4504 4505 4506 4507 4508 4509 4510 4511 4512 4513 4514 4515 4516 4517 4518 4519 4520 4521 4522 4523 4524 4525 4526 4527 4528 4529 4530 4531 4532 4533 4534 4535 4536 4537 4538 4539 4540 4541 4542 4543 4544 4545 4546 4547 4548 4549 4550 4551 4552 4553 4554 4555 4556 4557 4558 4559 4560 4561 4562 4563 4564 4565 4566 4567 4568 4569 4570 4571 4572 4573 4574 4575 4576 4577 4578 4579 4580 4581 4582 4583 4584 4585 4586 4587 4588 4589 4590 4591 4592 4593 4594 4595 4596 4597 4598 4599 4600 4601 4602 4603 4604 4605 4606 4607 4608 4609 4610 4611 4612 4613 4614 4615 4616 4617 4618 4619 4620 4621 4622 4623 4624 4625 4626 4627 4628 4629 4630 4631 4632 4633 4634 4635 4636 4637 4638 4639 4640 4641 4642 4643 4644 4645 4646 4647 4648 4649 4650 4651 4652 4653 4654 4655 4656 4657 4658 4659 4660 4661 4662 4663 4664 4665 4666 4667 4668 4669 4670 4671 4672 4673 4674 4675 4676 4677 4678 4679 4680 4681 4682 4683 4684 4685 4686 4687 4688 4689 4690 4691 4692 4693 4694 4695 4696 4697 4698 4699 4700 4701 4702 4703 4704 4705 4706 4707 4708 4709 4710 4711 4712 4713 4714 4715 4716 4717 4718 4719 4720 4721 4722 4723 4724 4725 4726 4727 4728 4729 4730 4731 4732 4733 4734 4735 4736 4737 4738 4739 4740 4741 4742 4743 4744 4745 4746 4747 4748 4749 4750 4751 4752 4753 4754 4755 4756 4757 4758 4759 4760 4761 4762 4763 4764 4765 4766 4767 4768 4769 4770 4771 4772 4773 4774 4775 4776 4777 4778 4779 4780 4781 4782 4783 4784 4785 4786 4787 4788 4789 4790 4791 4792 4793 4794 4795 4796 4797 4798 4799 4800 4801 4802 4803 4804 4805 4806 4807 4808 4809 4810 4811 4812 4813 4814 4815 4816 4817 4818 4819 4820 4821 4822 4823 4824 4825 4826 4827 4828 4829 4830 4831 4832 4833 4834 4835 4836 4837 4838 4839 4840 4841 4842 4843 4844 4845 4846 4847 4848 4849 4850 4851 4852 4853 4854 4855 4856 4857 4858 4859 4860 4861 4862 4863 4864 4865 4866 4867 4868 4869 4870 4871 4872 4873 4874 4875 4876 4877 4878 4879 4880 4881 4882 4883 4884 4885 4886 4887 4888 4889 4890 4891 4892 4893 4894 4895 4896 4897 4898 4899 4900 4901 4902 4903 4904 4905 4906 4907 4908 4909 4910 4911 4912 4913 4914 4915 4916 4917 4918 4919 4920 4921 4922 4923 4924 4925 4926 4927 4928 4929 4930 4931 4932 4933 4934 4935 4936 4937 4938 4939 4940 4941 4942 4943 4944 4945 4946 4947 4948 4949 4950 4951 4952 4953 4954 4955 4956 4957 4958 4959 4960 4961 4962 4963 4964 4965 4966 4967 4968 4969 4970 4971 4972 4973 4974 4975 4976 4977 4978 4979 4980 4981 4982 4983 4984 4985 4986 4987 4988 4989 4990 4991 4992 4993 4994 4995 4996 4997 4998 4999 5000 5001 5002 5003 5004 5005 5006 5007 5008 5009 5010 5011 5012 5013 5014 5015 5016 5017 5018 5019 5020 5021 5022 5023 5024 5025 5026 5027 5028 5029 5030 5031 5032 5033 5034 5035 5036 5037 5038 5039 5040 5041 5042 5043 5044 5045 5046 5047 5048 5049 5050 5051 5052 5053 5054 5055 5056 5057 5058 5059 5060 5061 5062 5063 5064 5065 5066 5067 5068 5069 5070 5071 5072 5073 5074 5075 5076 5077 5078 5079 5080 5081 5082 5083 5084 5085 5086 5087 5088 5089 5090 5091 5092 5093 5094 5095 5096 5097 5098 5099 5100 5101 5102 5103 5104 5105 5106 5107 5108 5109 5110 5111 5112 5113 5114 5115 5116 5117 5118 5119 5120 5121 5122 5123 5124 5125 5126 5127 5128 5129 5130 5131 5132 5133 5134 5135 5136 5137 5138 5139 5140 5141 5142 5143 5144 5145 5146 5147 5148 5149 5150 5151 5152 5153 5154 5155 5156 5157 5158 5159 5160 5161 5162 5163 5164 5165 5166 5167 5168 5169 5170 5171 5172 5173 5174 5175 5176 5177 5178 5179 5180 5181 5182 5183 5184 5185 5186 5187 5188 5189 5190 5191 5192 5193 5194 5195 5196 5197 5198 5199 5200 5201 5202 5203 5204 5205 5206 5207 5208 5209 5210 5211 5212 5213 5214 5215 5216 5217 5218 5219 5220 5221 5222 5223 5224 5225 5226 5227 5228 5229 5230 5231 5232 5233 5234 5235 5236 5237 5238 5239 5240 5241 5242 5243 5244 5245 5246 5247 5248 5249 5250 5251 5252 5253 5254 5255 5256 5257 5258 5259 5260 5261 5262 5263 5264 5265 5266 5267 5268 5269 5270 5271 5272 5273 5274 5275 5276 5277 5278 5279 5280 5281 5282 5283 5284 5285 5286 5287 5288 5289 5290 5291 5292 5293 5294 5295 5296 5297 5298 5299 5300 5301 5302 5303 5304 5305 5306 5307 5308 5309 5310 5311 5312 5313 5314 5315 5316 5317 5318 5319 5320 5321 5322 5323 5324 5325 5326 5327 5328 5329 5330 5331 5332 5333 5334 5335 5336 5337 5338 5339 5340 5341 5342 5343 5344 5345 5346 5347 5348 5349 5350 5351 5352 5353 5354 5355 5356 5357 5358 5359 5360 5361 5362 5363 5364 5365 5366 5367 5368 5369 5370 5371 5372 5373 5374 5375 5376 5377 5378 5379 5380 5381 5382 5383 5384 5385 5386 5387 5388 5389 5390 5391 5392 5393 5394 5395 5396 5397 5398 5399 5400 5401 5402 5403 5404 5405 5406 5407 5408 5409 5410 5411 5412 5413 5414 5415 5416 5417 5418 5419 5420 5421 5422 5423 5424 5425 5426 5427 5428 5429 5430 5431 5432 5433 5434 5435 5436 5437 5438 5439 5440 5441 5442 5443 5444 5445 5446 5447 5448 5449 5450 5451 5452 5453 5454 5455 5456 5457 5458 5459 5460 5461 5462 5463 5464 5465 5466 5467 5468 5469 5470 5471 5472 5473 5474 5475 5476 5477 5478 5479 5480 5481 5482 5483 5484 5485 5486 5487 5488 5489 5490 5491 5492 5493 5494 5495 5496 5497 5498 5499 5500 5501 5502 5503 5504 5505 5506 5507 5508 5509 5510 5511 5512 5513 5514 5515 5516 5517 5518 5519 5520 5521 5522 5523 5524 5525 5526 5527 5528 5529 5530 5531 5532 5533 5534 5535 5536 5537 5538 5539 5540 5541 5542 5543 5544 5545 5546 5547 5548 5549 5550 5551 5552 5553 5554 5555 5556 5557 5558 5559 5560 5561 5562 5563 5564 5565 5566 5567 5568 5569 5570 5571 5572 5573 5574 5575 5576 5577 5578 5579 5580 5581 5582 5583 5584 5585 5586 5587 5588 5589 5590 5591 5592 5593 5594 5595 5596 5597 5598 5599 5600 5601 5602 5603 5604 5605 5606 5607 5608 5609 5610 5611 5612 5613 5614 5615 5616 5617 5618 5619 5620 5621 5622 5623 5624 5625 5626 5627 5628 5629 5630 5631 5632 5633 5634 5635 5636 5637 5638 5639 5640 5641 5642 5643 5644 5645 5646 5647 5648 5649 5650 5651 5652 5653 5654 5655 5656 5657 5658 5659 5660 5661 5662 5663 5664 5665 5666 5667 5668 5669 5670 5671 5672 5673 5674 5675 5676 5677 5678 5679 5680 5681 5682 5683 5684 5685 5686 5687 5688 5689 5690 5691 5692 5693 5694 5695 5696 5697 5698 5699 5700 5701 5702 5703 5704 5705 5706 5707 5708 5709 5710 5711 5712 5713 5714 5715 5716 5717 5718 5719 5720 5721 5722 5723 5724 5725 5726 5727 5728 5729 5730 5731 5732 5733 5734 5735 5736 5737 5738 5739 5740 5741 5742 5743 5744 5745 5746 5747 5748 5749 5750 5751 5752 5753 5754 5755 5756 5757 5758 5759 5760 5761 5762 5763 5764 5765 5766 5767 5768 5769 5770 5771 5772 5773 5774 5775 5776 5777 5778 5779 5780 5781 5782 5783 5784 5785 5786 5787 5788 5789 5790 5791 5792 5793 5794 5795 5796 5797 5798 5799 5800 5801 5802 5803 5804 5805 5806 5807 5808 5809 5810 5811 5812 5813 5814 5815 5816 5817 5818 5819 5820 5821 5822 5823 5824 5825 5826 5827 5828 5829 5830 5831 5832 5833 5834 5835 5836 5837 5838 5839 5840 5841 5842 5843 5844 5845 5846 5847 5848 5849 5850 5851 5852 5853 5854 5855 5856 5857 5858 5859 5860 5861 5862 5863 5864 5865 5866 5867 5868 5869 5870 5871 5872 5873 5874 5875 5876 5877 5878 5879 5880 5881 5882 5883 5884 5885 5886 5887 5888 5889 5890 5891 5892 5893 5894 5895 5896 5897 5898 5899 5900 5901 5902 5903 5904 5905 5906 5907 5908 5909 5910 5911 5912 5913 5914 5915 5916 5917 5918 5919 5920 5921 5922 5923 5924 5925 5926 5927 5928 5929 5930 5931 5932 5933 5934 5935 5936 5937 5938 5939 5940 5941 5942 5943 5944 5945 5946 5947 5948 5949 5950 5951 5952 5953 5954 5955 5956 5957 5958 5959 5960 5961 5962 5963 5964 5965 5966 5967 5968 5969 5970 5971 5972 5973 5974 5975 5976 5977 5978 5979 5980 5981 5982 5983 5984 5985 5986 5987 5988 5989 5990 5991 5992 5993 5994 5995 5996 5997 5998 5999 6000 6001 6002 6003 6004 6005 6006 6007 6008 6009 6010 6011 6012 6013 6014 6015 6016 6017 6018 6019 6020 6021 6022 6023 6024 6025 6026 6027 6028 6029 6030 6031 6032 6033 6034 6035 6036 6037 6038 6039 6040 6041 6042 6043 6044 6045 6046 6047 6048 6049 6050 6051 6052 6053 6054 6055 6056 6057 6058 6059 6060 6061 6062 6063 6064 6065 6066 6067 6068 6069 6070 6071 6072 6073 6074 6075 6076 6077 6078 6079 6080 6081 6082 6083 6084 6085 6086 6087 6088 6089 6090 6091 6092 6093 6094 6095 6096 6097 6098 6099 6100 6101 6102 6103 6104 6105 6106 6107 6108 6109 6110 6111 6112 6113 6114 6115 6116 6117 6118 6119 6120 6121 6122 6123 6124 6125 6126 6127 6128 6129 6130 6131 6132 6133 6134 6135 6136 6137 6138 6139 6140 6141 6142 6143 6144 6145 6146 6147 6148 6149 6150 6151 6152 6153 6154 6155 6156 6157 6158 6159 6160 6161 6162 6163 6164 6165 6166 6167 6168 6169 6170 6171 6172 6173 6174 6175 6176 6177 6178 6179 6180 6181 6182 6183 6184 6185 6186 6187 6188 6189 6190 6191 6192 6193 6194 6195 6196 6197 6198 6199 6200 6201 6202 6203 6204 6205 6206 6207 6208 6209 6210 6211 6212 6213 6214 6215 6216 6217 6218 6219 6220 6221 6222 6223 6224 6225 6226 6227 6228 6229 6230 6231 6232 6233 6234 6235 6236 6237 6238 6239 6240 6241 6242 6243 6244 6245 6246 6247 6248 6249 6250 6251 6252 6253 6254 6255 6256 6257 6258 6259 6260 6261 6262 6263 6264 6265 6266 6267 6268 6269 6270 6271 6272 6273 6274 6275 6276 6277 6278 6279 6280 6281 6282 6283 6284 6285 6286 6287 6288 6289 6290 6291 6292 6293 6294 6295 6296 6297 6298 6299 6300 6301 6302 6303 6304 6305 6306 6307 6308 6309 6310 6311 6312 6313 6314 6315 6316 6317 6318 6319 6320 6321 6322 6323 6324 6325 6326 6327 6328 6329 6330 6331 6332 6333 6334 6335 6336 6337 6338 6339 6340 6341 6342 6343 6344 6345 6346 6347 6348 6349 6350 6351 6352 6353 6354 6355 6356 6357 6358 6359 6360 6361 6362 6363 6364 6365 6366 6367 6368 6369 6370 6371 6372 6373 6374 6375 6376 6377 6378 6379 6380 6381 6382 6383 6384 6385 6386 6387 6388 6389 6390 6391 6392 6393 6394 6395 6396 6397 6398 6399 6400 6401 6402 6403 6404 6405 6406 6407 6408 6409 6410 6411 6412 6413 6414 6415 6416 6417 6418 6419 6420 6421 6422 6423 6424 6425 6426 6427 6428 6429 6430 6431 6432 6433 6434 6435 6436 6437 6438 6439 6440 6441 6442 6443 6444 6445 6446 6447 6448 6449 6450 6451 6452 6453 6454 6455 6456 6457 6458 6459 6460 6461 6462 6463 6464 6465 6466 6467 6468 6469 6470 6471 6472 6473 6474 6475 6476 6477 6478 6479 6480 6481 6482 6483 6484 6485 6486 6487 6488 6489 6490 6491 6492 6493 6494 6495 6496 6497 6498 6499 6500 6501 6502 6503 6504 6505 6506 6507 6508 6509 6510 6511 6512 6513 6514 6515 6516 6517 6518 6519 6520 6521 6522 6523 6524 6525 6526 6527 6528 6529 6530 6531 6532 6533 6534 6535 6536 6537 6538 6539 6540 6541 6542 6543 6544 6545 6546 6547 6548 6549 6550 6551 6552 6553 6554 6555 6556 6557 6558 6559 6560 6561 6562 6563 6564 6565 6566 6567 6568 6569 6570 6571 6572 6573 6574 6575 6576 6577 6578 6579 6580 6581 6582 6583 6584 6585 6586 6587 6588 6589 6590 6591 6592 6593 6594 6595 6596 6597 6598 6599 6600 6601 6602 6603 6604 6605 6606 6607 6608 6609 6610 6611 6612 6613 6614 6615 6616 6617 6618 6619 6620 6621 6622 6623 6624 6625 6626 6627 6628 6629 6630 6631 6632 6633 6634 6635 6636 6637 6638 6639 6640 6641 6642 6643 6644 6645 6646 6647 6648 6649 6650 6651 6652 6653 6654 6655 6656 6657 6658 6659 6660 6661 6662 6663 6664 6665 6666 6667 6668 6669 6670 6671 6672 6673 6674 6675 6676 6677 6678 6679 6680 6681 6682 6683 6684 6685 6686 6687 6688 6689 6690 6691 6692 6693 6694 6695 6696 6697 6698 6699 6700 6701 6702 6703 6704 6705 6706 6707 6708 6709 6710 6711 6712 6713 6714 6715 6716 6717 6718 6719 6720 6721 6722 6723 6724 6725 6726 6727 6728 6729 6730 6731 6732 6733 6734 6735 6736 6737 6738 6739 6740 6741 6742 6743 6744 6745 6746 6747 6748 6749 6750 6751 6752 6753 6754 6755 6756 6757 6758 6759 6760 6761 6762 6763 6764 6765 6766 6767 6768 6769 6770 6771 6772 6773 6774 6775 6776 6777 6778 6779 6780 6781 6782 6783 6784 6785 6786 6787 6788 6789 6790 6791 6792 6793 6794 6795 6796 6797 6798 6799 6800 6801 6802 6803 6804 6805 6806 6807 6808 6809 6810 6811 6812 6813 6814 6815 6816 6817 6818 6819 6820 6821 6822 6823 6824 6825 6826 6827 6828 6829 6830 6831 6832 6833 6834 6835 6836 6837 6838 6839 6840 6841 6842 6843 6844 6845 6846 6847 6848 6849 6850 6851 6852 6853 6854 6855 6856 6857 6858 6859 6860 6861 6862 6863 6864 6865 6866 6867 6868 6869 6870 6871 6872 6873 6874 6875 6876 6877 6878 6879 6880 6881 6882 6883 6884 6885 6886 6887 6888 6889 6890 6891 6892 6893 6894 6895 6896 6897 6898 6899 6900 6901 6902 6903 6904 6905 6906 6907 6908 6909 6910 6911 6912 6913 6914 6915 6916 6917 6918 6919 6920 6921 6922 6923 6924 6925 6926 6927 6928 6929 6930 6931 6932 6933 6934 6935 6936 6937 6938 6939 6940 6941 6942 6943 6944 6945 6946 6947 6948 6949 6950 6951 6952 6953 6954 6955 6956 6957 6958 6959 6960 6961 6962 6963 6964 6965 6966 6967 6968 6969 6970 6971 6972 6973 6974 6975 6976 6977 6978 6979 6980 6981 6982 6983 6984 6985 6986 6987 6988 6989 6990 6991 6992 6993 6994 6995 6996 6997 6998 6999 7000 7001 7002 7003 7004 7005 7006 7007 7008 7009 7010 7011 7012 7013 7014 7015 7016 7017 7018 7019 7020 7021 7022 7023 7024 7025 7026 7027 7028 7029 7030 7031 7032 7033 7034 7035 7036 7037 7038 7039 7040 7041 7042 7043 7044 7045 7046 7047 7048 7049 7050 7051 7052 7053 7054 7055 7056 7057 7058 7059 7060 7061 7062 7063 7064 7065 7066 7067 7068 7069 7070 7071 7072 7073 7074 7075 7076 7077 7078 7079 7080 7081 7082 7083 7084 7085 7086 7087 7088 7089 7090 7091 7092 7093 7094 7095 7096 7097 7098 7099 7100 7101 7102 7103 7104 7105 7106 7107 7108 7109 7110 7111 7112 7113 7114 7115 7116 7117 7118 7119 7120 7121 7122 7123 7124 7125 7126 7127 7128 7129 7130 7131 7132 7133 7134 7135 7136 7137 7138 7139 7140 7141 7142 7143 7144 7145 7146 7147 7148 7149 7150 7151 7152 7153 7154 7155 7156 7157 7158 7159 7160 7161 7162 7163 7164 7165 7166 7167 7168 7169 7170 7171 7172 7173 7174 7175 7176 7177 7178 7179 7180 7181 7182 7183 7184 7185 7186 7187 7188 7189 7190 7191 7192 7193 7194 7195 7196 7197 7198 7199 7200 7201 7202 7203 7204 7205 7206 7207 7208 7209 7210 7211 7212 7213 7214 7215 7216 7217 7218 7219 7220 7221 7222 7223 7224 7225 7226 7227 7228 7229 7230 7231 7232 7233 7234 7235 7236 7237 7238 7239 7240 7241 7242 7243 7244 7245 7246 7247 7248 7249 7250 7251 7252 7253 7254 7255 7256 7257 7258 7259 7260 7261 7262 7263 7264 7265 7266 7267 7268 7269 7270 7271 7272 7273 7274 7275 7276 7277 7278 7279 7280 7281 7282 7283 7284 7285 7286 7287 7288 7289 7290 7291 7292 7293 7294 7295 7296 7297 7298 7299 7300 7301 7302 7303 7304 7305 7306 7307 7308 7309 7310 7311 7312 7313 7314 7315 7316 7317 7318 7319 7320 7321 7322 7323 7324 7325 7326 7327 7328 7329 7330 7331 7332 7333 7334 7335 7336 7337 7338 7339 7340 7341 7342 7343 7344 7345 7346 7347 7348 7349 7350 7351 7352 7353 7354 7355 7356 7357 7358 7359 7360 7361 7362 7363 7364 7365 7366 7367 7368 7369 7370 7371 7372 7373 7374 7375 7376 7377 7378 7379 7380 7381 7382 7383 7384 7385 7386 7387 7388 7389 7390 7391 7392 7393 7394 7395 7396 7397 7398 7399 7400 7401 7402 7403 7404 7405 7406 7407 7408 7409 7410 7411 7412 7413 7414 7415 7416 7417 7418 7419 7420 7421 7422 7423 7424 7425 7426 7427 7428 7429 7430 7431 7432 7433 7434 7435 7436 7437 7438 7439 7440 7441 7442 7443 7444 7445 7446 7447 7448 7449 7450 7451 7452 7453 7454 7455 7456 7457 7458 7459 7460 7461 7462 7463 7464 7465 7466 7467 7468 7469 7470 7471 7472 7473 7474 7475 7476 7477 7478 7479 7480 7481 7482 7483 7484 7485 7486 7487 7488 7489 7490 7491 7492 7493 7494 7495 7496 7497 7498 7499 7500 7501 7502 7503 7504 7505 7506 7507 7508 7509 7510 7511 7512 7513 7514 7515 7516 7517 7518 7519 7520 7521 7522 7523 7524 7525 7526 7527 7528 7529 7530 7531 7532 7533 7534 7535 7536 7537 7538 7539 7540 7541 7542 7543 7544 7545 7546 7547 7548 7549 7550 7551 7552 7553 7554 7555 7556 7557 7558 7559 7560 7561 7562 7563 7564 7565 7566 7567 7568 7569 7570 7571 7572 7573 7574 7575 7576 7577 7578 7579 7580 7581 7582 7583 7584 7585 7586 7587 7588 7589 7590 7591 7592 7593 7594 7595 7596 7597 7598 7599 7600 7601 7602 7603 7604 7605 7606 7607 7608 7609 7610 7611 7612 7613 7614 7615 7616 7617 7618 7619 7620 7621 7622 7623 7624 7625 7626 7627 7628 7629 7630 7631 7632 7633 7634 7635 7636 7637 7638 7639 7640 7641 7642 7643 7644 7645 7646 7647 7648 7649 7650 7651 7652 7653 7654 7655 7656 7657 7658 7659 7660 7661 7662 7663 7664 7665 7666 7667 7668 7669 7670 7671 7672 7673 7674 7675 7676 7677 7678 7679 7680 7681 7682 7683 7684 7685 7686 7687 7688 7689 7690 7691 7692 7693 7694 7695 7696 7697 7698 7699 7700 7701 7702 7703 7704 7705 7706 7707 7708 7709 7710 7711 7712 7713 7714 7715 7716 7717 7718 7719 7720 7721 7722 7723 7724 7725 7726 7727 7728 7729 7730 7731 7732 7733 7734 7735 7736 7737 7738 7739 7740 7741 7742 7743 7744 7745 7746 7747 7748 7749 7750 7751 7752 7753 7754 7755 7756 7757 7758 7759 7760 7761 7762 7763 7764 7765 7766 7767 7768 7769 7770 7771 7772 7773 7774 7775 7776 7777 7778 7779 7780 7781 7782 7783 7784 7785 7786 7787 7788 7789 7790 7791 7792 7793 7794 7795 7796 7797 7798 7799 7800 7801 7802 7803 7804 7805 7806 7807 7808 7809 7810 7811 7812 7813 7814 7815 7816 7817 7818 7819 7820 7821 7822 7823 7824 7825 7826 7827 7828 7829 7830 7831 7832 7833 7834 7835 7836 7837 7838 7839 7840 7841 7842 7843 7844 7845 7846 7847 7848 7849 7850 7851 7852 7853 7854 7855 7856 7857 7858 7859 7860 7861 7862 7863 7864 7865 7866 7867 7868 7869 7870 7871 7872 7873 7874 7875 7876 7877 7878 7879 7880 7881 7882 7883 7884 7885 7886 7887 7888 7889 7890 7891 7892 7893 7894 7895 7896 7897 7898 7899 7900 7901 7902 7903 7904 7905 7906 7907 7908 7909 7910 7911 7912 7913 7914 7915 7916 7917 7918 7919 7920 7921 7922 7923 7924 7925 7926 7927 7928 7929 7930 7931 7932 7933 7934 7935 7936 7937 7938 7939 7940 7941 7942 7943 7944 7945 7946 7947 7948 7949 7950 7951 7952 7953 7954 7955 7956 7957 7958 7959 7960 7961 7962 7963 7964 7965 7966 7967 7968 7969 7970 7971 7972 7973 7974 7975 7976 7977 7978 7979 7980 7981 7982 7983 7984 7985 7986 7987 7988 7989 7990 7991 7992 7993 7994 7995 7996 7997 7998 7999 8000 8001 8002 8003 8004 8005 8006 8007 8008 8009 8010 8011 8012 8013 8014 8015 8016 8017 8018 8019 8020 8021 8022 8023 8024 8025 8026 8027 8028 8029 8030 8031 8032 15073 3560 15152 3561 15229 3600 15304 3675 15377 3712 15413 3713 15414 3714 15415 3715 15448 3716 15480 3717 15481 3718 15511 3748 15568 3776 15623 3777 3750 15650 3722 15651 3751 15676 3778 15700 3779 15723 3802 15745 3824 15766 3825 15786 3826 15787 3827 15788 3828 15805 3845 15836 3876 15865 3891 15879 3905 15892 3930 15915 3942 15936 3943 15955 3953 15972 3962 15980 3970 15981 3977 15987 3983 15992 3996 4000 15993 4007 15996 4012 15999 4014 </DataArray>
      </CellData>
      <PointData Vectors="U">
        <DataArray type="Int64" IdType="1" Name="vtkOriginalPointIds" format="ascii" RangeMin="1804" RangeMax="8240">2082 2083 2084 2085 2086 2087 2088 2089 2090 2091 2092 2093 2094 2095 2096 2097 2098 2099 2100 2101 2102 2103 2104 2105 2106 2107 2108 2109 2110 2111 2112 2113 2114 2115 2116 2117 2118 2119 2120 2121 2122 2123 2124 2125 2126 2127 2128 2129 2130 2131 2132 2133 2134 2135 2136 2137 2138 2139 2140 2141 2142 2143 2144 2145 2146 2147 2148 2149 2150 2151 2152 2153 2154 2155 2156 2157 2158 2159 2160 2161 2162 2163 2164 2165 2166 2167 2168 2169 2170 2171 2172 2173 2174 2175 2176 2177 2178 2179 2180 2181 2182 2183 2184 2185 2186 2187 2188 2189 2190 2191 2192 2193 2194 2195 2196 2197 2198 2199 2200 2201 2202 2203 2204 2205 2206 2207 2208 2209 2210 2211 2212 2213 2214 2215 2216 2217 2218 2219 2220 2221 2222 2223 2224 2225 2226 2227 2228 2229 2230 2231 2232 2233 2234 2235 2236 2237 2238 2239 2240 2241 2242 2243 2244 2245 2246 2247 2248 2249 2250 2251 2252 2253 2254 2255 2256 2257 2258 2259 2260 2261 2262 2263 2264 2265 2266 2267 2268 2269 2270 2271 2272 2273 2274 2275 2276 2277 2278 2279 2280 2281 2282 2283 2284 2285 2286 2287 2288 2289 2290 2291 2292 2293 2294 2295 2296 2297 2298 2299 2300 2301 2302 2303 2304 2305 2306 2307 2308 2309 2310 2311 2312 2313 2314 2315 2316 2317 2318 2319 2320 2321 2322 2323 2324 2325 2326 2327 2328 2329 2330 2331 2332 2333 2334 2335 2336 2337 2338 2339 2340 2341 2342 2343 2344 2345 2346 2347 2348 2349 2350 2351 2352 2353 2354 2355 2356 2357 2358 2359 2360 2361 2362 2363 2364 2365 2366 2367 2368 2369 2370 2371 2372 2373 2374 2375 2376 2377 2378 2379 2380 2381 2382 2383 2384 2385 2386 2387 2388 2389 2390 2391 2392 2393 2394 2395 2396 2397 2398 2399 2400 2401 2402 2403 2404 2405 2406 2407 2408 2409 2410 2411 2412 2413 2414 2415 2416 2417 2418 2419 2420 2421 2422 2423 2424 2425 2426 2427 2428 2429 2430 2431 2432 2433 2434 2435 2436 2437 2438 2439 2440 2441 2442 2443 2444 2445 2446 2447 2448 2449 2450 2451 2452 2453 2454 2455 2456 2457 2458 2459 2460 2461 2462 2463 2464 2465 2466 2467 2468 2469 2470 2471 2472 2473 2474 2475 2476 2477 2478 2479 2480 2481 2482 2483 2484 2485 2486 2487 2488 2489 2490 2491 2492 2493 2494 2495 2496 2497 2498 2499 2500 2501 2502 2503 2504 2505 2506 2507 2508 2509 2510 2511 2512 2513 2514 2515 2516 2517 2518 2519 2520 2521 2522 2523 2524 2525 2526 2527 2528 2529 2530 2531 2532 2533 2534 2535 2536 2537 2538 2539 2540 2541 2542 2543 2544 2545 2546 2547 2548 2549 2550 2551 2552 2553 2554 2555 2556 2557 2558 2559 2560 2561 2562 2563 2564 2565 2566 2567 2568 2569 2570 2571 2572 2573 2574 2575 2576 2577 2578 2579 2580 2581 2582 2583 2584 2585 2586 2587 2588 2589 2590 2591 2592 2593 2594 2595 2596 2597 2598 2599 2600 2601 2602 2603 2604 2605 2606 2607 2608 2609 2610 2611 2612 2613 2614 2615 2616 2617 2618 2619 2620 2621 2622 2623 2624 2625 2626 2627 2628 2629 2630 2631 2632 2633 2634 2635 2636 2637 2638 2639 2640 2641 2642 2643 2644 2645 2646 2647 2648 2649 2650 2651 2652 2653 2654 2655 2656 2657 2658 2659 2660 2661 2662 2663 2664 2665 2666 2667 2668 2669 2670 2671 2672 2673 2674 2675 2676 2677 2678 2679 2680 2681 2682 2683 2684 2685 2686 2687 2688 2689 2690 2691 2692 2693 2694 2695 2696 2697 2698 2699 2700 2701 2702 2703 2704 2705 2706 2707 2708 2709 2710 2711 2712 2713 2714 2715 2716 2717 2718 2719 2720 2721 2722 2723 2724 2725 2726 2727 2728 2729 2730 2731 2732 2733 2734 2735 2736 2737 2738 2739 2740 2741 2742 2743 2744 2745 2746 2747 2748 2749 2750 2751 2752 2753 2754 2755 2756 2757 2758 2759 2760 2761 2762 2763 2764 2765 2766 2767 2768 2769 2770 2771 2772 2773 2774 2775 2776 2777 2778 2779 2780 2781 2782 2783 2784 2785 2786 2787 2788 2789 2790 2791 2792 2793 2794 2795 2796 2797 2798 2799 2800 2801 2802 2803 2804 2805 2806 2807 2808 2809 2810 2811 2812 2813 2814 2815 2816 2817 2818 2819 2820 2821 2822 2823 2824 2825 2826 2827 2828 2829 2830 2831 2832 2833 2834 2835 2836 2837 2838 2839 2840 2841 2842 2843 2844 2845 2846 2847 2848 2849 2850 2851 2852 2853 2854 2855 2856 2857 2858 2859 2860 2861 2862 2863 2864 2865 2866 2867 2868 2869 2870 2871 2872 2873 2874 2875 2876 2877 2878 2879 2880 2881 2882 2883 2884 2885 2886 2887 2888 2889 2890 2891 2892 2893 2894 2895 2896 2897 2898 2899 2900 2901 2902 2903 2904 2905 2906 2907 2908 2909 2910 2911 2912 2913 2914 2915 2916 2917 2918 2919 2920 2921 2922 2923 2924 2925 2926 2927 2928 2929 2930 2931 2932 2933 2934 2935 2936 2937 2938 2939 2940 2941 2942 2943 2944 2945 2946 2947 2948 2949 2950 2951 2952 2953 2954 2955 2956 2957 2958 2959 2960 2961 2962 2963 2964 2965 2966 2967 2968 2969 2970 2971 2972 2973 2974 2975 2976 2977 2978 2979 2980 2981 2982 2983 2984 2985 2986 2987 2988 2989 2990 2991 2992 2993 2994 2995 2996 2997 2998 2999 3000 3001 3002 3003 3004 3005 3006 3007 3008 3009 3010 3011 3012 3013 3014 3015 3016 3017 3018 3019 3020 3021 3022 3023 3024 3025 3026 3027 3028 3029 3030 3031 3032 3033 3034 3035 3036 3037 3038 3039 3040 3041 3042 3043 3044 3045 3046 3047 3048 3049 3050 3051 3052 3053 3054 3055 3056 3057 3058 3059 3060 3061 3062 3063 3064 3065 3066 3067 3068 3069 3070 3071 3072 3073 3074 3075 3076 3077 3078 3079 3080 3081 3082 3083 3084 3085 3086 3087 3088 3089 3090 3091 3092 3093 3094 3095 3096 3097 3098 3099 3100 3101 3102 3103 3104 3105 3106 3107 3108 3109 3110 3111 3112 3113 3114 3115 3116 3117 3118 3119 3120 3121 3122 3123 3124 3125 3126 3127 3128 3129 3130 3131 3132 3133 3134 3135 3136 3137 3138 3139 3140 3141 3142 3143 3144 3145 3146 3147 3148 3149 3150 3151 3152 3153 3154 3155 3156 3157 3158 3159 3160 3161 3162 3163 3164 3165 3166 3167 3168 3169 3170 3171 3172 3173 3174 3175 3176 3177 3178 3179 3180 3181 3182 3183 3184 3185 3186 3187 3188 3189 3190 3191 3192 3193 3194 3195 3196 3197 3198 3199 3200 3201 3202 3203 3204 3205 3206 3207 3208 3209 3210 3211 3212 3213 3214 3215 3216 3217 3218 3219 3220 3221 3222 3223 3224 3225 3226 3227 3228 3229 3230 3231 3232 3233 3234 3235 3236 3237 3238 3239 3240 3241 3242 3243 3244 3245 3246 3247 3248 3249 3250 3251 3252 3253 3254 3255 3256 3257 3258 3259 3260 3261 3262 3263 3264 3265 3266 3267 3268 3269 3270 3271 3272 3273 3274 3275 3276 3277 3278 3279 3280 3281 3282 3283 3284 3285 3286 3287 3288 3289 3290 3291 3292 3293 3294 3295 3296 3297 3298 3299 3300 3301 3302 3303 3304 3305 3306 3307 3308 3309 3310 3311 3312 3313 3314 3315 3316 3317 3318 3319 3320 3321 3322 3323 3324 3325 3326 3327 3328 3329 3330 3331 3332 3333 3334 3335 3336 3337 3338 3339 3340 3341 3342 3343 3344 3345 3346 3347 3348 3349 3350 3351 3352 3353 3354 3355 3356 3357 3358 3359 3360 3361 3362 3363 3364 3365 3366 3367 3368 3369 3370 3371 3372 3373 3374 3375 3376 3377 3378 3379 3380 3381 3382 3383 3384 3385 3386 3387 3388 3389 3390 3391 3392 3393 3394 3395 3396 3397 3398 3399 3400 3401 3402 3403 3404 3405 3406 3407 3408 3409 3410 3411 3412 3413 3414 3415 3416 3417 3418 3419 3420 3421 3422 3423 3424 3425 3426 3427 3428 3429 3430 3431 3432 3433 3434 3435 3436 3437 3438 3439 3440 3441 3442 3443 3444 3445 3446 3447 3448 3449 3450 3451 3452 3453 3454 3455 3456 3457 3458 3459 3460 3461 3462 3463 3464 3465 3466 3467 3468 3469 3470 3471 3472 3473 3474 3475 3476 3477 3478 3479 3480 3481 3482 3483 3484 3485 3486 3487 3488 3489 3490 3491 3492 3493 3494 3495 3496 3497 3498 3499 3500 3501 3502 3503 3504 3505 3506 3507 3508 3509 3510 3511 3512 3513 3514 3515 3516 3517 3518 3519 3520 3521 3522 3523 3524 3525 3526 3527 3528 3529 3530 3531 3532 3533 3534 3535 3536 3537 3538 3539 3540 3541 3542 3543 3544 3545 3546 3547 3548 3549 3550 3551 3552 3553 3554 3555 3556 3557 3558 3559 3560 3561 3562 3563 3564 3565 3566 3567 3568 3569 3570 3571 3572 3573 3574 3575 3576 3577 3578 3579 3580 3581 3582 3583 3584 3585 3586 3587 3588 3589 3590 3591 3592 3593 3594 3595 3596 3597 3598 3599 3600 3601 3602 3603 3604 3605 3606 3607 3608 3609 3610 3611 3612 3613 3614 3615 3616 3617 3618 3619 3620 3621 3622 3623 3624 3625 3626 3627 3628 3629 3630 3631 3632 3633 3634 3635 3636 3637 3638 3639 3640 3641 3642 3643 3644 3645 3646 3647 3648 3649 3650 3651 3652 3653 3654 3655 3656 3657 3658 3659 3660 3661 3662 3663 3664 3665 3666 3667 3668 3669 3670 3671 3672 3673 3674 3675 3676 3677 3678 3679 3680 3681 3682 3683 3684 3685 3686 3687 3688 3689 3690 3691 3692 3693 3694 3695 3696 3697 3698 3699 3700 3701 3702 3703 3704 3705 3706 3707 3708 3709 3710 3711 3712 3713 3714 3715 3716 3717 3718 3719 3720 3721 3722 3723 3724 3725 3726 3727 3728 3729 3730 3731 3732 3733 3734 3735 3736 3737 3738 3739 3740 3741 3742 3743 3744 3745 3746 3747 3748 3749 3750 3751 3752 3753 3754 3755 3756 3757 3758 3759 3760 3761 3762 3763 3764 3765 3766 3767 3768 3769 3770 3771 3772 3773 3774 3775 3776 3777 3778 3779 3780 3781 3782 3783 3784 3785 3786 3787 3788 3789 3790 3791 3792 3793 3794 3795 3796 3797 3798 3799 3800 3801 3802 3803 3804 3805 3806 3807 3808 3809 3810 3811 3812 3813 3814 3815 3816 3817 3818 3819 3820 3821 3822 3823 3824 3825 3826 3827 3828 3829 3830 3831 3832 3833 3834 3835 3836 3837 3838 3839 3840 3841 3842 3843 3844 3845 3846 3847 3848 3849 3850 3851 3852 3853 3854 3855 3856 3857 3858 3859 3860 3861 3862 3863 3864 3865 3866 3867 3868 3869 3870 3871 3872 3873 3874 3875 3876 3877 3878 3879 3880 3881 3882 3883 3884 3885 3886 3887 3888 3889 3890 3891 3892 3893 3894 3895 3896 3897 3898 3899 3900 3901 3902 3903 3904 3905 3906 3907 3908 3909 3910 3911 3912 3913 3914 3915 3916 3917 3918 3919 3920 3921 3922 3923 3924 3925 3926 3927 3928 3929 3930 3931 3932 3933 3934 3935 3936 3937 3938 3939 3940 3941 3942 3943 3944 3945 3946 3947 3948 3949 3950 3951 3952 3953 3954 3955 3956 3957 3958 3959 3960 3961 3962 3963 3964 3965 3966 3967 3968 3969 3970 3971 3972 3973 3974 3975 3976 3977 3978 3979 3980 3981 3982 3983 3984 3985 3986 3987 3988 3989 3990 3991 3992 3993 3994 3995 3996 3997 3998 3999 4000 4001 4002 4003 4004 4005 4006 4007 4008 4009 4010 4011 4012 4013 4014 4015 4016 4017 4018 4019 4020 4021 4022 4023 4024 4025 4026 4027 4028 4029 4030 4031 4032 4033 4034 4035 4036 4037 4038 4039 4040 4041 4042 4043 4044 4045 4046 4047 4048 4049 4050 4051 4052 4053 4054 4055 4056 4057 4058 4059 4060 4061 4062 4063 4064 4065 4066 4067 4068 4069 4070 4071 4072 4073 4074 4075 4076 4077 4078 4079 4080 4081 4082 4083 4084 4085 4086 4087 4088 4089 4090 4091 4092 4093 4094 4095 4096 4097 4098 4099 4100 4101 4102 4103 4104 4105 4106 4107 4108 4109 4110 4111 4112 4113 4114 4115 4116 4117 4118 4119 4120 4121 4122 4123 4124 4125 4126 4127 4128 4129 4130 4131 4132 4133 4134 4135 4136 4137 7786 7787 7827 7866 7940 7941 7974 8059 8084 8107 8128 8145 8175 8176 8189 8201 8212 8236 8240 8230 1845 1884 1922 1923 1924 1925 1954 1955 1928 1956 1979 1980 1981 1982 1999 2015 2029 2079 2075 2074 2051 2059 2060 7746 1844 7788 1804 7828 1846 7867 1885 7904 1886 7905 1887 7906 1888 7942 1889 1890 7943 1891 7975 1926 8004 8032 1927 1895 8033 1929 8060 1930 8085 1957 8108 1958 1959 8109 1960 8110 1961 8129 1983 8146 2000 8161 2016 8177 2030 8190 8202 2031 8213 2042 8222 2052 8223 8231 2061 2070 8232 2076 8237 2080 8239 </DataArray>
        <DataArray type="UInt8" Name="vtkGhostType" format="ascii" RangeMin="0" RangeMax="1">0 0 0 0 0 0 0 0 0 0 0 0 0 0 0 0 0 0 0 0 0 0 0 0 0 0 0 0 0 0 0 0 0 0 0 0 0 0 0 0 0 0 0 0 0 0 0 0 0 0 0 0 0 0 0 0 0 0 0 0 0 0 0 0 0 0 0 0 0 0 0 0 0 0 0 0 0 0 0 0 0 0 0 0 0 0 0 0 0 0 0 0 0 0 0 0 0 0 0 0 0 0 0 0 0 0 0 0 0 0 0 0 0 0 0 0 0 0 0 0 0 0 0 0 0 0 0 0 0 0 0 0 0 0 0 0 0 0 0 0 0 0 0 0 0 0 0 0 0 0 0 0 0 0 0 0 0 0 0 0 0 0 0 0 0 0 0 0 0 0 0 0 0 0 0 0 0 0 0 0 0 0 0 0 0 0 0 0 0 0 0 0 0 0 0 0 0 0 0 0 0 0 0 0 0 0 0 0 0 0 0 0 0 0 0 0 0 0 0 0 0 0 0 0 0 0 0 0 0 0 0 0 0 0 0 0 0 0 0 0 0 0 0 0 0 0 0 0 0 0 0 0 0 0 0 0 0 0 0 0 0 0 0 0 0 0 0 0 0 0 0 0 0 0 0 0 0 0 0 0 0 0 0 0 0 0 0 0 0 0 0 0 0 0 0 0 0 0 0 0 0 0 0 0 0 0 0 0 0 0 0 0 0 0 0 0 0 0 0 0 0 0 0 0 0 0 0 0 0 0 0 0 0 0 0 0 0 0 0 0 0 0 0 0 0 0 0 0 0 0 0 0 0 0 0 0 0 0 0 0 0 0 0 0 0 0 0 0 0 0 0 0 0 0 0 0 0 0 0 0 0 0 0 0 0 0 0 0 0 0 0 0 0 0 0 0 0 0 0 0 0 0 0 0 0 0 0 0 0 0 0 0 0 0 0 0 0 0 0 0 0 0 0 0 0 0 0 0 0 0 0 0 0 0 0 0 0 0 0 0 0 0 0 0 0 0 0 0 0 0 0 0 0 0 0 0 0 0 0 0 0 0 0 0 0 0 0 0 0 0 0 0 0 0 0 0 0 0 0 0 0 0 0 0 0 0 0 0 0 0 0 0 0 0 0 0 0 0 0 0 0 0 0 0 0 0 0 0 0 0 0 0 0 0 0 0 0 0 0 0 0 0 0 0 0 0 0 0 0 0 0 0 0 0 0 0 0 0 0 0 0 0 0 0 0 0 0 0 0 0 0 0 0 0 0 0 0 0 0 0 0 0 0 0 0 0 0 0 0 0 0 0 0 0 0 0 0 0 0 0 0 0 0 0 0 0 0 0 0 0 0 0 0 0 0 0 0 0 0 0 0 0 0 0 0 0 0 0 0 0 0 0 0 0 0 0 0 0 0 0 0 0 0 0 0 0 0 0 0 0 0 0 0 0 0 0 0 0 0 0 0 0 0 0 0 0 0 0 0 0 0 0 0 0 0 0 0 0 0 0 0 0 0 0 0 0 0 0 0 0 0 0 0 0 0 0 0 0 0 0 0 0 0 0 0 0 0 0 0 0 0 0 0 0 0 0 0 0 0 0 0 0 0 0 0 0 0 0 0 0 0 0 0 0 0 0 0 0 0 0 0 0 0 0 0 0 0 0 0 0 0 0 0 0 0 0 0 0 0 0 0 0 0 0 0 0 0 0 0 0 0 0 0 0 0 0 0 0 0 0 0 0 0 0 0 0 0 0 0 0 0 0 0 0 0 0 0 0 0 0 0 0 0 0 0 0 0 0 0 0 0 0 0 0 0 0 0 0 0 0 0 0 0 0 0 0 0 0 0 0 0 0 0 0 0 0 0 0 0 0 0 0 0 0 0 0 0 0 0 0 0 0 0 0 0 0 0 0 0 0 0 0 0 0 0 0 0 0 0 0 0 0 0 0 0 0 0 0 0 0 0 0 0 0 0 0 0 0 0 0 0 0 0 0 0 0 0 0 0 0 0 0 0 0 0 0 0 0 0 0 0 0 0 0 0 0 0 0 0 0 0 0 0 0 0 0 0 0 0 0 0 0 0 0 0 0 0 0 0 0 0 0 0 0 0 0 0 0 0 0 0 0 0 0 0 0 0 0 0 0 0 0 0 0 0 0 0 0 0 0 0 0 0 0 0 0 0 0 0 0 0 0 0 0 0 0 0 0 0 0 0 0 0 0 0 0 0 0 0 0 0 0 0 0 0 0 0 0 0 0 0 0 0 0 0 0 0 0 0 0 0 0 0 0 0 0 0 0 0 0 0 0 0 0 0 0 0 0 0 0 0 0 0 0 0 0 0 0 0 0 0 0 0 0 0 0 0 0 0 0 0 0 0 0 0 0 0 0 0 0 0 0 0 0 0 0 0 0 0 0 0 0 0 0 0 0 0 0 0 0 0 0 0 0 0 0 0 0 0 0 0 0 0 0 0 0 0 0 0 0 0 0 0 0 0 0 0 0 0 0 0 0 0 0 0 0 0 0 0 0 0 0 0 0 0 0 0 0 0 0 0 0 0 0 0 0 0 0 0 0 0 0 0 0 0 0 0 0 0 0 0 0 0 0 0 0 0 0 0 0 0 0 0 0 0 0 0 0 0 0 0 0 0 0 0 0 0 0 0 0 0 0 0 0 0 0 0 0 0 0 0 0 0 0 0 0 0 0 0 0 0 0 0 0 0 0 0 0 0 0 0 0 0 0 0 0 0 0 0 0 0 0 0 0 0 0 0 0 0 0 0 0 0 0 0 0 0 0 0 0 0 0 0 0 0 0 0 0 0 0 0 0 0 0 0 0 0 0 0 0 0 0 0 0 0 0 0 0 0 0 0 0 0 0 0 0 0 0 0 0 0 0 0 0 0 0 0 0 0 0 0 0 0 0 0 0 0 0 0 0 0 0 0 0 0 0 0 0 0 0 0 0 0 0 0 0 0 0 0 0 0 0 0 0 0 0 0 0 0 0 0 0 0 0 0 0 0 0 0 0 0 0 0 0 0 0 0 0 0 0 0 0 0 0 0 0 0 0 0 0 0 0 0 0 0 0 0 0 0 0 0 0 0 0 0 0 0 0 0 0 0 0 0 0 0 0 0 0 0 0 0 0 0 0 0 0 0 0 0 0 0 0 0 0 0 0 0 0 0 0 0 0 0 0 0 0 0 0 0 0 0 0 0 0 0 0 0 0 0 0 0 0 0 0 0 0 0 0 0 0 0 0 0 0 0 0 0 0 0 0 0 0 0 0 0 0 0 0 0 0 0 0 0 0 0 0 0 0 0 0 0 0 0 0 0 0 0 0 0 0 0 0 0 0 0 0 0 0 0 0 0 0 0 0 0 0 0 0 0 0 0 0 0 0 0 0 0 0 0 0 0 0 0 0 0 0 0 0 0 0 0 0 0 0 0 0 0 0 0 0 0 0 0 0 0 0 0 0 0 0 0 0 0 0 0 0 0 0 0 0 0 0 0 0 0 0 0 0 0 0 0 0 0 0 0 0 0 0 0 0 0 0 0 0 0 0 0 0 0 0 0 0 0 0 0 0 0 0 0 0 0 0 0 0 0 0 0 0 0 0 0 0 0 0 0 0 0 0 0 0 0 0 0 0 0 0 0 0 0 0 0 0 0 0 0 0 0 0 0 0 0 0 0 0 0 0 0 0 0 0 0 0 0 0 0 0 0 0 0 0 0 0 0 0 0 0 0 0 0 0 0 0 0 0 0 0 0 0 0 0 0 0 0 0 0 0 0 0 0 0 0 0 0 0 0 0 0 0 0 0 0 0 0 0 0 0 0 0 0 0 0 0 0 0 0 0 0 0 0 0 0 0 0 0 0 0 0 0 0 0 0 0 0 0 0 0 0 0 0 0 0 0 0 0 0 0 0 0 0 0 0 0 0 0 0 0 0 0 0 0 0 0 0 0 0 0 0 0 0 0 0 0 0 0 0 0 0 0 0 0 0 0 0 0 0 0 0 0 0 0 0 0 0 0 0 0 0 0 0 0 0 0 0 0 0 0 0 0 0 0 0 0 0 0 0 0 0 0 0 0 0 0 0 0 0 0 0 0 0 0 0 0 0 0 0 0 0 0 0 0 0 0 0 0 0 0 0 0 0 0 0 0 0 0 0 0 0 0 0 0 0 0 0 0 0 0 0 0 0 0 0 0 0 0 0 0 0 0 0 0 0 0 0 0 0 0 0 0 0 0 0 0 0 0 0 0 0 0 0 0 0 0 0 0 0 0 0 0 0 0 0 0 0 0 0 0 0 0 0 0 0 0 0 0 0 0 0 0 0 0 0 0 0 0 0 0 0 0 0 0 0 0 0 0 0 0 0 0 0 0 0 0 0 0 0 0 0 0 0 0 0 0 0 0 0 0 0 0 0 0 0 0 0 0 0 0 0 0 0 0 0 0 0 0 0 0 0 0 0 0 0 0 0 0 0 0 0 0 0 0 0 0 0 0 0 0 0 0 0 0 0 0 0 0 0 0 0 0 0 0 0 0 0 0 0 0 0 0 0 0 0 0 0 0 0 0 0 0 0 0 0 0 0 0 0 0 0 0 0 0 0 0 0 0 0 0 0 0 0 0 0 0 0 0 0 0 0 0 0 0 0 0 0 0 0 0 1 1 1 1 1 1 1 1 1 1 1 1 1 1 1 1 1 1 1 1 1 1 1 1 1 1 1 1 1 1 1 1 1 1 1 1 1 1 1 1 1 1 1 1 1 1 1 1 1 1 1 1 1 1 1 1 1 1 1 1 1 1 1 1 1 1 1 1 1 1 1 1 1 1 1 1 1 1 1 1 1 1 1 1 1 1 1 1 1 1 1 1 1 1 1 1 1 1 1 1 1 1 1 1 1 </DataArray>
        <DataArray type="Float64" Name="U" format="ascii" NumberOfComponents="4">1 0 0 1 1 0 0 1 1 0 0 1 1 0 0 1 1 0 0 1 1 0 0 1 1 0 0 1 1 0 0 1 1 0 0 1 1 0 0 1 1 0 0 1 1 0 0 1 1 0 0 1 1 0 0 1 1 0 0 1 1 0 0 1 1 0 0 1 1 0 0 1 1 0 0 1 1 0 0 1 1 0 0 1 1 0 0 1 1 0 0 1 1 0 0 1 1 0 0 1 1 0 0 1 1 0 0 1 1 0 0 1 1 0 0 1 1 0 0 1 1 0 0 1 1 0 0 1 1 0 0 1 1 0 0 1 1 0 0 1 1 0 0 1 1 0 0 1 1 0 0 1 1 0 0 1 1 0 0 1 1 0 0 1 1 0 0 1 1 0 0 1 1 0 0 1 1 0 0 1 1 0 0 1 1 0 0 1 1 0 0 1 1 0 0 1 1 0 0 1 1 0 0 1 1 0 0 1 1 0 0 1 1 0 0 1 1 0 0 1 1 0 0 1 1 0 0 1 1 0 0 1 1 0 0 1 1 0 0 1 1 0 0 1 1 0 0 1 1 0 0 1 1 0 0 1 1 0 0 1 1 0 0 1 1 0 0 1 1 0 0 1 1 0 0 1 1 0 0 1 1 0 0 1 1 0 0 1 1 0 0 1 1 0 0 1 1 0 0 1 1 0 0 1 1 0 0 1 1 0 0 1 1 0 0 1 1 0 0 1 1 0 0 1 1 0 0 1 1 0 0 1 1 0 0 1 1 0 0 1 1 0 0 1 1 0 0 1 1 0 0 1 1 0 0 1 1 0 0 1 1 0 0 1 1 0 0 1 1 0 0 1 1 0 0 1 1 0 0 1 1 0 0 1 1 0 0 1 1 0 0 1 1 0 0 1 1 0 0 1 1 0 0 1 1 0 0 1 1 0 0 1 1 0 0 1 1 0 0 1 1 0 0 1 1 0 0 1 1 0 0 1 1 0 0 1 1 0 0 1 0.125 0 0 0.1 0.125 0 0 0.1 0.125 0 0 0.1 0.125 0 0 0.1 0.125 0 0 0.1 0.125 0 0 0.1 0.125 0 0 0.1 0.125 0 0 0.1 0.125 0 0 0.1 0.125 0 0 0.1 0.125 0 0 0.1 0.125 0 0 0.1 0.125 0 0 0.1 0.125 0 0 0.1 0.125 0 0 0.1 0.125 0 0 0.1 0.125 0 0 0.1 0.125 0 0 0.1 0.125 0 0 0.1 0.125 0 0 0.1 0.125 0 0 0.1 0.125 0 0 0.1 0.125 0 0 0.1 0.125 0 0 0.1 0.125 0 0 0.1 0.125 0 0 0.1 0.125 0 0 0.1 0.125 0 0 0.1 0.125 0 0 0.1 0.125 0 0 0.1 0.125 0 0 0.1 0.125 0 0 0.1 0.125 0 0 0.1 0.125 0 0 0.1 0.125 0 0 0.1 0.125 0 0 0.1 0.125 0 0 0.1 0.125 0 0 0.1 0.125 0 0 0.1 0.125 0 0 0.1 0.125 0 0 0.1 0.125 0 0 0.1 0.125 0 0 0.1 0.125 0 0 0.1 0.125 0 0 0.1 0.125 0 0 0.1 0.125 0 0 0.1 0.125 0 0 0.1 0.125 0 0 0.1 0.125 0 0 0.1 0.125 0 0 0.1 0.125 0 0 0.1 0.125 0 0 0.1 0.125 0 0 0.1 0.125 0 0 0.1 0.125 0 0 0.1 0.125 0 0 0.1 0.125 0 0 0.1 0.125 0 0 0.1 0.125 0 0 0.1 0.125 0 0 0.1 0.125 0 0 0.1 0.125 0 0 0.1 0.125 0 0 0.1 0.125 0 0 0.1 0.125 0 0 0.1 0.125 0 0 0.1 0.125 0 0 0.1 0.125 0 0 0.1 0.125 0 0 0.1 0.125 0 0 0.1 0.125 0 0 0.1 0.125 0 0 0.1 0.125 0 0 0.1 0.125 0 0 0.1 0.125 0 0 0.1 0.125 0 0 0.1 0.125 0 0 0.1 0.125 0 0 0.1 0.125 0 0 0.1 0.125 0 0 0.1 0.125 0 0 0.1 0.125 0 0 0.1 0.125 0 0 0.1 0.125 0 0 0.1 0.125 0 0 0.1 0.125 0 0 0.1 0.125 0 0 0.1 0.125 0 0 0.1 0.125 0 0 0.1 0.125 0 0 0.1 0.125 0 0 0.1 0.125 0 0 0.1 0.125 0 0 0.1 0.125 0 0 0.1 0.125 0 0 0.1 0.125 0 0 0.1 0.125 0 0 0.1 0.125 0 0 0.1 0.125 0 0 0.1 0.125 0 0 0.1 0.125 0 0 0.1 0.125 0 0 0.1 0.125 0 0 0.1 0.125 0 0 0.1 0.125 0 0 0.1 0.125 0 0 0.1 0.125 0 0 0.1 0.125 0 0 0.1 0.125 0 0 0.1 0.125 0 0 0.1 0.125 0 0 0.1 0.125 0 0 0.1 0.125 0 0 0.1 0.125 0 0 0.1 0.125 0 0 0.1 0.125 0 0 0.1 0.125 0 0 0.1 0.125 0 0 0.1 0.125 0 0 0.1 0.125 0 0 0.1 0.125 0 0 0.1 0.125 0 0 0.1 0.125 0 0 0.1 0.125 0 0 0.1 0.125 0 0 0.1 0.125 0 0 0.1 0.125 0 0 0.1 0.125 0 0 0.1 0.125 0 0 0.1 0.125 0 0 0.1 0.125 0 0 0.1 0.125 0 0 0.1 0.125 0 0 0.1 0.125 0 0 0.1 0.125 0 0 0.1 0.125 0 0 0.1 0.125 0 0 0.1 0.125 0 0 0.1 0.125 0 0 0.1 0.125 0 0 0.1 0.125 0 0 0.1 0.125 0 0 0.1 0.125 0 0 0.1 0.125 0 0 0.1 0.125 0 0 0.1 0.125 0 0 0.1 0.125 0 0 0.1 0.125 0 0 0.1 0.125 0 0 0.1 0.125 0 0 0.1 0.125 0 0 0.1 0.125 0 0 0.1 0.125 0 0 0.1 0.125 0 0 0.1 0.125 0 0 0.1 0.125 0 0 0.1 0.125 0 0 0.1 0.125 0 0 0.1 0.125 0 0 0.1 0.125 0 0 0.1 0.125 0 0 0.1 0.125 0 0 0.1 0.125 0 0 0.1 0.125 0 0 0.1 0.125 0 0 0.1 0.125 0 0 0.1 0.125 0 0 0.1 0.125 0 0 0.1 0.125 0 0 0.1 0.125 0 0 0.1 0.125 0 0 0.1 0.125 0 0 0.1 0.125 0 0 0.1 0.125 0 0 0.1 0.125 0 0 0.1 0.125 0 0 0.1 0.125 0 0 0.1 0.125 0 0 0.1 0.125 0 0 0.1 0.125 0 0 0.1 0.125 0 0 0.1 0.125 0 0 0.1 0.125 0 0 0.1 0.125 0 0 0.1 0.125 0 0 0.1 0.125 0 0 0.1 0.125 0 0 0.1 0.125 0 0 0.1 0.125 0 0 0.1 0.125 0 0 0.1 0.125 0 0 0.1 0.125 0 0 0.1 0.125 0 0 0.1 0.125 0 0 0.1 0.125 0 0 0.1 0.125 0 0 0.1 0.125 0 0 0.1 0.125 0 0 0.1 0.125 0 0 0.1 0.125 0 0 0.1 0.125 0 0 0.1 0.125 0 0 0.1 0.125 0 0 0.1 0.125 0 0 0.1 0.125 0 0 0.1 0.125 0 0 0.1 0.125 0 0 0.1 0.125 0 0 0.1 0.125 0 0 0.1 0.125 0 0 0.1 0.125 0 0 0.1 0.125 0 0 0.1 0.125 0 0 0.1 0.125 0 0 0.1 0.125 0 0 0.1 0.125 0 0 0.1 0.125 0 0 0.1 0.125 0 0 0.1 0.125 0 0 0.1 0.125 0 0 0.1 0.125 0 0 0.1 0.125 0 0 0.1 0.125 0 0 0.1 0.125 0 0 0.1 0.125 0 0 0.1 0.125 0 0 0.1 0.125 0 0 0.1 0.125 0 0 0.1 0.125 0 0 0.1 0.125 0 0 0.1 0.125 0 0 0.1 0.125 0 0 0.1 0.125 0 0 0.1 0.125 0 0 0.1 0.125 0 0 0.1 0.125 0 0 0.1 0.125 0 0 0.1 0.125 0 0 0.1 0.125 0 0 0.1 0.125 0 0 0.1 0.125 0 0 0.1 0.125 0 0 0.1 0.125 0 0 0.1 0.125 0 0 0.1 0.125 0 0 0.1 0.125 0 0 0.1 0.125 0 0 0.1 0.125 0 0 0.1 0.125 0 0 0.1 0.125 0 0 0.1 0.125 0 0 0.1 0.125 0 0 0.1 0.125 0 0 0.1 0.125 0 0 0.1 0.125 0 0 0.1 0.125 0 0 0.1 0.125 0 0 0.1 0.125 0 0 0.1 0.125 0 0 0.1 0.125 0 0 0.1 0.125 0 0 0.1 0.125 0 0 0.1 0.125 0 0 0.1 0.125 0 0 0.1 0.125 0 0 0.1 0.125 0 0 0.1 0.125 0 0 0.1 0.125 0 0 0.1 0.125 0 0 0.1 0.125 0 0 0.1 0.125 0 0 0.1 0.125 0 0 0.1 0.125 0 0 0.1 0.125 0 0 0.1 0.125 0 0 0.1 0.125 0 0 0.1 0.125 0 0 0.1 0.125 0 0 0.1 0.125 0 0 0.1 0.125 0 0 0.1 0.125 0 0 0.1 0.125 0 0 0.1 0.125 0 0 0.1 0.125 0 0 0.1 0.125 0 0 0.1 0.125 0 0 0.1 0.125 0 0 0.1 0.125 0 0 0.1 0.125 0 0 0.1 0.125 0 0 0.1 0.125 0 0 0.1 0.125 0 0 0.1 0.125 0 0 0.1 0.125 0 0 0.1 0.125 0 0 0.1 0.125 0 0 0.1 0.125 0 0 0.1 0.125 0 0 0.1 0.125 0 0 0.1 0.125 0 0 0.1 0.125 0 0 0.1 0.125 0 0 0.1 0.125 0 0 0.1 0.125 0 0 0.1 0.125 0 0 0.1 0.125 0 0 0.1 0.125 0 0 0.1 0.125 0 0 0.1 0.125 0 0 0.1 0.125 0 0 0.1 0.125 0 0 0.1 0.125 0 0 0.1 0.125 0 0 0.1 0.125 0 0 0.1 0.125 0 0 0.1 0.125 0 0 0.1 0.125 0 0 0.1 0.125 0 0 0.1 0.125 0 0 0.1 0.125 0 0 0.1 0.125 0 0 0.1 0.125 0 0 0.1 0.125 0 0 0.1 0.125 0 0 0.1 0.125 0 0 0.1 0.125 0 0 0.1 0.125 0 0 0.1 0.125 0 0 0.1 0.125 0 0 0.1 0.125 0 0 0.1 0.125 0 0 0.1 0.125 0 0 0.1 0.125 0 0 0.1 0.125 0 0 0.1 0.125 0 0 0.1 0.125 0 0 0.1 0.125 0 0 0.1 0.125 0 0 0.1 0.125 0 0 0.1 0.125 0 0 0.1 0.125 0 0 0.1 0.125 0 0 0.1 0.125 0 0 0.1 0.125 0 0 0.1 0.125 0 0 0.1 0.125 0 0 0.1 0.125 0 0 0.1 0.125 0 0 0.1 0.125 0 0 0.1 0.125 0 0 0.1 0.125 0 0 0.1 0.125 0 0 0.1 0.125 0 0 0.1 0.125 0 0 0.1 0.125 0 0 0.1 0.125 0 0 0.1 0.125 0 0 0.1 0.125 0 0 0.1 0.125 0 0 0.1 0.125 0 0 0.1 0.125 0 0 0.1 0.125 0 0 0.1 0.125 0 0 0.1 0.125 0 0 0.1 0.125 0 0 0.1 0.125 0 0 0.1 0.125 0 0 0.1 0.125 0 0 0.1 0.125 0 0 0.1 0.125 0 0 0.1 0.125 0 0 0.1 0.125 0 0 0.1 0.125 0 0 0.1 0.125 0 0 0.1 0.125 0 0 0.1 0.125 0 0 0.1 0.125 0 0 0.1 0.125 0 0 0.1 0.125 0 0 0.1 0.125 0 0 0.1 0.125 0 0 0.1 0.125 0 0 0.1 0.125 0 0 0.1 0.125 0 0 0.1 0.125 0 0 0.1 0.125 0 0 0.1 0.125 0 0 0.1 0.125 0 0 0.1 0.125 0 0 0.1 0.125 0 0 0.1 0.125 0 0 0.1 0.125 0 0 0.1 0.125 0 0 0.1 0.125 0 0 0.1 0.125 0 0 0.1 0.125 0 0 0.1 0.125 0 0 0.1 0.125 0 0 0.1 0.125 0 0 0.1 0.125 0 0 0.1 0.125 0 0 0.1 0.125 0 0 0.1 0.125 0 0 0.1 0.125 0 0 0.1 0.125 0 0 0.1 0.125 0 0 0.1 0.125 0 0 0.1 0.125 0 0 0.1 0.125 0 0 0.1 0.125 0 0 0.1 0.125 0 0 0.1 0.125 0 0 0.1 0.125 0 0 0.1 0.125 0 0 0.1 0.125 0 0 0.1 0.125 0 0 0.1 0.125 0 0 0.1 0.125 0 0 0.1 0.125 0 0 0.1 0.125 0 0 0.1 0.125 0 0 0.1 0.125 0 0 0.1 0.125 0 0 0.1 0.125 0 0 0.1 0.125 0 0 0.1 0.125 0 0 0.1 0.125 0 0 0.1 0.125 0 0 0.1 0.125 0 0 0.1 0.125 0 0 0.1 0.125 0 0 0.1 0.125 0 0 0.1 0.125 0 0 0.1 0.125 0 0 0.1 0.125 0 0 0.1 0.125 0 0 0.1 0.125 0 0 0.1 0.125 0 0 0.1 0.125 0 0 0.1 0.125 0 0 0.1 0.125 0 0 0.1 0.125 0 0 0.1 0.125 0 0 0.1 0.125 0 0 0.1 0.125 0 0 0.1 0.125 0 0 0.1 0.125 0 0 0.1 0.125 0 0 0.1 0.125 0 0 0.1 0.125 0 0 0.1 0.125 0 0 0.1 0.125 0 0 0.1 0.125 0 0 0.1 0.125 0 0 0.1 0.125 0 0 0.1 0.125 0 0 0.1 0.125 0 0 0.1 0.125 0 0 0.1 0.125 0 0 0.1 0.125 0 0 0.1 0.125 0 0 0.1 0.125 0 0 0.1 0.125 0 0 0.1 0.125 0 0 0.1 0.125 0 0 0.1 0.125 0 0 0.1 0.125 0 0 0.1 0.125 0 0 0.1 0.125 0 0 0.1 0.125 0 0 0.1 0.125 0 0 0.1 0.125 0 0 0.1 0.125 0 0 0.1 0.125 0 0 0.1 0.125 0 0 0.1 0.125 0 0 0.1 0.125 0 0 0.1 0.125 0 0 0.1 0.125 0 0 0.1 0.125 0 0 0.1 0.125 0 0 0.1 0.125 0 0 0.1 0.125 0 0 0.1 0.125 0 0 0.1 0.125 0 0 0.1 0.125 0 0 0.1 0.125 0 0 0.1 0.125 0 0 0.1 0.125 0 0 0.1 0.125 0 0 0.1 0.125 0 0 0.1 0.125 0 0 0.1 0.125 0 0 0.1 0.125 0 0 0.1 0.125 0 0 0.1 0.125 0 0 0.1 0.125 0 0 0.1 0.125 0 0 0.1 0.125 0 0 0.1 0.125 0 0 0.1 0.125 0 0 0.1 0.125 0 0 0.1 0.125 0 0 0.1 0.125 0 0 0.1 0.125 0 0 0.1 0.125 0 0 0.1 0.125 0 0 0.1 0.125 0 0 0.1 0.125 0 0 0.1 0.125 0 0 0.1 0.125 0 0 0.1 0.125 0 0 0.1 0.125 0 0 0.1 0.125 0 0 0.1 0.125 0 0 0.1 0.125 0 0 0.1 0.125 0 0 0.1 0.125 0 0 0.1 0.125 0 0 0.1 0.125 0 0 0.1 0.125 0 0 0.1 0.125 0 0 0.1 0.125 0 0 0.1 0.125 0 0 0.1 0.125 0 0 0.1 0.125 0 0 0.1 0.125 0 0 0.1 0.125 0 0 0.1 0.125 0 0 0.1 0.125 0 0 0.1 0.125 0 0 0.1 0.125 0 0 0.1 0.125 0 0 0.1 0.125 0 0 0.1 0.125 0 0 0.1 0.125 0 0 0.1 0.125 0 0 0.1 0.125 0 0 0.1 0.125 0 0 0.1 0.125 0 0 0.1 0.125 0 0 0.1 0.125 0 0 0.1 0.125 0 0 0.1 0.125 0 0 0.1 0.125 0 0 0.1 0.125 0 0 0.1 0.125 0 0 0.1 0.125 0 0 0.1 0.125 0 0 0.1 0.125 0 0 0.1 0.125 0 0 0.1 0.125 0 0 0.1 0.125 0 0 0.1 0.125 0 0 0.1 0.125 0 0 0.1 0.125 0 0 0.1 0.125 0 0 0.1 0.125 0 0 0.1 0.125 0 0 0.1 0.125 0 0 0.1 0.125 0 0 0.1 0.125 0 0 0.1 0.125 0 0 0.1 0.125 0 0 0.1 0.125 0 0 0.1 0.125 0 0 0.1 0.125 0 0 0.1 0.125 0 0 0.1 0.125 0 0 0.1 0.125 0 0 0.1 0.125 0 0 0.1 0.125 0 0 0.1 0.125 0 0 0.1 0.125 0 0 0.1 0.125 0 0 0.1 0.125 0 0 0.1 0.125 0 0 0.1 0.125 0 0 0.1 0.125 0 0 0.1 0.125 0 0 0.1 0.125 0 0 0.1 0.125 0 0 0.1 0.125 0 0 0.1 0.125 0 0 0.1 0.125 0 0 0.1 0.125 0 0 0.1 0.125 0 0 0.1 0.125 0 0 0.1 0.125 0 0 0.1 0.125 0 0 0.1 0.125 0 0 0.1 0.125 0 0 0.1 0.125 0 0 0.1 0.125 0 0 0.1 0.125 0 0 0.1 0.125 0 0 0.1 0.125 0 0 0.1 0.125 0 0 0.1 0.125 0 0 0.1 0.125 0 0 0.1 0.125 0 0 0.1 0.125 0 0 0.1 0.125 0 0 0.1 0.125 0 0 0.1 0.125 0 0 0.1 0.125 0 0 0.1 0.125 0 0 0.1 0.125 0 0 0.1 0.125 0 0 0.1 0.125 0 0 0.1 0.125 0 0 0.1 0.125 0 0 0.1 0.125 0 0 0.1 0.125 0 0 0.1 0.125 0 0 0.1 0.125 0 0 0.1 0.125 0 0 0.1 0.125 0 0 0.1 0.125 0 0 0.1 0.125 0 0 0.1 0.125 0 0 0.1 0.125 0 0 0.1 0.125 0 0 0.1 0.125 0 0 0.1 0.125 0 0 0.1 0.125 0 0 0.1 0.125 0 0 0.1 0.125 0 0 0.1 0.125 0 0 0.1 0.125 0 0 0.1 0.125 0 0 0.1 0.125 0 0 0.1 0.125 0 0 0.1 0.125 0 0 0.1 0.125 0 0 0.1 0.125 0 0 0.1 0.125 0 0 0.1 0.125 0 0 0.1 0.125 0 0 0.1 0.125 0 0 0.1 0.125 0 0 0.1 0.125 0 0 0.1 0.125 0 0 0.1 0.125 0 0 0.1 0.125 0 0 0.1 0.125 0 0 0.1 0.125 0 0 0.1 0.125 0 0 0.1 0.125 0 0 0.1 0.125 0 0 0.1 0.125 0 0 0.1 0.125 0 0 0.1 0.125 0 0 0.1 0.125 0 0 0.1 0.125 0 0 0.1 0.125 0 0 0.1 0.125 0 0 0.1 0.125 0 0 0.1 0.125 0 0 0.1 0.125 0 0 0.1 0.125 0 0 0.1 0.125 0 0 0.1 0.125 0 0 0.1 0.125 0 0 0.1 0.125 0 0 0.1 0.125 0 0 0.1 0.125 0 0 0.1 0.125 0 0 0.1 0.125 0 0 0.1 0.125 0 0 0.1 0.125 0 0 0.1 0.125 0 0 0.1 0.125 0 0 0.1 0.125 0 0 0.1 0.125 0 0 0.1 0.125 0 0 0.1 0.125 0 0 0.1 0.125 0 0 0.1 0.125 0 0 0.1 0.125 0 0 0.1 0.125 0 0 0.1 0.125 0 0 0.1 0.125 0 0 0.1 0.125 0 0 0.1 0.125 0 0 0.1 0.125 0 0 0.1 0.125 0 0 0.1 0.125 0 0 0.1 0.125 0 0 0.1 0.125 0 0 0.1 0.125 0 0 0.1 0.125 0 0 0.1 0.125 0 0 0.1 0.125 0 0 0.1 0.125 0 0 0.1 0.125 0 0 0.1 0.125 0 0 0.1 0.125 0 0 0.1 0.125 0 0 0.1 0.125 0 0 0.1 0.125 0 0 0.1 0.125 0 0 0.1 0.125 0 0 0.1 0.125 0 0 0.1 0.125 0 0 0.1 0.125 0 0 0.1 0.125 0 0 0.1 0.125 0 0 0.1 0.125 0 0 0.1 0.125 0 0 0.1 0.125 0 0 0.1 0.125 0 0 0.1 0.125 0 0 0.1 0.125 0 0 0.1 0.125 0 0 0.1 0.125 0 0 0.1 0.125 0 0 0.1 0.125 0 0 0.1 0.125 0 0 0.1 0.125 0 0 0.1 0.125 0 0 0.1 0.125 0 0 0.1 0.125 0 0 0.1 0.125 0 0 0.1 0.125 0 0 0.1 0.125 0 0 0.1 0.125 0 0 0.1 0.125 0 0 0.1 0.125 0 0 0.1 0.125 0 0 0.1 0.125 0 0 0.1 0.125 0 0 0.1 0.125 0 0 0.1 0.125 0 0 0.1 0.125 0 0 0.1 0.125 0 0 0.1 0.125 0 0 0.1 0.125 0 0 0.1 0.125 0 0 0.1 0.125 0 0 0.1 0.125 0 0 0.1 0.125 0 0 0.1 0.125 0 0 0.1 0.125 0 0 0.1 0.125 0 0 0.1 0.125 0 0 0.1 0.125 0 0 0.1 0.125 0 0 0.1 0.125 0 0 0.1 0.125 0 0 0.1 0.125 0 0 0.1 0.125 0 0 0.1 0.125 0 0 0.1 0.125 0 0 0.1 0.125 0 0 0.1 0.125 0 0 0.1 0.125 0 0 0.1 0.125 0 0 0.1 0.125 0 0 0.1 0.125 0 0 0.1 0.125 0 0 0.1 0.125 0 0 0.1 0.125 0 0 0.1 0.125 0 0 0.1 0.125 0 0 0.1 0.125 0 0 0.1 0.125 0 0 0.1 0.125 0 0 0.1 0.125 0 0 0.1 0.125 0 0 0.1 0.125 0 0 0.1 0.125 0 0 0.1 0.125 0 0 0.1 0.125 0 0 0.1 0.125 0 0 0.1 0.125 0 0 0.1 0.125 0 0 0.1 0.125 0 0 0.1 0.125 0 0 0.1 0.125 0 0 0.1 0.125 0 0 0.1 0.125 0 0 0.1 0.125 0 0 0.1 0.125 0 0 0.1 0.125 0 0 0.1 0.125 0 0 0.1 0.125 0 0 0.1 0.125 0 0 0.1 0.125 0 0 0.1 0.125 0 0 0.1 0.125 0 0 0.1 0.125 0 0 0.1 0.125 0 0 0.1 0.125 0 0 0.1 0.125 0 0 0.1 0.125 0 0 0.1 0.125 0 0 0.1 0.125 0 0 0.1 0.125 0 0 0.1 0.125 0 0 0.1 0.125 0 0 0.1 0.125 0 0 0.1 0.125 0 0 0.1 0.125 0 0 0.1 0.125 0 0 0.1 0.125 0 0 0.1 0.125 0 0 0.1 0.125 0 0 0.1 0.125 0 0 0.1 0.125 0 0 0.1 0.125 0 0 0.1 0.125 0 0 0.1 0.125 0 0 0.1 0.125 0 0 0.1 0.125 0 0 0.1 0.125 0 0 0.1 0.125 0 0 0.1 0.125 0 0 0.1 0.125 0 0 0.1 0.125 0 0 0.1 0.125 0 0 0.1 0.125 0 0 0.1 0.125 0 0 0.1 0.125 0 0 0.1 0.125 0 0 0.1 0.125 0 0 0.1 0.125 0 0 0.1 0.125 0 0 0.1 0.125 0 0 0.1 0.125 0 0 0.1 0.125 0 0 0.1 0.125 0 0 0.1 0.125 0 0 0.1 0.125 0 0 0.1 0.125 0 0 0.1 0.125 0 0 0.1 0.125 0 0 0.1 0.125 0 0 0.1 0.125 0 0 0.1 0.125 0 0 0.1 0.125 0 0 0.1 0.125 0 0 0.1 0.125 0 0 0.1 0.125 0 0 0.1 0.125 0 0 0.1 0.125 0 0 0.1 0.125 0 0 0.1 0.125 0 0 0.1 0.125 0 0 0.1 0.125 0 0 0.1 0.125 0 0 0.1 0.125 0 0 0.1 0.125 0 0 0.1 0.125 0 0 0.1 0.125 0 0 0.1 0.125 0 0 0.1 0.125 0 0 0.1 0.125 0 0 0.1 0.125 0 0 0.1 0.125 0 0 0.1 0.125 0 0 0.1 0.125 0 0 0.1 0.125 0 0 0.1 0.125 0 0 0.1 0.125 0 0 0.1 0.125 0 0 0.1 0.125 0 0 0.1 0.125 0 0 0.1 0.125 0 0 0.1 0.125 0 0 0.1 0.125 0 0 0.1 0.125 0 0 0.1 0.125 0 0 0.1 0.125 0 0 0.1 0.125 0 0 0.1 0.125 0 0 0.1 0.125 0 0 0.1 0.125 0 0 0.1 0.125 0 0 0.1 0.125 0 0 0.1 0.125 0 0 0.1 0.125 0 0 0.1 0.125 0 0 0.1 0.125 0 0 0.1 0.125 0 0 0.1 0.125 0 0 0.1 0.125 0 0 0.1 0.125 0 0 0.1 0.125 0 0 0.1 0.125 0 0 0.1 0.125 0 0 0.1 0.125 0 0 0.1 0.125 0 0 0.1 0.125 0 0 0.1 0.125 0 0 0.1 0.125 0 0 0.1 0.125 0 0 0.1 0.125 0 0 0.1 0.125 0 0 0.1 0.125 0 0 0.1 0.125 0 0 0.1 0.125 0 0 0.1 0.125 0 0 0.1 0.125 0 0 0.1 0.125 0 0 0.1 0.125 0 0 0.1 0.125 0 0 0.1 0.125 0 0 0.1 0.125 0 0 0.1 0.125 0 0 0.1 0.125 0 0 0.1 0.125 0 0 0.1 0.125 0 0 0.1 0.125 0 0 0.1 0.125 0 0 0.1 0.125 0 0 0.1 0.125 0 0 0.1 0.125 0 0 0.1 0.125 0 0 0.1 0.125 0 0 0.1 0.125 0 0 0.1 0.125 0 0 0.1 0.125 0 0 0.1 0.125 0 0 0.1 0.125 0 0 0.1 0.125 0 0 0.1 0.125 0 0 0.1 0.125 0 0 0.1 0.125 0 0 0.1 0.125 0 0 0.1 0.125 0 0 0.1 0.125 0 0 0.1 0.125 0 0 0.1 0.125 0 0 0.1 0.125 0 0 0.1 0.125 0 0 0.1 0.125 0 0 0.1 0.125 0 0 0.1 0.125 0 0 0.1 0.125 0 0 0.1 0.125 0 0 0.1 0.125 0 0 0.1 0.125 0 0 0.1 0.125 0 0 0.1 0.125 0 0 0.1 0.125 0 0 0.1 0.125 0 0 0.1 0.125 0 0 0.1 0.125 0 0 0.1 0.125 0 0 0.1 0.125 0 0 0.1 0.125 0 0 0.1 0.125 0 0 0.1 0.125 0 0 0.1 0.125 0 0 0.1 0.125 0 0 0.1 0.125 0 0 0.1 0.125 0 0 0.1 0.125 0 0 0.1 0.125 0 0 0.1 0.125 0 0 0.1 0.125 0 0 0.1 0.125 0 0 0.1 0.125 0 0 0.1 0.125 0 0 0.1 0.125 0 0 0.1 0.125 0 0 0.1 0.125 0 0 0.1 0.125 0 0 0.1 0.125 0 0 0.1 0.125 0 0 0.1 0.125 0 0 0.1 0.125 0 0 0.1 0.125 0 0 0.1 0.125 0 0 0.1 0.125 0 0 0.1 0.125 0 0 0.1 0.125 0 0 0.1 0.125 0 0 0.1 0.125 0 0 0.1 0.125 0 0 0.1 0.125 0 0 0.1 0.125 0 0 0.1 0.125 0 0 0.1 0.125 0 0 0.1 0.125 0 0 0.1 0.125 0 0 0.1 0.125 0 0 0.1 0.125 0 0 0.1 0.125 0 0 0.1 0.125 0 0 0.1 0.125 0 0 0.1 0.125 0 0 0.1 0.125 0 0 0.1 0.125 0 0 0.1 0.125 0 0 0.1 0.125 0 0 0.1 0.125 0 0 0.1 0.125 0 0 0.1 0.125 0 0 0.1 0.125 0 0 0.1 0.125 0 0 0.1 0.125 0 0 0.1 0.125 0 0 0.1 0.125 0 0 0.1 0.125 0 0 0.1 0.125 0 0 0.1 0.125 0 0 0.1 0.125 0 0 0.1 0.125 0 0 0.1 0.125 0 0 0.1 0.125 0 0 0.1 0.125 0 0 0.1 0.125 0 0 0.1 0.125 0 0 0.1 0.125 0 0 0.1 0.125 0 0 0.1 0.125 0 0 0.1 0.125 0 0 0.1 0.125 0 0 0.1 0.125 0 0 0.1 0.125 0 0 0.1 0.125 0 0 0.1 0.125 0 0 0.1 0.125 0 0 0.1 0.125 0 0 0.1 0.125 0 0 0.1 0.125 0 0 0.1 0.125 0 0 0.1 0.125 0 0 0.1 0.125 0 0 0.1 0.125 0 0 0.1 0.125 0 0 0.1 0.125 0 0 0.1 0.125 0 0 0.1 0.125 0 0 0.1 0.125 0 0 0.1 0.125 0 0 0.1 0.125 0 0 0.1 0.125 0 0 0.1 0.125 0 0 0.1 0.125 0 0 0.1 0.125 0 0 0.1 0.125 0 0 0.1 0.125 0 0 0.1 0.125 0 0 0.1 0.125 0 0 0.1 0.125 0 0 0.1 0.125 0 0 0.1 0.125 0 0 0.1 0.125 0 0 0.1 0.125 0 0 0.1 0.125 0 0 0.1 0.125 0 0 0.1 0.125 0 0 0.1 0.125 0 0 0.1 0.125 0 0 0.1 0.125 0 0 0.1 0.125 0 0 0.1 0.125 0 0 0.1 0.125 0 0 0.1 0.125 0 0 0.1 0.125 0 0 0.1 0.125 0 0 0.1 0.125 0 0 0.1 0.125 0 0 0.1 0.125 0 0 0.1 0.125 0 0 0.1 0.125 0 0 0.1 0.125 0 0 0.1 0.125 0 0 0.1 0.125 0 0 0.1 0.125 0 0 0.1 0.125 0 0 0.1 0.125 0 0 0.1 0.125 0 0 0.1 0.125 0 0 0.1 0.125 0 0 0.1 0.125 0 0 0.1 0.125 0 0 0.1 0.125 0 0 0.1 0.125 0 0 0.1 0.125 0 0 0.1 0.125 0 0 0.1 0.125 0 0 0.1 0.125 0 0 0.1 0.125 0 0 0.1 0.125 0 0 0.1 0.125 0 0 0.1 0.125 0 0 0.1 0.125 0 0 0.1 0.125 0 0 0.1 0.125 0 0 0.1 0.125 0 0 0.1 0.125 0 0 0.1 0.125 0 0 0.1 0.125 0 0 0.1 0.125 0 0 0.1 0.125 0 0 0.1 0.125 0 0 0.1 0.125 0 0 0.1 0.125 0 0 0.1 0.125 0 0 0.1 0.125 0 0 0.1 0.125 0 0 0.1 0.125 0 0 0.1 0.125 0 0 0.1 0.125 0 0 0.1 0.125 0 0 0.1 0.125 0 0 0.1 0.125 0 0 0.1 0.125 0 0 0.1 0.125 0 0 0.1 0.125 0 0 0.1 0.125 0 0 0.1 0.125 0 0 0.1 0.125 0 0 0.1 0.125 0 0 0.1 0.125 0 0 0.1 0.125 0 0 0.1 0.125 0 0 0.1 0.125 0 0 0.1 0.125 0 0 0.1 0.125 0 0 0.1 0.125 0 0 0.1 0.125 0 0 0.1 0.125 0 0 0.1 0.125 0 0 0.1 0.125 0 0 0.1 0.125 0 0 0.1 0.125 0 0 0.1 0.125 0 0 0.1 0.125 0 0 0.1 0.125 0 0 0.1 0.125 0 0 0.1 0.125 0 0 0.1 0.125 0 0 0.1 0.125 0 0 0.1 0.125 0 0 0.1 0.125 0 0 0.1 0.125 0 0 0.1 0.125 0 0 0.1 0.125 0 0 0.1 0.125 0 0 0.1 0.125 0 0 0.1 0.125 0 0 0.1 0.125 0 0 0.1 0.125 0 0 0.1 0.125 0 0 0.1 0.125 0 0 0.1 0.125 0 0 0.1 0.125 0 0 0.1 0.125 0 0 0.1 0.125 0 0 0.1 0.125 0 0 0.1 0.125 0 0 0.1 0.125 0 0 0.1 0.125 0 0 0.1 0.125 0 0 0.1 0.125 0 0 0.1 0.125 0 0 0.1 0.125 0 0 0.1 0.125 0 0 0.1 0.125 0 0 0.1 0.125 0 0 0.1 0.125 0 0 0.1 0.125 0 0 0.1 0.125 0 0 0.1 0.125 0 0 0.1 0.125 0 0 0.1 0.125 0 0 0.1 0.125 0 0 0.1 0.125 0 0 0.1 0.125 0 0 0.1 0.125 0 0 0.1 0.125 0 0 0.1 0.125 0 0 0.1 0.125 0 0 0.1 0.125 0 0 0.1 0.125 0 0 0.1 0.125 0 0 0.1 0.125 0 0 0.1 0.125 0 0 0.1 0.125 0 0 0.1 0.125 0 0 0.1 0.125 0 0 0.1 0.125 0 0 0.1 0.125 0 0 0.1 0.125 0 0 0.1 0.125 0 0 0.1 0.125 0 0 0.1 0.125 0 0 0.1 0.125 0 0 0.1 0.125 0 0 0.1 0.125 0 0 0.1 0.125 0 0 0.1 0.125 0 0 0.1 0.125 0 0 0.1 0.125 0 0 0.1 0.125 0 0 0.1 0.125 0 0 0.1 0.125 0 0 0.1 0.125 0 0 0.1 0.125 0 0 0.1 0.125 0 0 0.1 0.125 0 0 0.1 0.125 0 0 0.1 0.125 0 0 0.1 0.125 0 0 0.1 0.125 0 0 0.1 0.125 0 0 0.1 0.125 0 0 0.1 0.125 0 0 0.1 0.125 0 0 0.1 0.125 0 0 0.1 0.125 0 0 0.1 0.125 0 0 0.1 0.125 0 0 0.1 0.125 0 0 0.1 0.125 0 0 0.1 0.125 0 0 0.1 0.125 0 0 0.1 0.125 0 0 0.1 0.125 0 0 0.1 0.125 0 0 0.1 0.125 0 0 0.1 0.125 0 0 0.1 0.125 0 0 0.1 0.125 0 0 0.1 0.125 0 0 0.1 0.125 0 0 0.1 0.125 0 0 0.1 0.125 0 0 0.1 0.125 0 0 0.1 0.125 0 0 0.1 0.125 0 0 0.1 0.125 0 0 0.1 0.125 0 0 0.1 0.125 0 0 0.1 0.125 0 0 0.1 0.125 0 0 0.1 0.125 0 0 0.1 0.125 0 0 0.1 0.125 0 0 0.1 0.125 0 0 0.1 0.125 0 0 0.1 0.125 0 0 0.1 0.125 0 0 0.1 0.125 0 0 0.1 0.125 0 0 0.1 0.125 0 0 0.1 0.125 0 0 0.1 0.125 0 0 0.1 0.125 0 0 0.1 0.125 0 0 0.1 0.125 0 0 0.1 0.125 0 0 0.1 0.125 0 0 0.1 0.125 0 0 0.1 0.125 0 0 0.1 0.125 0 0 0.1 0.125 0 0 0.1 0.125 0 0 0.1 0.125 0 0 0.1 0.125 0 0 0.1 0.125 0 0 0.1 0.125 0 0 0.1 0.125 0 0 0.1 0.125 0 0 0.1 0.125 0 0 0.1 0.125 0 0 0.1 0.125 0 0 0.1 0.125 0 0 0.1 0.125 0 0 0.1 0.125 0 0 0.1 0.125 0 0 0.1 0.125 0 0 0.1 0.125 0 0 0.1 0.125 0 0 0.1 0.125 0 0 0.1 0.125 0 0 0.1 0.125 0 0 0.1 0.125 0 0 0.1 0.125 0 0 0.1 0.125 0 0 0.1 0.125 0 0 0.1 0.125 0 0 0.1 0.125 0 0 0.1 0.125 0 0 0.1 0.125 0 0 0.1 0.125 0 0 0.1 0.125 0 0 0.1 0.125 0 0 0.1 0.125 0 0 0.1 0.125 0 0 0.1 0.125 0 0 0.1 0.125 0 0 0.1 0.125 0 0 0.1 0.125 0 0 0.1 0.125 0 0 0.1 0.125 0 0 0.1 0.125 0 0 0.1 0.125 0 0 0.1 0.125 0 0 0.1 0.125 0 0 0.1 0.125 0 0 0.1 0.125 0 0 0.1 0.125 0 0 0.1 0.125 0 0 0.1 0.125 0 0 0.1 0.125 0 0 0.1 0.125 0 0 0.1 0.125 0 0 0.1 0.125 0 0 0.1 0.125 0 0 0.1 0.125 0 0 0.1 0.125 0 0 0.1 0.125 0 0 0.1 0.125 0 0 0.1 0.125 0 0 0.1 0.125 0 0 0.1 0.125 0 0 0.1 0.125 0 0 0.1 0.125 0 0 0.1 0.125 0 0 0.1 0.125 0 0 0.1 0.125 0 0 0.1 0.125 0 0 0.1 0.125 0 0 0.1 0.125 0 0 0.1 0.125 0 0 0.1 0.125 0 0 0.1 0.125 0 0 0.1 0.125 0 0 0.1 0.125 0 0 0.1 0.125 0 0 0.1 0.125 0 0 0.1 0.125 0 0 0.1 0.125 0 0 0.1 0.125 0 0 0.1 0.125 0 0 0.1 0.125 0 0 0.1 0.125 0 0 0.1 0.125 0 0 0.1 0.125 0 0 0.1 0.125 0 0 0.1 0.125 0 0 0.1 0.125 0 0 0.1 0.125 0 0 0.1 0.125 0 0 0.1 0.125 0 0 0.1 0.125 0 0 0.1 0.125 0 0 0.1 0.125 0 0 0.1 0.125 0 0 0.1 0.125 0 0 0.1 0.125 0 0 0.1 0.125 0 0 0.1 0.125 0 0 0.1 0.125 0 0 0.1 0.125 0 0 0.1 0.125 0 0 0.1 0.125 0 0 0.1 0.125 0 0 0.1 0.125 0 0 0.1 0.125 0 0 0.1 0.125 0 0 0.1 0.125 0 0 0.1 0.125 0 0 0.1 0.125 0 0 0.1 0.125 0 0 0.1 0.125 0 0 0.1 0.125 0 0 0.1 0.125 0 0 0.1 0.125 0 0 0.1 0.125 0 0 0.1 0.125 0 0 0.1 0.125 0 0 0.1 0.125 0 0 0.1 0.125 0 0 0.1 0.125 0 0 0.1 0.125 0 0 0.1 0.125 0 0 0.1 0.125 0 0 0.1 0.125 0 0 0.1 0.125 0 0 0.1 0.125 0 0 0.1 0.125 0 0 0.1 0.125 0 0 0.1 0.125 0 0 0.1 0.125 0 0 0.1 0.125 0 0 0.1 0.125 0 0 0.1 0.125 0 0 0.1 0.125 0 0 0.1 0.125 0 0 0.1 0.125 0 0 0.1 0.125 0 0 0.1 0.125 0 0 0.1 0.125 0 0 0.1 0.125 0 0 0.1 0.125 0 0 0.1 0.125 0 0 0.1 0.125 0 0 0.1 0.125 0 0 0.1 0.125 0 0 0.1 0.125 0 0 0.1 0.125 0 0 0.1 0.125 0 0 0.1 0.125 0 0 0.1 0.125 0 0 0.1 0.125 0 0 0.1 0.125 0 0 0.1 0.125 0 0 0.1 0.125 0 0 0.1 0.125 0 0 0.1 0.125 0 0 0.1 0.125 0 0 0.1 0.125 0 0 0.1 0.125 0 0 0.1 0.125 0 0 0.1 0.125 0 0 0.1 0.125 0 0 0.1 0.125 0 0 0.1 0.125 0 0 0.1 0.125 0 0 0.1 0.125 0 0 0.1 0.125 0 0 0.1 0.125 0 0 0.1 0.125 0 0 0.1 0.125 0 0 0.1 0.125 0 0 0.1 0.125 0 0 0.1 0.125 0 0 0.1 0.125 0 0 0.1 0.125 0 0 0.1 0.125 0 0 0.1 0.125 0 0 0.1 0.125 0 0 0.1 0.125 0 0 0.1 0.125 0 0 0.1 0.125 0 0 0.1 0.125 0 0 0.1 0.125 0 0 0.1 0.125 0 0 0.1 0.125 0 0 0.1 0.125 0 0 0.1 0.125 0 0 0.1 0.125 0 0 0.1 0.125 0 0 0.1 0.125 0 0 0.1 0.125 0 0 0.1 0.125 0 0 0.1 0.125 0 0 0.1 0.125 0 0 0.1 0.125 0 0 0.1 0.125 0 0 0.1 0.125 0 0 0.1 0.125 0 0 0.1 0.125 0 0 0.1 0.125 0 0 0.1 0.125 0 0 0.1 0.125 0 0 0.1 0.125 0 0 0.1 0.125 0 0 0.1 0.125 0 0 0.1 0.125 0 0 0.1 0.125 0 0 0.1 0.125 0 0 0.1 0.125 0 0 0.1 0.125 0 0 0.1 0.125 0 0 0.1 0.125 0 0 0.1 0.125 0 0 0.1 0.125 0 0 0.1 0.125 0 0 0.1 0.125 0 0 0.1 0.125 0 0 0.1 0.125 0 0 0.1 0.125 0 0 0.1 0.125 0 0 0.1 0.125 0 0 0.1 0.125 0 0 0.1 0.125 0 0 0.1 0.125 0 0 0.1 0.125 0 0 0.1 0.125 0 0 0.1 0.125 0 0 0.1 0.125 0 0 0.1 0.125 0 0 0.1 0.125 0 0 0.1 0.125 0 0 0.1 0.125 0 0 0.1 0.125 0 0 0.1 0.125 0 0 0.1 0.125 0 0 0.1 0.125 0 0 0.1 0.125 0 0 0.1 0.125 0 0 0.1 0.125 0 0 0.1 0.125 0 0 0.1 0.125 0 0 0.1 0.125 0 0 0.1 0.125 0 0 0.1 0.125 0 0 0.1 0.125 0 0 0.1 0.125 0 0 0.1 0.125 0 0 0.1 0.125 0 0 0.1 0.125 0 0 0.1 0.125 0 0 0.1 0.125 0 0 0.1 0.125 0 0 0.1 0.125 0 0 0.1 0.125 0 0 0.1 0.125 0 0 0.1 0.125 0 0 0.1 0.125 0 0 0.1 0.125 0 0 0.1 0.125 0 0 0.1 0.125 0 0 0.1 0.125 0 0 0.1 0.125 0 0 0.1 0.125 0 0 0.1 0.125 0 0 0.1 0.125 0 0 0.1 0.125 0 0 0.1 0.125 0 0 0.1 0.125 0 0 0.1 0.125 0 0 0.1 0.125 0 0 0.1 0.125 0 0 0.1 0.125 0 0 0.1 0.125 0 0 0.1 0.125 0 0 0.1 0.125 0 0 0.1 0.125 0 0 0.1 0.125 0 0 0.1 0.125 0 0 0.1 0.125 0 0 0.1 0.125 0 0 0.1 0.125 0 0 0.1 0.125 0 0 0.1 0.125 0 0 0.1 0.125 0 0 0.1 0.125 0 0 0.1 0.125 0 0 0.1 0.125 0 0 0.1 0.125 0 0 0.1 0.125 0 0 0.1 0.125 0 0 0.1 0.125 0 0 0.1 0.125 0 0 0.1 0.125 0 0 0.1 0.125 0 0 0.1 0.125 0 0 0.1 0.125 0 0 0.1 0.125 0 0 0.1 0.125 0 0 0.1 0.125 0 0 0.1 0.125 0 0 0.1 0.125 0 0 0.1 0.125 0 0 0.1 0.125 0 0 0.1 0.125 0 0 0.1 0.125 0 0 0.1 0.125 0 0 0.1 0.125 0 0 0.1 0.125 0 0 0.1 0.125 0 0 0.1 0.125 0 0 0.1 0.125 0 0 0.1 0.125 0 0 0.1 0.125 0 0 0.1 0.125 0 0 0.1 0.125 0 0 0.1 0.125 0 0 0.1 0.125 0 0 0.1 0.125 0 0 0.1 0.125 0 0 0.1 0.125 0 0 0.1 0.125 0 0 0.1 0.125 0 0 0.1 0.125 0 0 0.1 0.125 0 0 0.1 0.125 0 0 0.1 0.125 0 0 0.1 0.125 0 0 0.1 0.125 0 0 0.1 0.125 0 0 0.1 0.125 0 0 0.1 0.125 0 0 0.1 0.125 0 0 0.1 0.125 0 0 0.1 0.125 0 0 0.1 0.125 0 0 0.1 0.125 0 0 0.1 0.125 0 0 0.1 0.125 0 0 0.1 0.125 0 0 0.1 0.125 0 0 0.1 0.125 0 0 0.1 0.125 0 0 0.1 0.125 0 0 0.1 0.125 0 0 0.1 0.125 0 0 0.1 0.125 0 0 0.1 0.125 0 0 0.1 0.125 0 0 0.1 0.125 0 0 0.1 0.125 0 0 0.1 0.125 0 0 0.1 0.125 0 0 0.1 0.125 0 0 0.1 0.125 0 0 0.1 0.125 0 0 0.1 0.125 0 0 0.1 0.125 0 0 0.1 0.125 0 0 0.1 0.125 0 0 0.1 0.125 0 0 0.1 0.125 0 0 0.1 0.125 0 0 0.1 0.125 0 0 0.1 0.125 0 0 0.1 0.125 0 0 0.1 0.125 0 0 0.1 0.125 0 0 0.1 0.125 0 0 0.1 0.125 0 0 0.1 0.125 0 0 0.1 0.125 0 0 0.1 0.125 0 0 0.1 0.125 0 0 0.1 0.125 0 0 0.1 0.125 0 0 0.1 0.125 0 0 0.1 0.125 0 0 0.1 0.125 0 0 0.1 0.125 0 0 0.1 0.125 0 0 0.1 0.125 0 0 0.1 0.125 0 0 0.1 0.125 0 0 0.1 0.125 0 0 0.1 0.125 0 0 0.1 0.125 0 0 0.1 0.125 0 0 0.1 0.125 0 0 0.1 0.125 0 0 0.1 0.125 0 0 0.1 0.125 0 0 0.1 0.125 0 0 0.1 0.125 0 0 0.1 0.125 0 0 0.1 0.125 0 0 0.1 0.125 0 0 0.1 0.125 0 0 0.1 0.125 0 0 0.1 0.125 0 0 0.1 0.125 0 0 0.1 0.125 0 0 0.1 0.125 0 0 0.1 0.125 0 0 0.1 0.125 0 0 0.1 0.125 0 0 0.1 0.125 0 0 0.1 0.125 0 0 0.1 0.125 0 0 0.1 0.125 0 0 0.1 0.125 0 0 0.1 0.125 0 0 0.1 0.125 0 0 0.1 0.125 0 0 0.1 0.125 0 0 0.1 0.125 0 0 0.1 0.125 0 0 0.1 0.125 0 0 0.1 0.125 0 0 0.1 0.125 0 0 0.1 0.125 0 0 0.1 0.125 0 0 0.1 0.125 0 0 0.1 0.125 0 0 0.1 0.125 0 0 0.1 0.125 0 0 0.1 0.125 0 0 0.1 0.125 0 0 0.1 0.125 0 0 0.1 0.125 0 0 0.1 0.125 0 0 0.1 0.125 0 0 0.1 0.125 0 0 0.1 0.125 0 0 0.1 0.125 0 0 0.1 0.125 0 0 0.1 0.125 0 0 0.1 0.125 0 0 0.1 0.125 0 0 0.1 0.125 0 0 0.1 0.125 0 0 0.1 0.125 0 0 0.1 0.125 0 0 0.1 0.125 0 0 0.1 0.125 0 0 0.1 0.125 0 0 0.1 0.125 0 0 0.1 0.125 0 0 0.1 0.125 0 0 0.1 0.125 0 0 0.1 0.125 0 0 0.1 0.125 0 0 0.1 0.125 0 0 0.1 0.125 0 0 0.1 0.125 0 0 0.1 0.125 0 0 0.1 0.125 0 0 0.1 0.125 0 0 0.1 0.125 0 0 0.1 0.125 0 0 0.1 0.125 0 0 0.1 0.125 0 0 0.1 0.125 0 0 0.1 0.125 0 0 0.1 0.125 0 0 0.1 0.125 0 0 0.1 0.125 0 0 0.1 0.125 0 0 0.1 0.125 0 0 0.1 0.125 0 0 0.1 0.125 0 0 0.1 0.125 0 0 0.1 0.125 0 0 0.1 0.125 0 0 0.1 0.125 0 0 0.1 0.125 0 0 0.1 0.125 0 0 0.1 0.125 0 0 0.1 0.125 0 0 0.1 0.125 0 0 0.1 0.125 0 0 0.1 0.125 0 0 0.1 0.125 0 0 0.1 0.125 0 0 0.1 0.125 0 0 0.1 0.125 0 0 0.1 0.125 0 0 0.1 0.125 0 0 0.1 0.125 0 0 0.1 0.125 0 0 0.1 0.125 0 0 0.1 0.125 0 0 0.1 0.125 0 0 0.1 0.125 0 0 0.1 0.125 0 0 0.1 0.125 0 0 0.1 0.125 0 0 0.1 0.125 0 0 0.1 0.125 0 0 0.1 0.125 0 0 0.1 0.125 0 0 0.1 0.125 0 0 0.1 0.125 0 0 0.1 0.125 0 0 0.1 0.125 0 0 0.1 0.125 0 0 0.1 0.125 0 0 0.1 0.125 0 0 0.1 0.125 0 0 0.1 0.125 0 0 0.1 0.125 0 0 0.1 0.125 0 0 0.1 0.125 0 0 0.1 0.125 0 0 0.1 0.125 0 0 0.1 0.125 0 0 0.1 0.125 0 0 0.1 0.125 0 0 0.1 0.125 0 0 0.1 0.125 0 0 0.1 0.125 0 0 0.1 0.125 0 0 0.1 0.125 0 0 0.1 0.125 0 0 0.1 0.125 0 0 0.1 0.125 0 0 0.1 0.125 0 0 0.1 0.125 0 0 0.1 0.125 0 0 0.1 0.125 0 0 0.1 0.125 0 0 0.1 0.125 0 0 0.1 0.125 0 0 0.1 0.125 0 0 0.1 0.125 0 0 0.1 0.125 0 0 0.1 0.125 0 0 0.1 0.125 0 0 0.1 0.125 0 0 0.1 0.125 0 0 0.1 0.125 0 0 0.1 0.125 0 0 0.1 0.125 0 0 0.1 0.125 0 0 0.1 0.125 0 0 0.1 0.125 0 0 0.1 0.125 0 0 0.1 0.125 0 0 0.1 0.125 0 0 0.1 0.125 0 0 0.1 0.125 0 0 0.1 0.125 0 0 0.1 0.125 0 0 0.1 0.125 0 0 0.1 0.125 0 0 0.1 0.125 0 0 0.1 0.125 0 0 0.1 0.125 0 0 0.1 0.125 0 0 0.1 0.125 0 0 0.1 0.125 0 0 0.1 0.125 0 0 0.1 0.125 0 0 0.1 0.125 0 0 0.1 0.125 0 0 0.1 0.125 0 0 0.1 0.125 0 0 0.1 0.125 0 0 0.1 0.125 0 0 0.1 0.125 0 0 0.1 0.125 0 0 0.1 0.125 0 0 0.1 0.125 0 0 0.1 0.125 0 0 0.1 0.125 0 0 0.1 0.125 0 0 0.1 0.125 0 0 0.1 0.125 0 0 0.1 0.125 0 0 0.1 0.125 0 0 0.1 0.125 0 0 0.1 0.125 0 0 0.1 0.125 0 0 0.1 0.125 0 0 0.1 0.125 0 0 0.1 0.125 0 0 0.1 0.125 0 0 0.1 0.125 0 0 0.1 0.125 0 0 0.1 0.125 0 0 0.1 0.125 0 0 0.1 0.125 0 0 0.1 0.125 0 0 0.1 0.125 0 0 0.1 0.125 0 0 0.1 0.125 0 0 0.1 0.125 0 0 0.1 0.125 0 0 0.1 0.125 0 0 0.1 0.125 0 0 0.1 0.125 0 0 0.1 0.125 0 0 0.1 0.125 0 0 0.1 0.125 0 0 0.1 0.125 0 0 0.1 0.125 0 0 0.1 0.125 0 0 0.1 0.125 0 0 0.1 0.125 0 0 0.1 0.125 0 0 0.1 0.125 0 0 0.1 0.125 0 0 0.1 0.125 0 0 0.1 0.125 0 0 0.1 0.125 0 0 0.1 0.125 0 0 0.1 0.125 0 0 0.1 0.125 0 0 0.1 0.125 0 0 0.1 0.125 0 0 0.1 0.125 0 0 0.1 0.125 0 0 0.1 0.125 0 0 0.1 0.125 0 0 0.1 0.125 0 0 0.1 0.125 0 0 0.1 0.125 0 0 0.1 0.125 0 0 0.1 0.125 0 0 0.1 0.125 0 0 0.1 0.125 0 0 0.1 0.125 0 0 0.1 0.125 0 0 0.1 0.125 0 0 0.1 0.125 0 0 0.1 0.125 0 0 0.1 0.125 0 0 0.1 0.125 0 0 0.1 0.125 0 0 0.1 0.125 0 0 0.1 0.125 0 0 0.1 0.125 0 0 0.1 0.125 0 0 0.1 0.125 0 0 0.1 0.125 0 0 0.1 0.125 0 0 0.1 0.125 0 0 0.1 0.125 0 0 0.1 0.125 0 0 0.1 0.125 0 0 0.1 0.125 0 0 0.1 0.125 0 0 0.1 0.125 0 0 0.1 0.125 0 0 0.1 0.125 0 0 0.1 0.125 0 0 0.1 0.125 0 0 0.1 0.125 0 0 0.1 0.125 0 0 0.1 0.125 0 0 0.1 0.125 0 0 0.1 0.125 0 0 0.1 0.125 0 0 0.1 0.125 0 0 0.1 0.125 0 0 0.1 0.125 0 0 0.1 0.125 0 0 0.1 0.125 0 0 0.1 0.125 0 0 0.1 0.125 0 0 0.1 0.125 0 0 0.1 0.125 0 0 0.1 0.125 0 0 0.1 0.125 0 0 0.1 0.125 0 0 0.1 0.125 0 0 0.1 0.125 0 0 0.1 0.125 0 0 0.1 0.125 0 0 0.1 0.125 0 0 0.1 0.125 0 0 0.1 0.125 0 0 0.1 0.125 0 0 0.1 0.125 0 0 0.1 0.125 0 0 0.1 1 0 0 1 1 0 0 1 1 0 0 1 1 0 0 1 1 0 0 1 1 0 0 1 1 0 0 1 1 0 0 1 1 0 0 1 1 0 0 1 0.125 0 0 0.1 0.125 0 0 0.1 0.125 0 0 0.1 0.125 0 0 0.1 0.125 0 0 0.1 0.125 0 0 0.1 0.125 0 0 0.1 0.125 0 0 0.1 0.125 0 0 0.1 0.125 0 0 0.1 0.125 0 0 0.1 0.125 0 0 0.1 0.125 0 0 0.1 0.125 0 0 0.1 0.125 0 0 0.1 0.125 0 0 0.1 0.125 0 0 0.1 0.125 0 0 0.1 0.125 0 0 0.1 0.125 0 0 0.1 0.125 0 0 0.1 0.125 0 0 0.1 0.125 0 0 0.1 0.125 0 0 0.1 0.125 0 0 0.1 0.125 0 0 0.1 0.125 0 0 0.1 0.125 0 0 0.1 0.125 0 0 0.1 0.125 0 0 0.1 0.125 0 0 0.1 0.125 0 0 0.1 0.125 0 0 0.1 1 0 0 1 0.125 0 0 0.1 1 0 0 1 0.125 0 0 0.1 1 0 0 1 0.125 0 0 0.1 1 0 0 1 0.125 0 0 0.1 1 0 0 1 0.125 0 0 0.1 1 0 0 1 0.125 0 0 0.1 1 0 0 1 0.125 0 0 0.1 1 0 0 1 0.125 0 0 0.1 0.125 0 0 0.1 1 0 0 1 0.125 0 0 0.1 1 0 0 1 0.125 0 0 0.1 1 0 0 1 1 0 0 1 0.125 0 0 0.1 0.125 0 0 0.1 1 0 0 1 0.125 0 0 0.1 1 0 0 1 0.125 0 0 0.1 1 0 0 1 0.125 0 0 0.1 1 0 0 1 0.125 0 0 0.1 0.125 0 0 0.1 1 0 0 1 0.125 0 0 0.1 1 0 0 1 0.125 0 0 0.1 0.125 0 0 0.1 0.125 0 0 0.1 0.125 0 0 0.1 0.125 0 0 0.1 0.125 0 0 0.1 0.125 0 0 0.1 0.125 0 0 0.1 0.125 0 0 0.1 0.125 0 0 0.1 0.125 0 0 0.1 0.125 0 0 0.1 0.125 0 0 0.1 0.125 0 0 0.1 0.125 0 0 0.1 0.125 0 0 0.1 0.125 0 0 0.1 0.125 0 0 0.1 0.125 0 0 0.1 0.125 0 0 0.1 0.125 0 0 0.1 0.125 0 0 0.1 0.125 0 0 0.1 0.125 0 0 0.1 0.125 0 0 0.1 </DataArray>
      </PointData>
    </Piece>
  </UnstructuredGrid>
</VTKFile>
