<?xml version="1.0"?>
<VTKFile type="UnstructuredGrid" version="2.2">
  <UnstructuredGrid>
    <Piece NumberOfPoints="2143" NumberOfCells="4064">
      <Points>
        <DataArray type="Float64" NumberOfComponents="3" format="ascii">0.205 1.077114035788043e-19 0 0.21 1.077114035788043e-19 0 0.21 0.005000000000000001 0 0.215 0.005 0 0.21 0.01 0 0.215 0.01 0 0.21 0.015 0 0.215 0.015 0 0.215 1.077114035788043e-19 0 0.22 0.005 0 0.22 0.01 0 0.22 0.015 0 0.22 0.02 0 0.22 0.025 0 0.22 0.03 0 0.22 1.077114035788043e-19 0 0.22 0.03500000000000001 0 0.225 0.005 0 0.225 0.01 0 0.225 0.015 0 0.225 0.02 0 0.225 0.025 0 0.225 0.03 0 0.225 0.035 0 0.22 0.04 0 0.225 0.04 0 0.225 1.077114035788043e-19 0 0.225 0.045 0 0.23 0.005 0 0.23 0.01 0 0.23 0.015 0 0.23 0.02 0 0.23 0.025 0 0.23 0.03 0 0.23 0.035 0 0.23 0.04 0 0.23 0.045 0 0.23 1.077114035788043e-19 0 0.235 0.005 0 0.235 0.01 0 0.235 0.015 0 0.235 0.02 0 0.235 0.025 0 0.235 0.03 0 0.235 0.035 0 0.235 0.04 0 0.235 0.045 0 0.235 0.05 0 0.235 1.077114035788043e-19 0 0.235 0.05500000000000001 0 0.24 0.005 0 0.24 0.01 0 0.24 0.015 0 0.24 0.02 0 0.24 0.025 0 0.24 0.03 0 0.24 0.035 0 0.24 0.04 0 0.24 0.045 0 0.24 0.05 0 0.24 0.055 0 0.24 0.06 0 0.24 1.077114035788043e-19 0 0.245 0.005 0 0.245 0.01 0 0.245 0.015 0 0.245 0.02 0 0.245 0.025 0 0.245 0.03 0 0.245 0.035 0 0.245 0.04 0 0.245 0.045 0 0.245 0.05 0 0.245 0.055 0 0.245 0.06 0 0.245 0.065 0 0.245 0.07000000000000001 0 0.24 0.07500000000000001 0 0.245 0.075 0 0.24 0.08000000000000002 0 0.245 0.08 0 0.245 0.08500000000000001 0 0.245 0.09 0 0.245 1.077114035788043e-19 0 0.25 0.005 0 0.25 0.01 0 0.25 0.015 0 0.25 0.02 0 0.25 0.025 0 0.25 0.03 0 0.25 0.035 0 0.25 0.04 0 0.25 0.045 0 0.25 0.05 0 0.25 0.055 0 0.25 0.06 0 0.25 0.065 0 0.25 0.07000000000000001 0 0.25 0.075 0 0.25 0.08 0 0.25 0.08500000000000001 0 0.25 0.09 0 0.25 0.095 0 0.25 1.077114035788043e-19 0 0.25 0.1 0 0.255 0.005 0 0.255 0.01 0 0.255 0.015 0 0.255 0.02 0 0.255 0.025 0 0.255 0.03 0 0.255 0.035 0 0.255 0.04 0 0.255 0.045 0 0.255 0.05 0 0.255 0.055 0 0.255 0.06 0 0.255 0.065 0 0.255 0.07000000000000001 0 0.255 0.075 0 0.255 0.08 0 0.255 0.08500000000000001 0 0.255 0.09 0 0.255 0.095 0 0.255 0.1 0 0.255 0.105 0 0.25 0.11 0 0.255 0.11 0 0.255 0.115 0 0.255 0.12 0 0.255 1.077114035788043e-19 0 0.255 0.125 0 0.26 0.005 0 0.26 0.01 0 0.26 0.015 0 0.26 0.02 0 0.26 0.025 0 0.26 0.03 0 0.26 0.035 0 0.26 0.04 0 0.26 0.045 0 0.26 0.05 0 0.26 0.055 0 0.26 0.06 0 0.26 0.065 0 0.26 0.07000000000000001 0 0.26 0.075 0 0.26 0.08 0 0.26 0.08500000000000001 0 0.26 0.09 0 0.26 0.095 0 0.26 0.1 0 0.26 0.105 0 0.26 0.11 0 0.26 0.115 0 0.26 0.12 0 0.26 0.125 0 0.26 0.13 0 0.26 1.077114035788043e-19 0 0.26 0.135 0 0.265 0.005 0 0.265 0.01 0 0.265 0.015 0 0.265 0.02 0 0.265 0.025 0 0.265 0.03 0 0.265 0.035 0 0.265 0.04 0 0.265 0.045 0 0.265 0.05 0 0.265 0.055 0 0.265 0.06 0 0.265 0.065 0 0.265 0.07000000000000001 0 0.265 0.075 0 0.265 0.08 0 0.265 0.08500000000000001 0 0.265 0.09 0 0.265 0.095 0 0.265 0.1 0 0.265 0.105 0 0.265 0.11 0 0.265 0.115 0 0.265 0.12 0 0.265 0.125 0 0.265 0.13 0 0.265 0.135 0 0.265 1.077114035788043e-19 0 0.265 0.14 0 0.27 0.005 0 0.27 0.01 0 0.27 0.015 0 0.27 0.02 0 0.27 0.025 0 0.27 0.03 0 0.27 0.035 0 0.27 0.04 0 0.27 0.045 0 0.27 0.05 0 0.27 0.055 0 0.27 0.06 0 0.27 0.065 0 0.27 0.07000000000000001 0 0.27 0.075 0 0.27 0.08 0 0.27 0.08500000000000001 0 0.27 0.09 0 0.27 0.095 0 0.27 0.1 0 0.27 0.105 0 0.27 0.11 0 0.27 0.115 0 0.27 0.12 0 0.27 0.125 0 0.27 0.13 0 0.27 0.135 0 0.27 0.14 0 0.27 1.077114035788043e-19 0 0.275 0.005 0 0.275 0.01 0 0.275 0.015 0 0.275 0.02 0 0.275 0.025 0 0.275 0.03 0 0.275 0.035 0 0.275 0.04 0 0.275 0.045 0 0.275 0.05 0 0.275 0.055 0 0.275 0.06 0 0.275 0.065 0 0.275 0.07000000000000001 0 0.275 0.075 0 0.275 0.08 0 0.275 0.08500000000000001 0 0.275 0.09 0 0.275 0.095 0 0.275 0.1 0 0.275 0.105 0 0.275 0.11 0 0.275 0.115 0 0.275 0.12 0 0.275 0.125 0 0.275 0.13 0 0.275 0.135 0 0.275 0.14 0 0.275 0.145 0 0.275 0.15 0 0.275 1.077114035788043e-19 0 0.28 0.005 0 0.28 0.01 0 0.28 0.015 0 0.28 0.02 0 0.28 0.025 0 0.28 0.03 0 0.28 0.035 0 0.28 0.04 0 0.28 0.045 0 0.28 0.05 0 0.28 0.055 0 0.28 0.06 0 0.28 0.065 0 0.28 0.07000000000000001 0 0.28 0.075 0 0.28 0.08 0 0.28 0.08500000000000001 0 0.28 0.09 0 0.28 0.095 0 0.28 0.1 0 0.28 0.105 0 0.28 0.11 0 0.28 0.115 0 0.28 0.12 0 0.28 0.125 0 0.28 0.13 0 0.28 0.135 0 0.28 0.14 0 0.28 0.145 0 0.28 0.15 0 0.28 0.155 0 0.28 1.077114035788043e-19 0 0.285 0.005 0 0.285 0.01 0 0.285 0.015 0 0.285 0.02 0 0.285 0.025 0 0.285 0.03 0 0.285 0.035 0 0.285 0.04 0 0.285 0.045 0 0.285 0.05 0 0.285 0.055 0 0.285 0.06 0 0.285 0.065 0 0.285 0.07000000000000001 0 0.285 0.075 0 0.285 0.08 0 0.285 0.08500000000000001 0 0.285 0.09 0 0.285 0.095 0 0.285 0.1 0 0.285 0.105 0 0.285 0.11 0 0.285 0.115 0 0.285 0.12 0 0.285 0.125 0 0.285 0.13 0 0.285 0.135 0 0.285 0.14 0 0.285 0.145 0 0.285 0.15 0 0.285 0.155 0 0.285 0.16 0 0.2800000000000001 0.165 0 0.285 0.165 0 0.28 0.17 0 0.285 0.17 0 0.285 1.077114035788043e-19 0 0.29 0.005 0 0.29 0.01 0 0.29 0.015 0 0.29 0.02 0 0.29 0.025 0 0.29 0.03 0 0.29 0.035 0 0.29 0.04 0 0.29 0.045 0 0.29 0.05 0 0.29 0.055 0 0.29 0.06 0 0.29 0.065 0 0.29 0.07000000000000001 0 0.29 0.075 0 0.29 0.08 0 0.29 0.08500000000000001 0 0.29 0.09 0 0.29 0.095 0 0.29 0.1 0 0.29 0.105 0 0.29 0.11 0 0.29 0.115 0 0.29 0.12 0 0.29 0.125 0 0.29 0.13 0 0.29 0.135 0 0.29 0.14 0 0.29 0.145 0 0.29 0.15 0 0.29 0.155 0 0.29 0.16 0 0.29 0.165 0 0.29 0.17 0 0.29 0.175 0 0.29 0.18 0 0.29 0.185 0 0.29 1.077114035788043e-19 0 0.295 0.005 0 0.295 0.01 0 0.295 0.015 0 0.295 0.02 0 0.295 0.025 0 0.295 0.03 0 0.295 0.035 0 0.295 0.04 0 0.295 0.045 0 0.295 0.05 0 0.295 0.055 0 0.295 0.06 0 0.295 0.065 0 0.295 0.07000000000000001 0 0.295 0.075 0 0.295 0.08 0 0.295 0.08500000000000001 0 0.295 0.09 0 0.295 0.095 0 0.295 0.1 0 0.295 0.105 0 0.295 0.11 0 0.295 0.115 0 0.295 0.12 0 0.295 0.125 0 0.295 0.13 0 0.295 0.135 0 0.295 0.14 0 0.295 0.145 0 0.295 0.15 0 0.295 0.155 0 0.295 0.16 0 0.295 0.165 0 0.295 0.17 0 0.295 0.175 0 0.295 0.18 0 0.295 0.185 0 0.295 0.19 0 0.295 1.077114035788043e-19 0 0.3 0.005 0 0.3 0.01 0 0.3 0.015 0 0.3 0.02 0 0.3 0.025 0 0.3 0.03 0 0.3 0.035 0 0.3 0.04 0 0.3 0.045 0 0.3 0.05 0 0.3 0.055 0 0.3 0.06 0 0.3 0.065 0 0.3 0.07000000000000001 0 0.3 0.075 0 0.3 0.08 0 0.3 0.08500000000000001 0 0.3 0.09 0 0.3 0.095 0 0.3 0.1 0 0.3 0.105 0 0.3 0.11 0 0.3 0.115 0 0.3 0.12 0 0.3 0.125 0 0.3 0.13 0 0.3 0.135 0 0.3 0.14 0 0.3 0.145 0 0.3 0.15 0 0.3 0.155 0 0.3 0.16 0 0.3 0.165 0 0.3 0.17 0 0.3 0.175 0 0.3 0.18 0 0.3 0.185 0 0.3 0.19 0 0.3 0.195 0 0.3 1.077114035788043e-19 0 0.305 0.005 0 0.305 0.01 0 0.305 0.015 0 0.305 0.02 0 0.305 0.025 0 0.305 0.03 0 0.305 0.035 0 0.305 0.04 0 0.305 0.045 0 0.305 0.05 0 0.305 0.055 0 0.305 0.06 0 0.305 0.065 0 0.305 0.07000000000000001 0 0.305 0.075 0 0.305 0.08 0 0.305 0.08500000000000001 0 0.305 0.09 0 0.305 0.095 0 0.305 0.1 0 0.305 0.105 0 0.305 0.11 0 0.305 0.115 0 0.305 0.12 0 0.305 0.125 0 0.305 0.13 0 0.305 0.135 0 0.305 0.14 0 0.305 0.145 0 0.305 0.15 0 0.305 0.155 0 0.305 0.16 0 0.305 0.165 0 0.305 0.17 0 0.305 0.175 0 0.305 0.18 0 0.305 0.185 0 0.305 0.19 0 0.305 0.195 0 0.305 0.2 0 0.305 1.077114035788043e-19 0 0.31 0.005 0 0.31 0.01 0 0.31 0.015 0 0.31 0.02 0 0.31 0.025 0 0.31 0.03 0 0.31 0.035 0 0.31 0.04 0 0.31 0.045 0 0.31 0.05 0 0.31 0.055 0 0.31 0.06 0 0.31 0.065 0 0.31 0.07000000000000001 0 0.31 0.075 0 0.31 0.08 0 0.31 0.08500000000000001 0 0.31 0.09 0 0.31 0.095 0 0.31 0.1 0 0.31 0.105 0 0.31 0.11 0 0.31 0.115 0 0.31 0.12 0 0.31 0.125 0 0.31 0.13 0 0.31 0.135 0 0.31 0.14 0 0.31 0.145 0 0.31 0.15 0 0.31 0.155 0 0.31 0.16 0 0.31 0.165 0 0.31 0.17 0 0.31 0.175 0 0.31 0.18 0 0.31 0.185 0 0.31 0.19 0 0.31 0.195 0 0.3100000000000001 0.2 0 0.31 1.077114035788043e-19 0 0.315 0.005 0 0.315 0.01 0 0.315 0.015 0 0.315 0.02 0 0.315 0.025 0 0.315 0.03 0 0.315 0.035 0 0.315 0.04 0 0.315 0.045 0 0.315 0.05 0 0.315 0.055 0 0.315 0.06 0 0.315 0.065 0 0.315 0.07000000000000001 0 0.315 0.075 0 0.315 0.08 0 0.315 0.08500000000000001 0 0.315 0.09 0 0.315 0.095 0 0.315 0.1 0 0.315 0.105 0 0.315 0.11 0 0.315 0.115 0 0.315 0.12 0 0.315 0.125 0 0.315 0.13 0 0.315 0.135 0 0.315 0.14 0 0.315 0.145 0 0.315 0.15 0 0.315 0.155 0 0.315 0.16 0 0.315 0.165 0 0.315 0.17 0 0.315 0.175 0 0.315 0.18 0 0.315 0.185 0 0.315 0.19 0 0.315 0.195 0 0.3150000000000001 0.2 0 0.315 1.077114035788043e-19 0 0.32 0.005 0 0.32 0.01 0 0.32 0.015 0 0.32 0.02 0 0.32 0.025 0 0.32 0.03 0 0.32 0.035 0 0.32 0.04 0 0.32 0.045 0 0.32 0.05 0 0.32 0.055 0 0.32 0.06 0 0.32 0.065 0 0.32 0.07000000000000001 0 0.32 0.075 0 0.32 0.08 0 0.32 0.08500000000000001 0 0.32 0.09 0 0.32 0.095 0 0.32 0.1 0 0.32 0.105 0 0.32 0.11 0 0.32 0.115 0 0.32 0.12 0 0.32 0.125 0 0.32 0.13 0 0.32 0.135 0 0.32 0.14 0 0.32 0.145 0 0.32 0.15 0 0.32 0.155 0 0.32 0.16 0 0.32 0.165 0 0.32 0.17 0 0.32 0.175 0 0.32 0.18 0 0.32 0.185 0 0.32 0.19 0 0.32 0.195 0 0.3200000000000001 0.2 0 0.32 1.077114035788043e-19 0 0.325 0.005 0 0.325 0.01 0 0.325 0.015 0 0.325 0.02 0 0.325 0.025 0 0.325 0.03 0 0.325 0.035 0 0.325 0.04 0 0.325 0.045 0 0.325 0.05 0 0.325 0.055 0 0.325 0.06 0 0.325 0.065 0 0.325 0.07000000000000001 0 0.325 0.075 0 0.325 0.08 0 0.325 0.08500000000000001 0 0.325 0.09 0 0.325 0.095 0 0.325 0.1 0 0.325 0.105 0 0.325 0.11 0 0.325 0.115 0 0.325 0.12 0 0.325 0.125 0 0.325 0.13 0 0.325 0.135 0 0.325 0.14 0 0.325 0.145 0 0.325 0.15 0 0.325 0.155 0 0.325 0.16 0 0.325 0.165 0 0.325 0.17 0 0.325 0.175 0 0.325 0.18 0 0.325 0.185 0 0.325 0.19 0 0.325 0.195 0 0.3250000000000001 0.2 0 0.325 1.077114035788043e-19 0 0.33 0.005 0 0.33 0.01 0 0.33 0.015 0 0.33 0.02 0 0.33 0.025 0 0.33 0.03 0 0.33 0.035 0 0.33 0.04 0 0.33 0.045 0 0.33 0.05 0 0.33 0.055 0 0.33 0.06 0 0.33 0.065 0 0.33 0.07000000000000001 0 0.33 0.075 0 0.33 0.08 0 0.33 0.08500000000000001 0 0.33 0.09 0 0.33 0.095 0 0.33 0.1 0 0.33 0.105 0 0.33 0.11 0 0.33 0.115 0 0.33 0.12 0 0.33 0.125 0 0.33 0.13 0 0.33 0.135 0 0.33 0.14 0 0.33 0.145 0 0.33 0.15 0 0.33 0.155 0 0.33 0.16 0 0.33 0.165 0 0.33 0.17 0 0.33 0.175 0 0.33 0.18 0 0.33 0.185 0 0.33 0.19 0 0.33 0.195 0 0.3300000000000001 0.2 0 0.33 1.077114035788043e-19 0 0.335 0.005 0 0.335 0.01 0 0.335 0.015 0 0.335 0.02 0 0.335 0.025 0 0.335 0.03 0 0.335 0.035 0 0.335 0.04 0 0.335 0.045 0 0.335 0.05 0 0.335 0.055 0 0.335 0.06 0 0.335 0.065 0 0.335 0.07000000000000001 0 0.335 0.075 0 0.335 0.08 0 0.335 0.08500000000000001 0 0.335 0.09 0 0.335 0.095 0 0.335 0.1 0 0.335 0.105 0 0.335 0.11 0 0.335 0.115 0 0.335 0.12 0 0.335 0.125 0 0.335 0.13 0 0.335 0.135 0 0.335 0.14 0 0.335 0.145 0 0.335 0.15 0 0.335 0.155 0 0.335 0.16 0 0.335 0.165 0 0.335 0.17 0 0.335 0.175 0 0.335 0.18 0 0.335 0.185 0 0.335 0.19 0 0.335 0.195 0 0.3350000000000001 0.2 0 0.335 1.077114035788043e-19 0 0.34 0.005 0 0.34 0.01 0 0.34 0.015 0 0.34 0.02 0 0.34 0.025 0 0.34 0.03 0 0.34 0.035 0 0.34 0.04 0 0.34 0.045 0 0.34 0.05 0 0.34 0.055 0 0.34 0.06 0 0.34 0.065 0 0.34 0.07000000000000001 0 0.34 0.075 0 0.34 0.08 0 0.34 0.08500000000000001 0 0.34 0.09 0 0.34 0.095 0 0.34 0.1 0 0.34 0.105 0 0.34 0.11 0 0.34 0.115 0 0.34 0.12 0 0.34 0.125 0 0.34 0.13 0 0.34 0.135 0 0.34 0.14 0 0.34 0.145 0 0.34 0.15 0 0.34 0.155 0 0.34 0.16 0 0.34 0.165 0 0.34 0.17 0 0.34 0.175 0 0.34 0.18 0 0.34 0.185 0 0.34 0.19 0 0.34 0.195 0 0.3400000000000001 0.2 0 0.34 1.077114035788043e-19 0 0.345 0.005 0 0.345 0.01 0 0.345 0.015 0 0.345 0.02 0 0.345 0.025 0 0.345 0.03 0 0.345 0.035 0 0.345 0.04 0 0.345 0.045 0 0.345 0.05 0 0.345 0.055 0 0.345 0.06 0 0.345 0.065 0 0.345 0.07000000000000001 0 0.345 0.075 0 0.345 0.08 0 0.345 0.08500000000000001 0 0.345 0.09 0 0.345 0.095 0 0.345 0.1 0 0.345 0.105 0 0.345 0.11 0 0.345 0.115 0 0.345 0.12 0 0.345 0.125 0 0.345 0.13 0 0.345 0.135 0 0.345 0.14 0 0.345 0.145 0 0.345 0.15 0 0.345 0.155 0 0.345 0.16 0 0.345 0.165 0 0.345 0.17 0 0.345 0.175 0 0.345 0.18 0 0.345 0.185 0 0.345 0.19 0 0.345 0.195 0 0.3450000000000001 0.2 0 0.345 1.077114035788043e-19 0 0.35 0.005 0 0.35 0.01 0 0.35 0.015 0 0.35 0.02 0 0.35 0.025 0 0.35 0.03 0 0.35 0.035 0 0.35 0.04 0 0.35 0.045 0 0.35 0.05 0 0.35 0.055 0 0.35 0.06 0 0.35 0.065 0 0.35 0.07000000000000001 0 0.35 0.075 0 0.35 0.08 0 0.35 0.08500000000000001 0 0.35 0.09 0 0.35 0.095 0 0.35 0.1 0 0.35 0.105 0 0.35 0.11 0 0.35 0.115 0 0.35 0.12 0 0.35 0.125 0 0.35 0.13 0 0.35 0.135 0 0.35 0.14 0 0.35 0.145 0 0.35 0.15 0 0.35 0.155 0 0.35 0.16 0 0.35 0.165 0 0.35 0.17 0 0.35 0.175 0 0.35 0.18 0 0.35 0.185 0 0.35 0.19 0 0.35 0.195 0 0.3500000000000001 0.2 0 0.35 1.077114035788043e-19 0 0.355 0.005 0 0.355 0.01 0 0.355 0.015 0 0.355 0.02 0 0.355 0.025 0 0.355 0.03 0 0.355 0.035 0 0.355 0.04 0 0.355 0.045 0 0.355 0.05 0 0.355 0.055 0 0.355 0.06 0 0.355 0.065 0 0.355 0.07000000000000001 0 0.355 0.075 0 0.355 0.08 0 0.355 0.08500000000000001 0 0.355 0.09 0 0.355 0.095 0 0.355 0.1 0 0.355 0.105 0 0.355 0.11 0 0.355 0.115 0 0.355 0.12 0 0.355 0.125 0 0.355 0.13 0 0.355 0.135 0 0.355 0.14 0 0.355 0.145 0 0.355 0.15 0 0.355 0.155 0 0.355 0.16 0 0.355 0.165 0 0.355 0.17 0 0.355 0.175 0 0.355 0.18 0 0.355 0.185 0 0.355 0.19 0 0.355 0.195 0 0.355 0.2 0 0.355 1.077114035788043e-19 0 0.36 0.005 0 0.36 0.01 0 0.36 0.015 0 0.36 0.02 0 0.36 0.025 0 0.36 0.03 0 0.36 0.035 0 0.36 0.04 0 0.36 0.045 0 0.36 0.05 0 0.36 0.055 0 0.36 0.06 0 0.36 0.065 0 0.36 0.07000000000000001 0 0.36 0.075 0 0.36 0.08 0 0.36 0.08500000000000001 0 0.36 0.09 0 0.36 0.095 0 0.36 0.1 0 0.36 0.105 0 0.36 0.11 0 0.36 0.115 0 0.36 0.12 0 0.36 0.125 0 0.36 0.13 0 0.36 0.135 0 0.36 0.14 0 0.36 0.145 0 0.36 0.15 0 0.36 0.155 0 0.36 0.16 0 0.36 0.165 0 0.36 0.17 0 0.36 0.175 0 0.36 0.18 0 0.36 0.185 0 0.36 0.19 0 0.36 0.195 0 0.36 0.2 0 0.36 1.077114035788043e-19 0 0.365 0.005 0 0.365 0.01 0 0.365 0.015 0 0.365 0.02 0 0.365 0.025 0 0.365 0.03 0 0.365 0.035 0 0.365 0.04 0 0.365 0.045 0 0.365 0.05 0 0.365 0.055 0 0.365 0.06 0 0.365 0.065 0 0.365 0.07000000000000001 0 0.365 0.075 0 0.365 0.08 0 0.365 0.08500000000000001 0 0.365 0.09 0 0.365 0.095 0 0.365 0.1 0 0.365 0.105 0 0.365 0.11 0 0.365 0.115 0 0.365 0.12 0 0.365 0.125 0 0.365 0.13 0 0.365 0.135 0 0.365 0.14 0 0.365 0.145 0 0.365 0.15 0 0.365 0.155 0 0.365 0.16 0 0.365 0.165 0 0.365 0.17 0 0.365 0.175 0 0.365 0.18 0 0.365 0.185 0 0.365 0.19 0 0.365 0.195 0 0.365 0.2 0 0.365 1.077114035788043e-19 0 0.37 0.005 0 0.37 0.01 0 0.37 0.015 0 0.37 0.02 0 0.37 0.025 0 0.37 0.03 0 0.37 0.035 0 0.37 0.04 0 0.37 0.045 0 0.37 0.05 0 0.37 0.055 0 0.37 0.06 0 0.37 0.065 0 0.37 0.07000000000000001 0 0.37 0.075 0 0.37 0.08 0 0.37 0.08500000000000001 0 0.37 0.09 0 0.37 0.095 0 0.37 0.1 0 0.37 0.105 0 0.37 0.11 0 0.37 0.115 0 0.37 0.12 0 0.37 0.125 0 0.37 0.13 0 0.37 0.135 0 0.37 0.14 0 0.37 0.145 0 0.37 0.15 0 0.37 0.155 0 0.37 0.16 0 0.37 0.165 0 0.37 0.17 0 0.37 0.175 0 0.37 0.18 0 0.37 0.185 0 0.37 0.19 0 0.37 0.195 0 0.3700000000000001 0.2 0 0.37 1.077114035788043e-19 0 0.375 0.005 0 0.375 0.01 0 0.375 0.015 0 0.375 0.02 0 0.375 0.025 0 0.375 0.03 0 0.375 0.035 0 0.375 0.04 0 0.375 0.045 0 0.375 0.05 0 0.375 0.055 0 0.375 0.06 0 0.375 0.065 0 0.375 0.07000000000000001 0 0.375 0.075 0 0.375 0.08 0 0.375 0.08500000000000001 0 0.375 0.09 0 0.375 0.095 0 0.375 0.1 0 0.375 0.105 0 0.375 0.11 0 0.375 0.115 0 0.375 0.12 0 0.375 0.125 0 0.375 0.13 0 0.375 0.135 0 0.375 0.14 0 0.375 0.145 0 0.375 0.15 0 0.375 0.155 0 0.375 0.16 0 0.375 0.165 0 0.375 0.17 0 0.375 0.175 0 0.375 0.18 0 0.375 0.185 0 0.375 0.19 0 0.375 0.195 0 0.3750000000000001 0.2 0 0.375 1.077114035788043e-19 0 0.38 0.005 0 0.38 0.01 0 0.38 0.015 0 0.38 0.02 0 0.38 0.025 0 0.38 0.03 0 0.38 0.035 0 0.38 0.04 0 0.38 0.045 0 0.38 0.05 0 0.38 0.055 0 0.38 0.06 0 0.38 0.065 0 0.38 0.07000000000000001 0 0.38 0.075 0 0.38 0.08 0 0.38 0.08500000000000001 0 0.38 0.09 0 0.38 0.095 0 0.38 0.1 0 0.38 0.105 0 0.38 0.11 0 0.38 0.115 0 0.38 0.12 0 0.38 0.125 0 0.38 0.13 0 0.38 0.135 0 0.38 0.14 0 0.38 0.145 0 0.38 0.15 0 0.38 0.155 0 0.38 0.16 0 0.38 0.165 0 0.38 0.17 0 0.38 0.175 0 0.38 0.18 0 0.38 0.185 0 0.38 0.19 0 0.38 0.195 0 0.3800000000000001 0.2 0 0.38 1.077114035788043e-19 0 0.385 0.005 0 0.385 0.01 0 0.385 0.015 0 0.385 0.02 0 0.385 0.025 0 0.385 0.03 0 0.385 0.035 0 0.385 0.04 0 0.385 0.045 0 0.385 0.05 0 0.385 0.055 0 0.385 0.06 0 0.385 0.065 0 0.385 0.07000000000000001 0 0.385 0.075 0 0.385 0.08 0 0.385 0.08500000000000001 0 0.385 0.09 0 0.385 0.095 0 0.385 0.1 0 0.385 0.105 0 0.385 0.11 0 0.385 0.115 0 0.385 0.12 0 0.385 0.125 0 0.385 0.13 0 0.385 0.135 0 0.385 0.14 0 0.385 0.145 0 0.385 0.15 0 0.385 0.155 0 0.385 0.16 0 0.385 0.165 0 0.385 0.17 0 0.385 0.175 0 0.385 0.18 0 0.385 0.185 0 0.385 0.19 0 0.385 0.195 0 0.3850000000000001 0.2 0 0.385 1.077114035788043e-19 0 0.39 0.005 0 0.39 0.01 0 0.39 0.015 0 0.39 0.02 0 0.39 0.025 0 0.39 0.03 0 0.39 0.035 0 0.39 0.04 0 0.39 0.045 0 0.39 0.05 0 0.39 0.055 0 0.39 0.06 0 0.39 0.065 0 0.39 0.07000000000000001 0 0.39 0.075 0 0.39 0.08 0 0.39 0.08500000000000001 0 0.39 0.09 0 0.39 0.095 0 0.39 0.1 0 0.39 0.105 0 0.39 0.11 0 0.39 0.115 0 0.39 0.12 0 0.39 0.125 0 0.39 0.13 0 0.39 0.135 0 0.39 0.14 0 0.39 0.145 0 0.39 0.15 0 0.39 0.155 0 0.39 0.16 0 0.39 0.165 0 0.39 0.17 0 0.39 0.175 0 0.39 0.18 0 0.39 0.185 0 0.39 0.19 0 0.39 0.195 0 0.3900000000000001 0.2 0 0.39 1.077114035788043e-19 0 0.395 0.005 0 0.395 0.01 0 0.395 0.015 0 0.395 0.02 0 0.395 0.025 0 0.395 0.03 0 0.395 0.035 0 0.395 0.04 0 0.395 0.045 0 0.395 0.05 0 0.395 0.055 0 0.395 0.06 0 0.395 0.065 0 0.395 0.07000000000000001 0 0.395 0.075 0 0.395 0.08 0 0.395 0.08500000000000001 0 0.395 0.09 0 0.395 0.095 0 0.395 0.1 0 0.395 0.105 0 0.395 0.11 0 0.395 0.115 0 0.395 0.12 0 0.395 0.125 0 0.395 0.13 0 0.395 0.135 0 0.395 0.14 0 0.395 0.145 0 0.395 0.15 0 0.395 0.155 0 0.395 0.16 0 0.395 0.165 0 0.395 0.17 0 0.395 0.175 0 0.395 0.18 0 0.395 0.185 0 0.395 0.19 0 0.395 0.195 0 0.3950000000000001 0.2 0 0.395 1.077114035788043e-19 0 0.4 0.005 0 0.4 0.01 0 0.4 0.015 0 0.4 0.02 0 0.4 0.025 0 0.4 0.03 0 0.4 0.035 0 0.4 0.04 0 0.4 0.045 0 0.4 0.05 0 0.4 0.055 0 0.4 0.06 0 0.4 0.065 0 0.4 0.07000000000000001 0 0.4 0.075 0 0.4 0.08 0 0.4 0.08500000000000001 0 0.4 0.09 0 0.4 0.095 0 0.4 0.1 0 0.4 0.105 0 0.4 0.11 0 0.4 0.115 0 0.4 0.12 0 0.4 0.125 0 0.4 0.13 0 0.4 0.135 0 0.4 0.14 0 0.4 0.145 0 0.4 0.15 0 0.4 0.155 0 0.4 0.16 0 0.4 0.165 0 0.4 0.17 0 0.4 0.175 0 0.4 0.18 0 0.4 0.185 0 0.4 0.19 0 0.4 0.195 0 0.4000000000000001 0.2 0 0.4 1.077114035788043e-19 0 0.405 0.005 0 0.405 0.01 0 0.405 0.015 0 0.405 0.02 0 0.405 0.025 0 0.405 0.03 0 0.405 0.035 0 0.405 0.04 0 0.405 0.045 0 0.405 0.05 0 0.405 0.055 0 0.405 0.06 0 0.405 0.065 0 0.405 0.07000000000000001 0 0.405 0.075 0 0.405 0.08 0 0.405 0.08500000000000001 0 0.405 0.09 0 0.405 0.095 0 0.405 0.1 0 0.405 0.105 0 0.405 0.11 0 0.405 0.115 0 0.405 0.12 0 0.405 0.125 0 0.405 0.13 0 0.405 0.135 0 0.405 0.14 0 0.405 0.145 0 0.405 0.15 0 0.405 0.155 0 0.405 0.16 0 0.405 0.165 0 0.405 0.17 0 0.405 0.175 0 0.405 0.18 0 0.405 0.185 0 0.405 0.19 0 0.405 0.195 0 0.4050000000000001 0.2 0 0.405 1.077114035788043e-19 0 0.41 0.005 0 0.41 0.01 0 0.41 0.015 0 0.41 0.02 0 0.41 0.025 0 0.41 0.03 0 0.41 0.035 0 0.41 0.04 0 0.41 0.045 0 0.41 0.05 0 0.41 0.055 0 0.41 0.06 0 0.41 0.065 0 0.41 0.07000000000000001 0 0.41 0.075 0 0.41 0.08 0 0.41 0.08500000000000001 0 0.41 0.09 0 0.41 0.095 0 0.41 0.1 0 0.41 0.105 0 0.41 0.11 0 0.41 0.115 0 0.41 0.12 0 0.41 0.125 0 0.41 0.13 0 0.41 0.135 0 0.41 0.14 0 0.41 0.145 0 0.41 0.15 0 0.41 0.155 0 0.41 0.16 0 0.41 0.165 0 0.41 0.17 0 0.41 0.175 0 0.41 0.18 0 0.41 0.185 0 0.41 0.19 0 0.41 0.195 0 0.4100000000000001 0.2 0 0.41 1.077114035788043e-19 0 0.415 0.005 0 0.415 0.01 0 0.415 0.015 0 0.415 0.02 0 0.415 0.025 0 0.415 0.03 0 0.415 0.035 0 0.415 0.04 0 0.415 0.045 0 0.415 0.05 0 0.415 0.055 0 0.415 0.06 0 0.415 0.065 0 0.415 0.07000000000000001 0 0.415 0.075 0 0.415 0.08 0 0.415 0.08500000000000001 0 0.415 0.09 0 0.415 0.095 0 0.415 0.1 0 0.415 0.105 0 0.415 0.11 0 0.415 0.115 0 0.415 0.12 0 0.415 0.125 0 0.415 0.13 0 0.415 0.135 0 0.415 0.14 0 0.415 0.145 0 0.415 0.15 0 0.415 0.155 0 0.415 0.16 0 0.415 0.165 0 0.415 0.17 0 0.415 0.175 0 0.415 0.18 0 0.415 0.185 0 0.415 0.19 0 0.415 0.195 0 0.4150000000000001 0.2 0 0.415 1.077114035788043e-19 0 0.42 0.005 0 0.42 0.01 0 0.42 0.015 0 0.42 0.02 0 0.42 0.025 0 0.42 0.03 0 0.42 0.035 0 0.42 0.04 0 0.42 0.045 0 0.42 0.05 0 0.42 0.055 0 0.42 0.06 0 0.42 0.065 0 0.42 0.07000000000000001 0 0.42 0.075 0 0.42 0.08 0 0.42 0.08500000000000001 0 0.42 0.09 0 0.42 0.095 0 0.42 0.1 0 0.42 0.105 0 0.42 0.11 0 0.42 0.115 0 0.42 0.12 0 0.42 0.125 0 0.42 0.13 0 0.42 0.135 0 0.42 0.14 0 0.42 0.145 0 0.42 0.15 0 0.42 0.155 0 0.42 0.16 0 0.42 0.165 0 0.42 0.17 0 0.42 0.175 0 0.42 0.18 0 0.42 0.185 0 0.42 0.19 0 0.42 0.195 0 0.42 0.2 0 0.42 1.077114035788043e-19 0 0.425 0.005 0 0.425 0.01 0 0.425 0.015 0 0.425 0.02 0 0.425 0.025 0 0.425 0.03 0 0.425 0.035 0 0.425 0.04 0 0.425 0.045 0 0.425 0.05 0 0.425 0.055 0 0.425 0.06 0 0.425 0.065 0 0.425 0.07000000000000001 0 0.425 0.075 0 0.425 0.08 0 0.425 0.08500000000000001 0 0.425 0.09 0 0.425 0.095 0 0.425 0.1 0 0.425 0.105 0 0.425 0.11 0 0.425 0.115 0 0.425 0.12 0 0.425 0.125 0 0.425 0.13 0 0.425 0.135 0 0.425 0.14 0 0.425 0.145 0 0.425 0.15 0 0.425 0.155 0 0.425 0.16 0 0.425 0.165 0 0.425 0.17 0 0.425 0.175 0 0.425 0.18 0 0.425 0.185 0 0.425 0.19 0 0.425 0.195 0 0.425 0.2 0 0.425 1.077114035788043e-19 0 0.43 0.005 0 0.43 0.01 0 0.43 0.015 0 0.43 0.02 0 0.43 0.025 0 0.43 0.03 0 0.43 0.035 0 0.43 0.04 0 0.43 0.045 0 0.43 0.05 0 0.43 0.055 0 0.43 0.06 0 0.43 0.065 0 0.43 0.07000000000000001 0 0.43 0.075 0 0.43 0.08 0 0.43 0.08500000000000001 0 0.43 0.09 0 0.43 0.095 0 0.43 0.1 0 0.43 0.105 0 0.43 0.11 0 0.43 0.115 0 0.43 0.12 0 0.43 0.125 0 0.43 0.13 0 0.43 0.135 0 0.43 0.14 0 0.43 0.145 0 0.43 0.15 0 0.43 0.155 0 0.43 0.16 0 0.43 0.165 0 0.43 0.17 0 0.43 0.175 0 0.43 0.18 0 0.43 0.185 0 0.43 0.19 0 0.43 0.195 0 0.43 0.2 0 0.43 1.077114035788043e-19 0 0.435 0.005 0 0.435 0.01 0 0.435 0.015 0 0.435 0.02 0 0.435 0.025 0 0.435 0.03 0 0.435 0.035 0 0.435 0.04 0 0.435 0.045 0 0.435 0.05 0 0.435 0.055 0 0.435 0.06 0 0.435 0.065 0 0.435 0.07000000000000001 0 0.435 0.075 0 0.435 0.08 0 0.435 0.08500000000000001 0 0.435 0.09 0 0.435 0.095 0 0.435 0.1 0 0.435 0.105 0 0.435 0.11 0 0.435 0.115 0 0.435 0.12 0 0.435 0.125 0 0.435 0.13 0 0.435 0.135 0 0.435 0.14 0 0.435 0.145 0 0.435 0.15 0 0.435 0.155 0 0.435 0.16 0 0.435 0.165 0 0.435 0.17 0 0.435 0.175 0 0.435 0.18 0 0.435 0.185 0 0.435 0.19 0 0.435 0.195 0 0.4350000000000001 0.2 0 0.435 1.077114035788043e-19 0 0.44 0.005 0 0.44 0.01 0 0.44 0.015 0 0.44 0.02 0 0.44 0.025 0 0.44 0.03 0 0.44 0.035 0 0.44 0.04 0 0.44 0.045 0 0.44 0.05 0 0.44 0.055 0 0.44 0.06 0 0.44 0.065 0 0.44 0.07000000000000001 0 0.44 0.075 0 0.44 0.08 0 0.44 0.08500000000000001 0 0.44 0.09 0 0.44 0.095 0 0.44 0.1 0 0.44 0.105 0 0.44 0.11 0 0.44 0.115 0 0.44 0.12 0 0.44 0.125 0 0.44 0.13 0 0.44 0.135 0 0.44 0.14 0 0.44 0.145 0 0.44 0.15 0 0.44 0.155 0 0.44 0.16 0 0.44 0.165 0 0.44 0.17 0 0.44 0.175 0 0.44 0.18 0 0.44 0.185 0 0.44 0.19 0 0.44 0.195 0 0.4400000000000001 0.2 0 0.44 1.077114035788043e-19 0 0.445 0.005 0 0.445 0.01 0 0.445 0.015 0 0.445 0.02 0 0.445 0.025 0 0.445 0.03 0 0.445 0.035 0 0.445 0.04 0 0.445 0.045 0 0.445 0.05 0 0.445 0.055 0 0.445 0.06 0 0.445 0.065 0 0.445 0.07000000000000001 0 0.445 0.075 0 0.445 0.08 0 0.445 0.08500000000000001 0 0.445 0.09 0 0.445 0.095 0 0.445 0.1 0 0.445 0.105 0 0.445 0.11 0 0.445 0.115 0 0.445 0.12 0 0.445 0.125 0 0.445 0.13 0 0.445 0.135 0 0.445 0.14 0 0.445 0.145 0 0.445 0.15 0 0.445 0.155 0 0.445 0.16 0 0.445 0.165 0 0.445 0.17 0 0.445 0.175 0 0.445 0.18 0 0.445 0.185 0 0.445 0.19 0 0.445 0.195 0 0.4450000000000001 0.2 0 0.45 0.01 0 0.45 0.015 0 0.45 0.02 0 0.45 0.025 0 0.45 0.03 0 0.45 0.035 0 0.45 0.04 0 0.45 0.045 0 0.45 0.05 0 0.45 0.055 0 0.45 0.06 0 0.45 0.065 0 0.45 0.07000000000000001 0 0.45 0.075 0 0.45 0.08 0 0.45 0.08500000000000001 0 0.45 0.09 0 0.45 0.095 0 0.45 0.1 0 0.45 0.105 0 0.45 0.11 0 0.45 0.115 0 0.45 0.12 0 0.45 0.125 0 0.45 0.13 0 0.45 0.135 0 0.45 0.14 0 0.45 0.145 0 0.45 0.15 0 0.45 0.155 0 0.45 0.16 0 0.45 0.165 0 0.45 0.17 0 0.45 0.175 0 0.45 0.18 0 0.45 0.185 0 0.45 0.19 0 0.45 0.195 0 0.4500000000000001 0.2 0 0.455 0.015 0 0.455 0.02 0 0.455 0.025 0 0.455 0.03 0 0.455 0.035 0 0.455 0.04 0 0.455 0.045 0 0.455 0.05 0 0.455 0.055 0 0.455 0.06 0 0.455 0.065 0 0.455 0.07000000000000001 0 0.455 0.075 0 0.455 0.08 0 0.455 0.08500000000000001 0 0.455 0.09 0 0.455 0.095 0 0.455 0.1 0 0.455 0.105 0 0.455 0.11 0 0.455 0.115 0 0.455 0.12 0 0.455 0.125 0 0.455 0.13 0 0.455 0.135 0 0.455 0.14 0 0.455 0.145 0 0.455 0.15 0 0.455 0.155 0 0.455 0.16 0 0.455 0.165 0 0.455 0.17 0 0.455 0.175 0 0.455 0.18 0 0.455 0.185 0 0.455 0.19 0 0.455 0.195 0 0.4550000000000001 0.2 0 0.46 0.025 0 0.46 0.03 0 0.46 0.035 0 0.46 0.04 0 0.46 0.045 0 0.46 0.05 0 0.46 0.055 0 0.46 0.06 0 0.46 0.065 0 0.46 0.07000000000000001 0 0.46 0.075 0 0.46 0.08 0 0.46 0.08500000000000001 0 0.46 0.09 0 0.46 0.095 0 0.46 0.1 0 0.46 0.105 0 0.46 0.11 0 0.46 0.115 0 0.46 0.12 0 0.46 0.125 0 0.46 0.13 0 0.46 0.135 0 0.46 0.14 0 0.46 0.145 0 0.46 0.15 0 0.46 0.155 0 0.46 0.16 0 0.46 0.165 0 0.46 0.17 0 0.46 0.175 0 0.46 0.18 0 0.46 0.185 0 0.46 0.19 0 0.46 0.195 0 0.4600000000000001 0.2 0 0.465 0.025 0 0.465 0.035 0 0.465 0.045 0 0.465 0.05 0 0.465 0.055 0 0.465 0.06 0 0.465 0.065 0 0.465 0.07000000000000001 0 0.465 0.075 0 0.465 0.08 0 0.465 0.08500000000000001 0 0.465 0.09 0 0.465 0.095 0 0.465 0.1 0 0.465 0.105 0 0.465 0.11 0 0.465 0.115 0 0.465 0.12 0 0.465 0.125 0 0.465 0.13 0 0.465 0.135 0 0.465 0.14 0 0.465 0.145 0 0.465 0.15 0 0.465 0.155 0 0.465 0.16 0 0.465 0.165 0 0.465 0.17 0 0.465 0.175 0 0.465 0.18 0 0.465 0.185 0 0.465 0.19 0 0.465 0.195 0 0.4650000000000001 0.2 0 0.47 0.055 0 0.47 0.06 0 0.47 0.065 0 0.47 0.07000000000000001 0 0.47 0.075 0 0.47 0.08 0 0.47 0.08500000000000001 0 0.47 0.09 0 0.47 0.095 0 0.47 0.1 0 0.47 0.105 0 0.47 0.11 0 0.47 0.115 0 0.47 0.12 0 0.47 0.125 0 0.47 0.13 0 0.47 0.135 0 0.47 0.14 0 0.47 0.145 0 0.47 0.15 0 0.47 0.155 0 0.47 0.16 0 0.47 0.165 0 0.47 0.17 0 0.47 0.175 0 0.47 0.18 0 0.47 0.185 0 0.47 0.19 0 0.47 0.195 0 0.4700000000000001 0.2 0 0.475 0.065 0 0.475 0.07000000000000001 0 0.475 0.075 0 0.475 0.08 0 0.475 0.08500000000000001 0 0.475 0.09 0 0.475 0.095 0 0.475 0.1 0 0.475 0.105 0 0.475 0.11 0 0.475 0.115 0 0.475 0.12 0 0.475 0.125 0 0.475 0.13 0 0.475 0.135 0 0.475 0.14 0 0.475 0.145 0 0.475 0.15 0 0.475 0.155 0 0.475 0.16 0 0.475 0.165 0 0.475 0.17 0 0.475 0.175 0 0.475 0.18 0 0.475 0.185 0 0.475 0.19 0 0.475 0.195 0 0.4750000000000001 0.2 0 0.48 0.07000000000000001 0 0.48 0.075 0 0.48 0.08 0 0.48 0.08500000000000001 0 0.48 0.09 0 0.48 0.095 0 0.48 0.1 0 0.48 0.105 0 0.48 0.11 0 0.48 0.115 0 0.48 0.12 0 0.48 0.125 0 0.48 0.13 0 0.48 0.135 0 0.48 0.14 0 0.48 0.145 0 0.48 0.15 0 0.48 0.155 0 0.48 0.16 0 0.48 0.165 0 0.48 0.17 0 0.48 0.175 0 0.48 0.18 0 0.48 0.185 0 0.48 0.19 0 0.48 0.195 0 0.48 0.2 0 0.485 0.08 0 0.485 0.08500000000000001 0 0.485 0.09 0 0.485 0.095 0 0.485 0.1 0 0.485 0.105 0 0.485 0.11 0 0.485 0.115 0 0.485 0.12 0 0.485 0.125 0 0.485 0.13 0 0.485 0.135 0 0.485 0.14 0 0.485 0.145 0 0.485 0.15 0 0.485 0.155 0 0.485 0.16 0 0.485 0.165 0 0.485 0.17 0 0.485 0.175 0 0.485 0.18 0 0.485 0.185 0 0.485 0.19 0 0.485 0.195 0 0.485 0.2 0 0.49 0.08500000000000001 0 0.49 0.095 0 0.49 0.1 0 0.49 0.105 0 0.49 0.11 0 0.49 0.115 0 0.49 0.12 0 0.49 0.125 0 0.49 0.13 0 0.49 0.135 0 0.49 0.14 0 0.49 0.145 0 0.49 0.15 0 0.49 0.155 0 0.49 0.16 0 0.49 0.165 0 0.49 0.17 0 0.49 0.175 0 0.49 0.18 0 0.49 0.185 0 0.49 0.19 0 0.49 0.195 0 0.49 0.2 0 0.495 0.1 0 0.495 0.105 0 0.495 0.11 0 0.495 0.115 0 0.495 0.12 0 0.495 0.125 0 0.495 0.13 0 0.495 0.135 0 0.495 0.14 0 0.495 0.145 0 0.495 0.15 0 0.495 0.155 0 0.495 0.16 0 0.495 0.165 0 0.495 0.17 0 0.495 0.175 0 0.495 0.18 0 0.495 0.185 0 0.495 0.19 0 0.495 0.195 0 0.4950000000000001 0.2 0 0.5 0.11 0 0.5 0.125 0 0.5 0.13 0 0.5 0.135 0 0.5 0.14 0 0.5 0.145 0 0.5 0.15 0 0.5 0.155 0 0.5 0.16 0 0.5 0.165 0 0.5 0.17 0 0.5 0.175 0 0.5 0.18 0 0.5 0.185 0 0.5 0.19 0 0.5 0.195 0 0.5 0.2 0 0.505 0.125 0 0.505 0.13 0 0.505 0.135 0 0.505 0.14 0 0.505 0.145 0 0.505 0.15 0 0.505 0.155 0 0.505 0.16 0 0.505 0.165 0 0.505 0.17 0 0.505 0.175 0 0.505 0.18 0 0.505 0.185 0 0.505 0.19 0 0.505 0.195 0 0.5050000000000001 0.2 0 0.51 0.135 0 0.51 0.14 0 0.51 0.145 0 0.51 0.15 0 0.51 0.155 0 0.51 0.16 0 0.51 0.165 0 0.51 0.17 0 0.51 0.175 0 0.51 0.18 0 0.51 0.185 0 0.51 0.19 0 0.51 0.195 0 0.5100000000000001 0.2 0 0.515 0.135 0 0.515 0.14 0 0.515 0.145 0 0.515 0.15 0 0.515 0.155 0 0.515 0.16 0 0.515 0.165 0 0.515 0.17 0 0.515 0.175 0 0.515 0.18 0 0.515 0.185 0 0.515 0.19 0 0.515 0.195 0 0.5150000000000001 0.2 0 0.52 0.145 0 0.52 0.15 0 0.52 0.155 0 0.52 0.16 0 0.52 0.165 0 0.52 0.17 0 0.52 0.175 0 0.52 0.18 0 0.52 0.185 0 0.52 0.19 0 0.52 0.195 0 0.5200000000000001 0.2 0 0.525 0.15 0 0.525 0.155 0 0.525 0.16 0 0.525 0.165 0 0.525 0.17 0 0.525 0.175 0 0.525 0.18 0 0.525 0.185 0 0.525 0.19 0 0.525 0.195 0 0.5250000000000001 0.2 0 0.53 0.155 0 0.53 0.16 0 0.53 0.165 0 0.53 0.17 0 0.53 0.175 0 0.53 0.18 0 0.53 0.185 0 0.53 0.19 0 0.53 0.195 0 0.5300000000000001 0.2 0 0.535 0.165 0 0.535 0.17 0 0.535 0.175 0 0.535 0.18 0 0.535 0.185 0 0.535 0.19 0 0.535 0.195 0 0.5350000000000001 0.2 0 0.54 0.165 0 0.54 0.18 0 0.54 0.185 0 0.54 0.19 0 0.54 0.195 0 0.5400000000000001 0.2 0 0.545 0.19 0 0.545 0.195 0 0.5450000000000002 0.2 0 0.5500000000000002 0.2 0 0.5549999999999999 0.2 0 0.215 0.02 0 0.215 0.025 0 0.215 0.03 0 0.23 0.05 0 0.235 0.06 0 0.24 0.06500000000000002 0 0.24 0.07000000000000002 0 0.24 0.08500000000000002 0 0.24 0.09 0 0.245 0.095 0 0.25 0.105 0 0.25 0.115 0 0.25 0.12 0 0.255 0.13 0 0.2700000000000001 0.145 0 0.27 0.15 0 0.275 0.155 0 0.2800000000000001 0.16 0 0.2850000000000001 0.175 0 0.2850000000000001 0.18 0 0.285 0.185 0 0.29 0.19 0 0.295 0.195 0 0.2999999999999999 0.2 0 0.46 0.02 0 0.465 0.03 0 0.465 0.04 0 0.47 0.045 0 0.47 0.05 0 0.475 0.06 0 0.48 0.065 0 0.485 0.07000000000000001 0 0.485 0.075 0 0.49 0.09 0 0.495 0.095 0 0.5 0.105 0 0.5 0.115 0 0.5 0.12 0 0.51 0.13 0 0.535 0.16 0 0.54 0.17 0 0.54 0.175 0 0.545 0.18 0 0.545 0.185 0 0.55 0.195 0 0.205 0.005 0 0.4450000000000001 -1.077114035788043e-19 0 0.4500000000000001 0.005000000000000001 0 0.205 0.01 0 0.4550000000000001 0.01 0 0.21 0.02 0 0.4600000000000001 0.015 0 0.4650000000000001 0.02 0 0.21 0.025 0 0.47 0.03 0 0.215 0.035 0 0.47 0.035 0 0.4700000000000001 0.04000000000000001 0 0.22 0.04500000000000001 0 0.225 0.05000000000000001 0 0.475 0.05 0 0.23 0.055 0 0.4750000000000001 0.05500000000000001 0 0.235 0.065 0 0.48 0.06 0 0.485 0.06500000000000002 0 0.235 0.07000000000000001 0 0.4899999999999999 0.07499999999999998 0 0.235 0.075 0 0.49 0.08000000000000002 0 0.235 0.08 0 0.235 0.08500000000000001 0 0.4950000000000001 0.09000000000000001 0 0.24 0.09500000000000001 0 0.245 0.1 0 0.5 0.1 0 0.245 0.105 0 0.5049999999999999 0.11 0 0.245 0.11 0 0.5049999999999999 0.115 0 0.245 0.115 0 0.5050000000000001 0.12 0 0.25 0.125 0 0.5100000000000001 0.125 0 0.2550000000000001 0.135 0 0.5150000000000001 0.13 0 0.2600000000000001 0.14 0 0.5200000000000001 0.14 0 0.265 0.145 0 0.5250000000000001 0.145 0 0.2700000000000001 0.155 0 0.5300000000000001 0.15 0 0.275 0.16 0 0.5350000000000001 0.155 0 0.5400000000000001 0.16 0 0.275 0.165 0 0.5449999999999999 0.17 0 0.28 0.175 0 0.5450000000000002 0.175 0 0.28 0.18 0 0.5499999999999999 0.185 0 0.2850000000000001 0.19 0 0.5500000000000002 0.19 0 0.29 0.195 0 0.295 0.2 0 0.5550000000000002 0.195 0 </DataArray>
      </Points>
      <Cells>
        <DataArray type="Int32" Name="connectivity" format="ascii">0 1 2 1 2 3 2 4 5 4 6 7 1 8 3 2 3 5 4 5 7 6 7 2037 8 3 9 3 5 10 5 7 11 7 2037 12 2037 2038 13 2038 2039 14 8 15 9 3 9 10 5 10 11 7 11 12 2037 12 13 2038 13 14 2039 14 16 15 9 17 9 10 18 10 11 19 11 12 20 12 13 21 13 14 22 14 16 23 16 24 25 15 26 17 9 17 18 10 18 19 11 19 20 12 20 21 13 21 22 14 22 23 16 23 25 24 25 27 26 17 28 17 18 29 18 19 30 19 20 31 20 21 32 21 22 33 22 23 34 23 25 35 25 27 36 26 37 28 17 28 29 18 29 30 19 30 31 20 31 32 21 32 33 22 33 34 23 34 35 25 35 36 27 36 2040 37 28 38 28 29 39 29 30 40 30 31 41 31 32 42 32 33 43 33 34 44 34 35 45 35 36 46 36 2040 47 37 48 38 28 38 39 29 39 40 30 40 41 31 41 42 32 42 43 33 43 44 34 44 45 35 45 46 36 46 47 2040 47 49 48 38 50 38 39 51 39 40 52 40 41 53 41 42 54 42 43 55 43 44 56 44 45 57 45 46 58 46 47 59 47 49 60 49 2041 61 48 62 50 38 50 51 39 51 52 40 52 53 41 53 54 42 54 55 43 55 56 44 56 57 45 57 58 46 58 59 47 59 60 49 60 61 2041 61 2042 62 50 63 50 51 64 51 52 65 52 53 66 53 54 67 54 55 68 55 56 69 56 57 70 57 58 71 58 59 72 59 60 73 60 61 74 61 2042 75 2042 2043 76 2043 77 78 77 79 80 79 2044 81 2044 2045 82 62 83 63 50 63 64 51 64 65 52 65 66 53 66 67 54 67 68 55 68 69 56 69 70 57 70 71 58 71 72 59 72 73 60 73 74 61 74 75 2042 75 76 2043 76 78 77 78 80 79 80 81 2044 81 82 2045 82 2046 83 63 84 63 64 85 64 65 86 65 66 87 66 67 88 67 68 89 68 69 90 69 70 91 70 71 92 71 72 93 72 73 94 73 74 95 74 75 96 75 76 97 76 78 98 78 80 99 80 81 100 81 82 101 82 2046 102 83 103 84 63 84 85 64 85 86 65 86 87 66 87 88 67 88 89 68 89 90 69 90 91 70 91 92 71 92 93 72 93 94 73 94 95 74 95 96 75 96 97 76 97 98 78 98 99 80 99 100 81 100 101 82 101 102 2046 102 104 103 84 105 84 85 106 85 86 107 86 87 108 87 88 109 88 89 110 89 90 111 90 91 112 91 92 113 92 93 114 93 94 115 94 95 116 95 96 117 96 97 118 97 98 119 98 99 120 99 100 121 100 101 122 101 102 123 102 104 124 104 2047 125 2047 126 127 126 2048 128 2048 2049 129 103 130 105 84 105 106 85 106 107 86 107 108 87 108 109 88 109 110 89 110 111 90 111 112 91 112 113 92 113 114 93 114 115 94 115 116 95 116 117 96 117 118 97 118 119 98 119 120 99 120 121 100 121 122 101 122 123 102 123 124 104 124 125 2047 125 127 126 127 128 2048 128 129 2049 129 131 130 105 132 105 106 133 106 107 134 107 108 135 108 109 136 109 110 137 110 111 138 111 112 139 112 113 140 113 114 141 114 115 142 115 116 143 116 117 144 117 118 145 118 119 146 119 120 147 120 121 148 121 122 149 122 123 150 123 124 151 124 125 152 125 127 153 127 128 154 128 129 155 129 131 156 131 2050 157 130 158 132 105 132 133 106 133 134 107 134 135 108 135 136 109 136 137 110 137 138 111 138 139 112 139 140 113 140 141 114 141 142 115 142 143 116 143 144 117 144 145 118 145 146 119 146 147 120 147 148 121 148 149 122 149 150 123 150 151 124 151 152 125 152 153 127 153 154 128 154 155 129 155 156 131 156 157 2050 157 159 158 132 160 132 133 161 133 134 162 134 135 163 135 136 164 136 137 165 137 138 166 138 139 167 139 140 168 140 141 169 141 142 170 142 143 171 143 144 172 144 145 173 145 146 174 146 147 175 147 148 176 148 149 177 149 150 178 150 151 179 151 152 180 152 153 181 153 154 182 154 155 183 155 156 184 156 157 185 157 159 186 158 187 160 132 160 161 133 161 162 134 162 163 135 163 164 136 164 165 137 165 166 138 166 167 139 167 168 140 168 169 141 169 170 142 170 171 143 171 172 144 172 173 145 173 174 146 174 175 147 175 176 148 176 177 149 177 178 150 178 179 151 179 180 152 180 181 153 181 182 154 182 183 155 183 184 156 184 185 157 185 186 159 186 188 187 160 189 160 161 190 161 162 191 162 163 192 163 164 193 164 165 194 165 166 195 166 167 196 167 168 197 168 169 198 169 170 199 170 171 200 171 172 201 172 173 202 173 174 203 174 175 204 175 176 205 176 177 206 177 178 207 178 179 208 179 180 209 180 181 210 181 182 211 182 183 212 183 184 213 184 185 214 185 186 215 186 188 216 187 217 189 160 189 190 161 190 191 162 191 192 163 192 193 164 193 194 165 194 195 166 195 196 167 196 197 168 197 198 169 198 199 170 199 200 171 200 201 172 201 202 173 202 203 174 203 204 175 204 205 176 205 206 177 206 207 178 207 208 179 208 209 180 209 210 181 210 211 182 211 212 183 212 213 184 213 214 185 214 215 186 215 216 188 216 2051 217 189 218 189 190 219 190 191 220 191 192 221 192 193 222 193 194 223 194 195 224 195 196 225 196 197 226 197 198 227 198 199 228 199 200 229 200 201 230 201 202 231 202 203 232 203 204 233 204 205 234 205 206 235 206 207 236 207 208 237 208 209 238 209 210 239 210 211 240 211 212 241 212 213 242 213 214 243 214 215 244 215 216 245 216 2051 246 2051 2052 247 217 248 218 189 218 219 190 219 220 191 220 221 192 221 222 193 222 223 194 223 224 195 224 225 196 225 226 197 226 227 198 227 228 199 228 229 200 229 230 201 230 231 202 231 232 203 232 233 204 233 234 205 234 235 206 235 236 207 236 237 208 237 238 209 238 239 210 239 240 211 240 241 212 241 242 213 242 243 214 243 244 215 244 245 216 245 246 2051 246 247 2052 247 2053 248 218 249 218 219 250 219 220 251 220 221 252 221 222 253 222 223 254 223 224 255 224 225 256 225 226 257 226 227 258 227 228 259 228 229 260 229 230 261 230 231 262 231 232 263 232 233 264 233 234 265 234 235 266 235 236 267 236 237 268 237 238 269 238 239 270 239 240 271 240 241 272 241 242 273 242 243 274 243 244 275 244 245 276 245 246 277 246 247 278 247 2053 279 248 280 249 218 249 250 219 250 251 220 251 252 221 252 253 222 253 254 223 254 255 224 255 256 225 256 257 226 257 258 227 258 259 228 259 260 229 260 261 230 261 262 231 262 263 232 263 264 233 264 265 234 265 266 235 266 267 236 267 268 237 268 269 238 269 270 239 270 271 240 271 272 241 272 273 242 273 274 243 274 275 244 275 276 245 276 277 246 277 278 247 278 279 2053 279 2054 280 249 281 249 250 282 250 251 283 251 252 284 252 253 285 253 254 286 254 255 287 255 256 288 256 257 289 257 258 290 258 259 291 259 260 292 260 261 293 261 262 294 262 263 295 263 264 296 264 265 297 265 266 298 266 267 299 267 268 300 268 269 301 269 270 302 270 271 303 271 272 304 272 273 305 273 274 306 274 275 307 275 276 308 276 277 309 277 278 310 278 279 311 279 2054 312 2054 313 314 313 315 316 280 317 281 249 281 282 250 282 283 251 283 284 252 284 285 253 285 286 254 286 287 255 287 288 256 288 289 257 289 290 258 290 291 259 291 292 260 292 293 261 293 294 262 294 295 263 295 296 264 296 297 265 297 298 266 298 299 267 299 300 268 300 301 269 301 302 270 302 303 271 303 304 272 304 305 273 305 306 274 306 307 275 307 308 276 308 309 277 309 310 278 310 311 279 311 312 2054 312 314 313 314 316 315 316 2055 317 281 318 281 282 319 282 283 320 283 284 321 284 285 322 285 286 323 286 287 324 287 288 325 288 289 326 289 290 327 290 291 328 291 292 329 292 293 330 293 294 331 294 295 332 295 296 333 296 297 334 297 298 335 298 299 336 299 300 337 300 301 338 301 302 339 302 303 340 303 304 341 304 305 342 305 306 343 306 307 344 307 308 345 308 309 346 309 310 347 310 311 348 311 312 349 312 314 350 314 316 351 316 2055 352 2055 2056 353 2056 2057 354 317 355 318 281 318 319 282 319 320 283 320 321 284 321 322 285 322 323 286 323 324 287 324 325 288 325 326 289 326 327 290 327 328 291 328 329 292 329 330 293 330 331 294 331 332 295 332 333 296 333 334 297 334 335 298 335 336 299 336 337 300 337 338 301 338 339 302 339 340 303 340 341 304 341 342 305 342 343 306 343 344 307 344 345 308 345 346 309 346 347 310 347 348 311 348 349 312 349 350 314 350 351 316 351 352 2055 352 353 2056 353 354 2057 354 2058 355 318 356 318 319 357 319 320 358 320 321 359 321 322 360 322 323 361 323 324 362 324 325 363 325 326 364 326 327 365 327 328 366 328 329 367 329 330 368 330 331 369 331 332 370 332 333 371 333 334 372 334 335 373 335 336 374 336 337 375 337 338 376 338 339 377 339 340 378 340 341 379 341 342 380 342 343 381 343 344 382 344 345 383 345 346 384 346 347 385 347 348 386 348 349 387 349 350 388 350 351 389 351 352 390 352 353 391 353 354 392 354 2058 393 355 394 356 318 356 357 319 357 358 320 358 359 321 359 360 322 360 361 323 361 362 324 362 363 325 363 364 326 364 365 327 365 366 328 366 367 329 367 368 330 368 369 331 369 370 332 370 371 333 371 372 334 372 373 335 373 374 336 374 375 337 375 376 338 376 377 339 377 378 340 378 379 341 379 380 342 380 381 343 381 382 344 382 383 345 383 384 346 384 385 347 385 386 348 386 387 349 387 388 350 388 389 351 389 390 352 390 391 353 391 392 354 392 393 2058 393 2059 394 356 395 356 357 396 357 358 397 358 359 398 359 360 399 360 361 400 361 362 401 362 363 402 363 364 403 364 365 404 365 366 405 366 367 406 367 368 407 368 369 408 369 370 409 370 371 410 371 372 411 372 373 412 373 374 413 374 375 414 375 376 415 376 377 416 377 378 417 378 379 418 379 380 419 380 381 420 381 382 421 382 383 422 383 384 423 384 385 424 385 386 425 386 387 426 387 388 427 388 389 428 389 390 429 390 391 430 391 392 431 392 393 432 393 2059 433 394 434 395 356 395 396 357 396 397 358 397 398 359 398 399 360 399 400 361 400 401 362 401 402 363 402 403 364 403 404 365 404 405 366 405 406 367 406 407 368 407 408 369 408 409 370 409 410 371 410 411 372 411 412 373 412 413 374 413 414 375 414 415 376 415 416 377 416 417 378 417 418 379 418 419 380 419 420 381 420 421 382 421 422 383 422 423 384 423 424 385 424 425 386 425 426 387 426 427 388 427 428 389 428 429 390 429 430 391 430 431 392 431 432 393 432 433 2059 433 2060 434 395 435 395 396 436 396 397 437 397 398 438 398 399 439 399 400 440 400 401 441 401 402 442 402 403 443 403 404 444 404 405 445 405 406 446 406 407 447 407 408 448 408 409 449 409 410 450 410 411 451 411 412 452 412 413 453 413 414 454 414 415 455 415 416 456 416 417 457 417 418 458 418 419 459 419 420 460 420 421 461 421 422 462 422 423 463 423 424 464 424 425 465 425 426 466 426 427 467 427 428 468 428 429 469 429 430 470 430 431 471 431 432 472 432 433 473 433 2060 474 434 475 435 395 435 436 396 436 437 397 437 438 398 438 439 399 439 440 400 440 441 401 441 442 402 442 443 403 443 444 404 444 445 405 445 446 406 446 447 407 447 448 408 448 449 409 449 450 410 450 451 411 451 452 412 452 453 413 453 454 414 454 455 415 455 456 416 456 457 417 457 458 418 458 459 419 459 460 420 460 461 421 461 462 422 462 463 423 463 464 424 464 465 425 465 466 426 466 467 427 467 468 428 468 469 429 469 470 430 470 471 431 471 472 432 472 473 433 473 474 475 435 476 435 436 477 436 437 478 437 438 479 438 439 480 439 440 481 440 441 482 441 442 483 442 443 484 443 444 485 444 445 486 445 446 487 446 447 488 447 448 489 448 449 490 449 450 491 450 451 492 451 452 493 452 453 494 453 454 495 454 455 496 455 456 497 456 457 498 457 458 499 458 459 500 459 460 501 460 461 502 461 462 503 462 463 504 463 464 505 464 465 506 465 466 507 466 467 508 467 468 509 468 469 510 469 470 511 470 471 512 471 472 513 472 473 514 473 474 515 475 516 476 435 476 477 436 477 478 437 478 479 438 479 480 439 480 481 440 481 482 441 482 483 442 483 484 443 484 485 444 485 486 445 486 487 446 487 488 447 488 489 448 489 490 449 490 491 450 491 492 451 492 493 452 493 494 453 494 495 454 495 496 455 496 497 456 497 498 457 498 499 458 499 500 459 500 501 460 501 502 461 502 503 462 503 504 463 504 505 464 505 506 465 506 507 466 507 508 467 508 509 468 509 510 469 510 511 470 511 512 471 512 513 472 513 514 473 514 515 516 476 517 476 477 518 477 478 519 478 479 520 479 480 521 480 481 522 481 482 523 482 483 524 483 484 525 484 485 526 485 486 527 486 487 528 487 488 529 488 489 530 489 490 531 490 491 532 491 492 533 492 493 534 493 494 535 494 495 536 495 496 537 496 497 538 497 498 539 498 499 540 499 500 541 500 501 542 501 502 543 502 503 544 503 504 545 504 505 546 505 506 547 506 507 548 507 508 549 508 509 550 509 510 551 510 511 552 511 512 553 512 513 554 513 514 555 514 515 556 516 557 517 476 517 518 477 518 519 478 519 520 479 520 521 480 521 522 481 522 523 482 523 524 483 524 525 484 525 526 485 526 527 486 527 528 487 528 529 488 529 530 489 530 531 490 531 532 491 532 533 492 533 534 493 534 535 494 535 536 495 536 537 496 537 538 497 538 539 498 539 540 499 540 541 500 541 542 501 542 543 502 543 544 503 544 545 504 545 546 505 546 547 506 547 548 507 548 549 508 549 550 509 550 551 510 551 552 511 552 553 512 553 554 513 554 555 514 555 556 557 517 558 517 518 559 518 519 560 519 520 561 520 521 562 521 522 563 522 523 564 523 524 565 524 525 566 525 526 567 526 527 568 527 528 569 528 529 570 529 530 571 530 531 572 531 532 573 532 533 574 533 534 575 534 535 576 535 536 577 536 537 578 537 538 579 538 539 580 539 540 581 540 541 582 541 542 583 542 543 584 543 544 585 544 545 586 545 546 587 546 547 588 547 548 589 548 549 590 549 550 591 550 551 592 551 552 593 552 553 594 553 554 595 554 555 596 555 556 597 557 598 558 517 558 559 518 559 560 519 560 561 520 561 562 521 562 563 522 563 564 523 564 565 524 565 566 525 566 567 526 567 568 527 568 569 528 569 570 529 570 571 530 571 572 531 572 573 532 573 574 533 574 575 534 575 576 535 576 577 536 577 578 537 578 579 538 579 580 539 580 581 540 581 582 541 582 583 542 583 584 543 584 585 544 585 586 545 586 587 546 587 588 547 588 589 548 589 590 549 590 591 550 591 592 551 592 593 552 593 594 553 594 595 554 595 596 555 596 597 598 558 599 558 559 600 559 560 601 560 561 602 561 562 603 562 563 604 563 564 605 564 565 606 565 566 607 566 567 608 567 568 609 568 569 610 569 570 611 570 571 612 571 572 613 572 573 614 573 574 615 574 575 616 575 576 617 576 577 618 577 578 619 578 579 620 579 580 621 580 581 622 581 582 623 582 583 624 583 584 625 584 585 626 585 586 627 586 587 628 587 588 629 588 589 630 589 590 631 590 591 632 591 592 633 592 593 634 593 594 635 594 595 636 595 596 637 596 597 638 598 639 599 558 599 600 559 600 601 560 601 602 561 602 603 562 603 604 563 604 605 564 605 606 565 606 607 566 607 608 567 608 609 568 609 610 569 610 611 570 611 612 571 612 613 572 613 614 573 614 615 574 615 616 575 616 617 576 617 618 577 618 619 578 619 620 579 620 621 580 621 622 581 622 623 582 623 624 583 624 625 584 625 626 585 626 627 586 627 628 587 628 629 588 629 630 589 630 631 590 631 632 591 632 633 592 633 634 593 634 635 594 635 636 595 636 637 596 637 638 639 599 640 599 600 641 600 601 642 601 602 643 602 603 644 603 604 645 604 605 646 605 606 647 606 607 648 607 608 649 608 609 650 609 610 651 610 611 652 611 612 653 612 613 654 613 614 655 614 615 656 615 616 657 616 617 658 617 618 659 618 619 660 619 620 661 620 621 662 621 622 663 622 623 664 623 624 665 624 625 666 625 626 667 626 627 668 627 628 669 628 629 670 629 630 671 630 631 672 631 632 673 632 633 674 633 634 675 634 635 676 635 636 677 636 637 678 637 638 679 639 680 640 599 640 641 600 641 642 601 642 643 602 643 644 603 644 645 604 645 646 605 646 647 606 647 648 607 648 649 608 649 650 609 650 651 610 651 652 611 652 653 612 653 654 613 654 655 614 655 656 615 656 657 616 657 658 617 658 659 618 659 660 619 660 661 620 661 662 621 662 663 622 663 664 623 664 665 624 665 666 625 666 667 626 667 668 627 668 669 628 669 670 629 670 671 630 671 672 631 672 673 632 673 674 633 674 675 634 675 676 635 676 677 636 677 678 637 678 679 680 640 681 640 641 682 641 642 683 642 643 684 643 644 685 644 645 686 645 646 687 646 647 688 647 648 689 648 649 690 649 650 691 650 651 692 651 652 693 652 653 694 653 654 695 654 655 696 655 656 697 656 657 698 657 658 699 658 659 700 659 660 701 660 661 702 661 662 703 662 663 704 663 664 705 664 665 706 665 666 707 666 667 708 667 668 709 668 669 710 669 670 711 670 671 712 671 672 713 672 673 714 673 674 715 674 675 716 675 676 717 676 677 718 677 678 719 678 679 720 680 721 681 640 681 682 641 682 683 642 683 684 643 684 685 644 685 686 645 686 687 646 687 688 647 688 689 648 689 690 649 690 691 650 691 692 651 692 693 652 693 694 653 694 695 654 695 696 655 696 697 656 697 698 657 698 699 658 699 700 659 700 701 660 701 702 661 702 703 662 703 704 663 704 705 664 705 706 665 706 707 666 707 708 667 708 709 668 709 710 669 710 711 670 711 712 671 712 713 672 713 714 673 714 715 674 715 716 675 716 717 676 717 718 677 718 719 678 719 720 721 681 722 681 682 723 682 683 724 683 684 725 684 685 726 685 686 727 686 687 728 687 688 729 688 689 730 689 690 731 690 691 732 691 692 733 692 693 734 693 694 735 694 695 736 695 696 737 696 697 738 697 698 739 698 699 740 699 700 741 700 701 742 701 702 743 702 703 744 703 704 745 704 705 746 705 706 747 706 707 748 707 708 749 708 709 750 709 710 751 710 711 752 711 712 753 712 713 754 713 714 755 714 715 756 715 716 757 716 717 758 717 718 759 718 719 760 719 720 761 721 762 722 681 722 723 682 723 724 683 724 725 684 725 726 685 726 727 686 727 728 687 728 729 688 729 730 689 730 731 690 731 732 691 732 733 692 733 734 693 734 735 694 735 736 695 736 737 696 737 738 697 738 739 698 739 740 699 740 741 700 741 742 701 742 743 702 743 744 703 744 745 704 745 746 705 746 747 706 747 748 707 748 749 708 749 750 709 750 751 710 751 752 711 752 753 712 753 754 713 754 755 714 755 756 715 756 757 716 757 758 717 758 759 718 759 760 719 760 761 762 722 763 722 723 764 723 724 765 724 725 766 725 726 767 726 727 768 727 728 769 728 729 770 729 730 771 730 731 772 731 732 773 732 733 774 733 734 775 734 735 776 735 736 777 736 737 778 737 738 779 738 739 780 739 740 781 740 741 782 741 742 783 742 743 784 743 744 785 744 745 786 745 746 787 746 747 788 747 748 789 748 749 790 749 750 791 750 751 792 751 752 793 752 753 794 753 754 795 754 755 796 755 756 797 756 757 798 757 758 799 758 759 800 759 760 801 760 761 802 762 803 763 722 763 764 723 764 765 724 765 766 725 766 767 726 767 768 727 768 769 728 769 770 729 770 771 730 771 772 731 772 773 732 773 774 733 774 775 734 775 776 735 776 777 736 777 778 737 778 779 738 779 780 739 780 781 740 781 782 741 782 783 742 783 784 743 784 785 744 785 786 745 786 787 746 787 788 747 788 789 748 789 790 749 790 791 750 791 792 751 792 793 752 793 794 753 794 795 754 795 796 755 796 797 756 797 798 757 798 799 758 799 800 759 800 801 760 801 802 803 763 804 763 764 805 764 765 806 765 766 807 766 767 808 767 768 809 768 769 810 769 770 811 770 771 812 771 772 813 772 773 814 773 774 815 774 775 816 775 776 817 776 777 818 777 778 819 778 779 820 779 780 821 780 781 822 781 782 823 782 783 824 783 784 825 784 785 826 785 786 827 786 787 828 787 788 829 788 789 830 789 790 831 790 791 832 791 792 833 792 793 834 793 794 835 794 795 836 795 796 837 796 797 838 797 798 839 798 799 840 799 800 841 800 801 842 801 802 843 803 844 804 763 804 805 764 805 806 765 806 807 766 807 808 767 808 809 768 809 810 769 810 811 770 811 812 771 812 813 772 813 814 773 814 815 774 815 816 775 816 817 776 817 818 777 818 819 778 819 820 779 820 821 780 821 822 781 822 823 782 823 824 783 824 825 784 825 826 785 826 827 786 827 828 787 828 829 788 829 830 789 830 831 790 831 832 791 832 833 792 833 834 793 834 835 794 835 836 795 836 837 796 837 838 797 838 839 798 839 840 799 840 841 800 841 842 801 842 843 844 804 845 804 805 846 805 806 847 806 807 848 807 808 849 808 809 850 809 810 851 810 811 852 811 812 853 812 813 854 813 814 855 814 815 856 815 816 857 816 817 858 817 818 859 818 819 860 819 820 861 820 821 862 821 822 863 822 823 864 823 824 865 824 825 866 825 826 867 826 827 868 827 828 869 828 829 870 829 830 871 830 831 872 831 832 873 832 833 874 833 834 875 834 835 876 835 836 877 836 837 878 837 838 879 838 839 880 839 840 881 840 841 882 841 842 883 842 843 884 844 885 845 804 845 846 805 846 847 806 847 848 807 848 849 808 849 850 809 850 851 810 851 852 811 852 853 812 853 854 813 854 855 814 855 856 815 856 857 816 857 858 817 858 859 818 859 860 819 860 861 820 861 862 821 862 863 822 863 864 823 864 865 824 865 866 825 866 867 826 867 868 827 868 869 828 869 870 829 870 871 830 871 872 831 872 873 832 873 874 833 874 875 834 875 876 835 876 877 836 877 878 837 878 879 838 879 880 839 880 881 840 881 882 841 882 883 842 883 884 885 845 886 845 846 887 846 847 888 847 848 889 848 849 890 849 850 891 850 851 892 851 852 893 852 853 894 853 854 895 854 855 896 855 856 897 856 857 898 857 858 899 858 859 900 859 860 901 860 861 902 861 862 903 862 863 904 863 864 905 864 865 906 865 866 907 866 867 908 867 868 909 868 869 910 869 870 911 870 871 912 871 872 913 872 873 914 873 874 915 874 875 916 875 876 917 876 877 918 877 878 919 878 879 920 879 880 921 880 881 922 881 882 923 882 883 924 883 884 925 885 926 886 845 886 887 846 887 888 847 888 889 848 889 890 849 890 891 850 891 892 851 892 893 852 893 894 853 894 895 854 895 896 855 896 897 856 897 898 857 898 899 858 899 900 859 900 901 860 901 902 861 902 903 862 903 904 863 904 905 864 905 906 865 906 907 866 907 908 867 908 909 868 909 910 869 910 911 870 911 912 871 912 913 872 913 914 873 914 915 874 915 916 875 916 917 876 917 918 877 918 919 878 919 920 879 920 921 880 921 922 881 922 923 882 923 924 883 924 925 926 886 927 886 887 928 887 888 929 888 889 930 889 890 931 890 891 932 891 892 933 892 893 934 893 894 935 894 895 936 895 896 937 896 897 938 897 898 939 898 899 940 899 900 941 900 901 942 901 902 943 902 903 944 903 904 945 904 905 946 905 906 947 906 907 948 907 908 949 908 909 950 909 910 951 910 911 952 911 912 953 912 913 954 913 914 955 914 915 956 915 916 957 916 917 958 917 918 959 918 919 960 919 920 961 920 921 962 921 922 963 922 923 964 923 924 965 924 925 966 926 967 927 886 927 928 887 928 929 888 929 930 889 930 931 890 931 932 891 932 933 892 933 934 893 934 935 894 935 936 895 936 937 896 937 938 897 938 939 898 939 940 899 940 941 900 941 942 901 942 943 902 943 944 903 944 945 904 945 946 905 946 947 906 947 948 907 948 949 908 949 950 909 950 951 910 951 952 911 952 953 912 953 954 913 954 955 914 955 956 915 956 957 916 957 958 917 958 959 918 959 960 919 960 961 920 961 962 921 962 963 922 963 964 923 964 965 924 965 966 967 927 968 927 928 969 928 929 970 929 930 971 930 931 972 931 932 973 932 933 974 933 934 975 934 935 976 935 936 977 936 937 978 937 938 979 938 939 980 939 940 981 940 941 982 941 942 983 942 943 984 943 944 985 944 945 986 945 946 987 946 947 988 947 948 989 948 949 990 949 950 991 950 951 992 951 952 993 952 953 994 953 954 995 954 955 996 955 956 997 956 957 998 957 958 999 958 959 1000 959 960 1001 960 961 1002 961 962 1003 962 963 1004 963 964 1005 964 965 1006 965 966 1007 967 1008 968 927 968 969 928 969 970 929 970 971 930 971 972 931 972 973 932 973 974 933 974 975 934 975 976 935 976 977 936 977 978 937 978 979 938 979 980 939 980 981 940 981 982 941 982 983 942 983 984 943 984 985 944 985 986 945 986 987 946 987 988 947 988 989 948 989 990 949 990 991 950 991 992 951 992 993 952 993 994 953 994 995 954 995 996 955 996 997 956 997 998 957 998 999 958 999 1000 959 1000 1001 960 1001 1002 961 1002 1003 962 1003 1004 963 1004 1005 964 1005 1006 965 1006 1007 1008 968 1009 968 969 1010 969 970 1011 970 971 1012 971 972 1013 972 973 1014 973 974 1015 974 975 1016 975 976 1017 976 977 1018 977 978 1019 978 979 1020 979 980 1021 980 981 1022 981 982 1023 982 983 1024 983 984 1025 984 985 1026 985 986 1027 986 987 1028 987 988 1029 988 989 1030 989 990 1031 990 991 1032 991 992 1033 992 993 1034 993 994 1035 994 995 1036 995 996 1037 996 997 1038 997 998 1039 998 999 1040 999 1000 1041 1000 1001 1042 1001 1002 1043 1002 1003 1044 1003 1004 1045 1004 1005 1046 1005 1006 1047 1006 1007 1048 1008 1049 1009 968 1009 1010 969 1010 1011 970 1011 1012 971 1012 1013 972 1013 1014 973 1014 1015 974 1015 1016 975 1016 1017 976 1017 1018 977 1018 1019 978 1019 1020 979 1020 1021 980 1021 1022 981 1022 1023 982 1023 1024 983 1024 1025 984 1025 1026 985 1026 1027 986 1027 1028 987 1028 1029 988 1029 1030 989 1030 1031 990 1031 1032 991 1032 1033 992 1033 1034 993 1034 1035 994 1035 1036 995 1036 1037 996 1037 1038 997 1038 1039 998 1039 1040 999 1040 1041 1000 1041 1042 1001 1042 1043 1002 1043 1044 1003 1044 1045 1004 1045 1046 1005 1046 1047 1006 1047 1048 1049 1009 1050 1009 1010 1051 1010 1011 1052 1011 1012 1053 1012 1013 1054 1013 1014 1055 1014 1015 1056 1015 1016 1057 1016 1017 1058 1017 1018 1059 1018 1019 1060 1019 1020 1061 1020 1021 1062 1021 1022 1063 1022 1023 1064 1023 1024 1065 1024 1025 1066 1025 1026 1067 1026 1027 1068 1027 1028 1069 1028 1029 1070 1029 1030 1071 1030 1031 1072 1031 1032 1073 1032 1033 1074 1033 1034 1075 1034 1035 1076 1035 1036 1077 1036 1037 1078 1037 1038 1079 1038 1039 1080 1039 1040 1081 1040 1041 1082 1041 1042 1083 1042 1043 1084 1043 1044 1085 1044 1045 1086 1045 1046 1087 1046 1047 1088 1047 1048 1089 1049 1090 1050 1009 1050 1051 1010 1051 1052 1011 1052 1053 1012 1053 1054 1013 1054 1055 1014 1055 1056 1015 1056 1057 1016 1057 1058 1017 1058 1059 1018 1059 1060 1019 1060 1061 1020 1061 1062 1021 1062 1063 1022 1063 1064 1023 1064 1065 1024 1065 1066 1025 1066 1067 1026 1067 1068 1027 1068 1069 1028 1069 1070 1029 1070 1071 1030 1071 1072 1031 1072 1073 1032 1073 1074 1033 1074 1075 1034 1075 1076 1035 1076 1077 1036 1077 1078 1037 1078 1079 1038 1079 1080 1039 1080 1081 1040 1081 1082 1041 1082 1083 1042 1083 1084 1043 1084 1085 1044 1085 1086 1045 1086 1087 1046 1087 1088 1047 1088 1089 1090 1050 1091 1050 1051 1092 1051 1052 1093 1052 1053 1094 1053 1054 1095 1054 1055 1096 1055 1056 1097 1056 1057 1098 1057 1058 1099 1058 1059 1100 1059 1060 1101 1060 1061 1102 1061 1062 1103 1062 1063 1104 1063 1064 1105 1064 1065 1106 1065 1066 1107 1066 1067 1108 1067 1068 1109 1068 1069 1110 1069 1070 1111 1070 1071 1112 1071 1072 1113 1072 1073 1114 1073 1074 1115 1074 1075 1116 1075 1076 1117 1076 1077 1118 1077 1078 1119 1078 1079 1120 1079 1080 1121 1080 1081 1122 1081 1082 1123 1082 1083 1124 1083 1084 1125 1084 1085 1126 1085 1086 1127 1086 1087 1128 1087 1088 1129 1088 1089 1130 1090 1131 1091 1050 1091 1092 1051 1092 1093 1052 1093 1094 1053 1094 1095 1054 1095 1096 1055 1096 1097 1056 1097 1098 1057 1098 1099 1058 1099 1100 1059 1100 1101 1060 1101 1102 1061 1102 1103 1062 1103 1104 1063 1104 1105 1064 1105 1106 1065 1106 1107 1066 1107 1108 1067 1108 1109 1068 1109 1110 1069 1110 1111 1070 1111 1112 1071 1112 1113 1072 1113 1114 1073 1114 1115 1074 1115 1116 1075 1116 1117 1076 1117 1118 1077 1118 1119 1078 1119 1120 1079 1120 1121 1080 1121 1122 1081 1122 1123 1082 1123 1124 1083 1124 1125 1084 1125 1126 1085 1126 1127 1086 1127 1128 1087 1128 1129 1088 1129 1130 1131 1091 1132 1091 1092 1133 1092 1093 1134 1093 1094 1135 1094 1095 1136 1095 1096 1137 1096 1097 1138 1097 1098 1139 1098 1099 1140 1099 1100 1141 1100 1101 1142 1101 1102 1143 1102 1103 1144 1103 1104 1145 1104 1105 1146 1105 1106 1147 1106 1107 1148 1107 1108 1149 1108 1109 1150 1109 1110 1151 1110 1111 1152 1111 1112 1153 1112 1113 1154 1113 1114 1155 1114 1115 1156 1115 1116 1157 1116 1117 1158 1117 1118 1159 1118 1119 1160 1119 1120 1161 1120 1121 1162 1121 1122 1163 1122 1123 1164 1123 1124 1165 1124 1125 1166 1125 1126 1167 1126 1127 1168 1127 1128 1169 1128 1129 1170 1129 1130 1171 1131 1172 1132 1091 1132 1133 1092 1133 1134 1093 1134 1135 1094 1135 1136 1095 1136 1137 1096 1137 1138 1097 1138 1139 1098 1139 1140 1099 1140 1141 1100 1141 1142 1101 1142 1143 1102 1143 1144 1103 1144 1145 1104 1145 1146 1105 1146 1147 1106 1147 1148 1107 1148 1149 1108 1149 1150 1109 1150 1151 1110 1151 1152 1111 1152 1153 1112 1153 1154 1113 1154 1155 1114 1155 1156 1115 1156 1157 1116 1157 1158 1117 1158 1159 1118 1159 1160 1119 1160 1161 1120 1161 1162 1121 1162 1163 1122 1163 1164 1123 1164 1165 1124 1165 1166 1125 1166 1167 1126 1167 1168 1127 1168 1169 1128 1169 1170 1129 1170 1171 1172 1132 1173 1132 1133 1174 1133 1134 1175 1134 1135 1176 1135 1136 1177 1136 1137 1178 1137 1138 1179 1138 1139 1180 1139 1140 1181 1140 1141 1182 1141 1142 1183 1142 1143 1184 1143 1144 1185 1144 1145 1186 1145 1146 1187 1146 1147 1188 1147 1148 1189 1148 1149 1190 1149 1150 1191 1150 1151 1192 1151 1152 1193 1152 1153 1194 1153 1154 1195 1154 1155 1196 1155 1156 1197 1156 1157 1198 1157 1158 1199 1158 1159 1200 1159 1160 1201 1160 1161 1202 1161 1162 1203 1162 1163 1204 1163 1164 1205 1164 1165 1206 1165 1166 1207 1166 1167 1208 1167 1168 1209 1168 1169 1210 1169 1170 1211 1170 1171 1212 1172 1213 1173 1132 1173 1174 1133 1174 1175 1134 1175 1176 1135 1176 1177 1136 1177 1178 1137 1178 1179 1138 1179 1180 1139 1180 1181 1140 1181 1182 1141 1182 1183 1142 1183 1184 1143 1184 1185 1144 1185 1186 1145 1186 1187 1146 1187 1188 1147 1188 1189 1148 1189 1190 1149 1190 1191 1150 1191 1192 1151 1192 1193 1152 1193 1194 1153 1194 1195 1154 1195 1196 1155 1196 1197 1156 1197 1198 1157 1198 1199 1158 1199 1200 1159 1200 1201 1160 1201 1202 1161 1202 1203 1162 1203 1204 1163 1204 1205 1164 1205 1206 1165 1206 1207 1166 1207 1208 1167 1208 1209 1168 1209 1210 1169 1210 1211 1170 1211 1212 1213 1173 1214 1173 1174 1215 1174 1175 1216 1175 1176 1217 1176 1177 1218 1177 1178 1219 1178 1179 1220 1179 1180 1221 1180 1181 1222 1181 1182 1223 1182 1183 1224 1183 1184 1225 1184 1185 1226 1185 1186 1227 1186 1187 1228 1187 1188 1229 1188 1189 1230 1189 1190 1231 1190 1191 1232 1191 1192 1233 1192 1193 1234 1193 1194 1235 1194 1195 1236 1195 1196 1237 1196 1197 1238 1197 1198 1239 1198 1199 1240 1199 1200 1241 1200 1201 1242 1201 1202 1243 1202 1203 1244 1203 1204 1245 1204 1205 1246 1205 1206 1247 1206 1207 1248 1207 1208 1249 1208 1209 1250 1209 1210 1251 1210 1211 1252 1211 1212 1253 1213 1254 1214 1173 1214 1215 1174 1215 1216 1175 1216 1217 1176 1217 1218 1177 1218 1219 1178 1219 1220 1179 1220 1221 1180 1221 1222 1181 1222 1223 1182 1223 1224 1183 1224 1225 1184 1225 1226 1185 1226 1227 1186 1227 1228 1187 1228 1229 1188 1229 1230 1189 1230 1231 1190 1231 1232 1191 1232 1233 1192 1233 1234 1193 1234 1235 1194 1235 1236 1195 1236 1237 1196 1237 1238 1197 1238 1239 1198 1239 1240 1199 1240 1241 1200 1241 1242 1201 1242 1243 1202 1243 1244 1203 1244 1245 1204 1245 1246 1205 1246 1247 1206 1247 1248 1207 1248 1249 1208 1249 1250 1209 1250 1251 1210 1251 1252 1211 1252 1253 1254 1214 1255 1214 1215 1256 1215 1216 1257 1216 1217 1258 1217 1218 1259 1218 1219 1260 1219 1220 1261 1220 1221 1262 1221 1222 1263 1222 1223 1264 1223 1224 1265 1224 1225 1266 1225 1226 1267 1226 1227 1268 1227 1228 1269 1228 1229 1270 1229 1230 1271 1230 1231 1272 1231 1232 1273 1232 1233 1274 1233 1234 1275 1234 1235 1276 1235 1236 1277 1236 1237 1278 1237 1238 1279 1238 1239 1280 1239 1240 1281 1240 1241 1282 1241 1242 1283 1242 1243 1284 1243 1244 1285 1244 1245 1286 1245 1246 1287 1246 1247 1288 1247 1248 1289 1248 1249 1290 1249 1250 1291 1250 1251 1292 1251 1252 1293 1252 1253 1294 1254 1295 1255 1214 1255 1256 1215 1256 1257 1216 1257 1258 1217 1258 1259 1218 1259 1260 1219 1260 1261 1220 1261 1262 1221 1262 1263 1222 1263 1264 1223 1264 1265 1224 1265 1266 1225 1266 1267 1226 1267 1268 1227 1268 1269 1228 1269 1270 1229 1270 1271 1230 1271 1272 1231 1272 1273 1232 1273 1274 1233 1274 1275 1234 1275 1276 1235 1276 1277 1236 1277 1278 1237 1278 1279 1238 1279 1280 1239 1280 1281 1240 1281 1282 1241 1282 1283 1242 1283 1284 1243 1284 1285 1244 1285 1286 1245 1286 1287 1246 1287 1288 1247 1288 1289 1248 1289 1290 1249 1290 1291 1250 1291 1292 1251 1292 1293 1252 1293 1294 1295 1255 1296 1255 1256 1297 1256 1257 1298 1257 1258 1299 1258 1259 1300 1259 1260 1301 1260 1261 1302 1261 1262 1303 1262 1263 1304 1263 1264 1305 1264 1265 1306 1265 1266 1307 1266 1267 1308 1267 1268 1309 1268 1269 1310 1269 1270 1311 1270 1271 1312 1271 1272 1313 1272 1273 1314 1273 1274 1315 1274 1275 1316 1275 1276 1317 1276 1277 1318 1277 1278 1319 1278 1279 1320 1279 1280 1321 1280 1281 1322 1281 1282 1323 1282 1283 1324 1283 1284 1325 1284 1285 1326 1285 1286 1327 1286 1287 1328 1287 1288 1329 1288 1289 1330 1289 1290 1331 1290 1291 1332 1291 1292 1333 1292 1293 1334 1293 1294 1335 1295 1336 1296 1255 1296 1297 1256 1297 1298 1257 1298 1299 1258 1299 1300 1259 1300 1301 1260 1301 1302 1261 1302 1303 1262 1303 1304 1263 1304 1305 1264 1305 1306 1265 1306 1307 1266 1307 1308 1267 1308 1309 1268 1309 1310 1269 1310 1311 1270 1311 1312 1271 1312 1313 1272 1313 1314 1273 1314 1315 1274 1315 1316 1275 1316 1317 1276 1317 1318 1277 1318 1319 1278 1319 1320 1279 1320 1321 1280 1321 1322 1281 1322 1323 1282 1323 1324 1283 1324 1325 1284 1325 1326 1285 1326 1327 1286 1327 1328 1287 1328 1329 1288 1329 1330 1289 1330 1331 1290 1331 1332 1291 1332 1333 1292 1333 1334 1293 1334 1335 1336 1296 1337 1296 1297 1338 1297 1298 1339 1298 1299 1340 1299 1300 1341 1300 1301 1342 1301 1302 1343 1302 1303 1344 1303 1304 1345 1304 1305 1346 1305 1306 1347 1306 1307 1348 1307 1308 1349 1308 1309 1350 1309 1310 1351 1310 1311 1352 1311 1312 1353 1312 1313 1354 1313 1314 1355 1314 1315 1356 1315 1316 1357 1316 1317 1358 1317 1318 1359 1318 1319 1360 1319 1320 1361 1320 1321 1362 1321 1322 1363 1322 1323 1364 1323 1324 1365 1324 1325 1366 1325 1326 1367 1326 1327 1368 1327 1328 1369 1328 1329 1370 1329 1330 1371 1330 1331 1372 1331 1332 1373 1332 1333 1374 1333 1334 1375 1334 1335 1376 1336 1377 1337 1296 1337 1338 1297 1338 1339 1298 1339 1340 1299 1340 1341 1300 1341 1342 1301 1342 1343 1302 1343 1344 1303 1344 1345 1304 1345 1346 1305 1346 1347 1306 1347 1348 1307 1348 1349 1308 1349 1350 1309 1350 1351 1310 1351 1352 1311 1352 1353 1312 1353 1354 1313 1354 1355 1314 1355 1356 1315 1356 1357 1316 1357 1358 1317 1358 1359 1318 1359 1360 1319 1360 1361 1320 1361 1362 1321 1362 1363 1322 1363 1364 1323 1364 1365 1324 1365 1366 1325 1366 1367 1326 1367 1368 1327 1368 1369 1328 1369 1370 1329 1370 1371 1330 1371 1372 1331 1372 1373 1332 1373 1374 1333 1374 1375 1334 1375 1376 1377 1337 1378 1337 1338 1379 1338 1339 1380 1339 1340 1381 1340 1341 1382 1341 1342 1383 1342 1343 1384 1343 1344 1385 1344 1345 1386 1345 1346 1387 1346 1347 1388 1347 1348 1389 1348 1349 1390 1349 1350 1391 1350 1351 1392 1351 1352 1393 1352 1353 1394 1353 1354 1395 1354 1355 1396 1355 1356 1397 1356 1357 1398 1357 1358 1399 1358 1359 1400 1359 1360 1401 1360 1361 1402 1361 1362 1403 1362 1363 1404 1363 1364 1405 1364 1365 1406 1365 1366 1407 1366 1367 1408 1367 1368 1409 1368 1369 1410 1369 1370 1411 1370 1371 1412 1371 1372 1413 1372 1373 1414 1373 1374 1415 1374 1375 1416 1375 1376 1417 1377 1418 1378 1337 1378 1379 1338 1379 1380 1339 1380 1381 1340 1381 1382 1341 1382 1383 1342 1383 1384 1343 1384 1385 1344 1385 1386 1345 1386 1387 1346 1387 1388 1347 1388 1389 1348 1389 1390 1349 1390 1391 1350 1391 1392 1351 1392 1393 1352 1393 1394 1353 1394 1395 1354 1395 1396 1355 1396 1397 1356 1397 1398 1357 1398 1399 1358 1399 1400 1359 1400 1401 1360 1401 1402 1361 1402 1403 1362 1403 1404 1363 1404 1405 1364 1405 1406 1365 1406 1407 1366 1407 1408 1367 1408 1409 1368 1409 1410 1369 1410 1411 1370 1411 1412 1371 1412 1413 1372 1413 1414 1373 1414 1415 1374 1415 1416 1375 1416 1417 1418 1378 1419 1378 1379 1420 1379 1380 1421 1380 1381 1422 1381 1382 1423 1382 1383 1424 1383 1384 1425 1384 1385 1426 1385 1386 1427 1386 1387 1428 1387 1388 1429 1388 1389 1430 1389 1390 1431 1390 1391 1432 1391 1392 1433 1392 1393 1434 1393 1394 1435 1394 1395 1436 1395 1396 1437 1396 1397 1438 1397 1398 1439 1398 1399 1440 1399 1400 1441 1400 1401 1442 1401 1402 1443 1402 1403 1444 1403 1404 1445 1404 1405 1446 1405 1406 1447 1406 1407 1448 1407 1408 1449 1408 1409 1450 1409 1410 1451 1410 1411 1452 1411 1412 1453 1412 1413 1454 1413 1414 1455 1414 1415 1456 1415 1416 1457 1416 1417 1458 1418 1459 1419 1378 1419 1420 1379 1420 1421 1380 1421 1422 1381 1422 1423 1382 1423 1424 1383 1424 1425 1384 1425 1426 1385 1426 1427 1386 1427 1428 1387 1428 1429 1388 1429 1430 1389 1430 1431 1390 1431 1432 1391 1432 1433 1392 1433 1434 1393 1434 1435 1394 1435 1436 1395 1436 1437 1396 1437 1438 1397 1438 1439 1398 1439 1440 1399 1440 1441 1400 1441 1442 1401 1442 1443 1402 1443 1444 1403 1444 1445 1404 1445 1446 1405 1446 1447 1406 1447 1448 1407 1448 1449 1408 1449 1450 1409 1450 1451 1410 1451 1452 1411 1452 1453 1412 1453 1454 1413 1454 1455 1414 1455 1456 1415 1456 1457 1416 1457 1458 1459 1419 1460 1419 1420 1461 1420 1421 1462 1421 1422 1463 1422 1423 1464 1423 1424 1465 1424 1425 1466 1425 1426 1467 1426 1427 1468 1427 1428 1469 1428 1429 1470 1429 1430 1471 1430 1431 1472 1431 1432 1473 1432 1433 1474 1433 1434 1475 1434 1435 1476 1435 1436 1477 1436 1437 1478 1437 1438 1479 1438 1439 1480 1439 1440 1481 1440 1441 1482 1441 1442 1483 1442 1443 1484 1443 1444 1485 1444 1445 1486 1445 1446 1487 1446 1447 1488 1447 1448 1489 1448 1449 1490 1449 1450 1491 1450 1451 1492 1451 1452 1493 1452 1453 1494 1453 1454 1495 1454 1455 1496 1455 1456 1497 1456 1457 1498 1457 1458 1499 1459 1500 1460 1419 1460 1461 1420 1461 1462 1421 1462 1463 1422 1463 1464 1423 1464 1465 1424 1465 1466 1425 1466 1467 1426 1467 1468 1427 1468 1469 1428 1469 1470 1429 1470 1471 1430 1471 1472 1431 1472 1473 1432 1473 1474 1433 1474 1475 1434 1475 1476 1435 1476 1477 1436 1477 1478 1437 1478 1479 1438 1479 1480 1439 1480 1481 1440 1481 1482 1441 1482 1483 1442 1483 1484 1443 1484 1485 1444 1485 1486 1445 1486 1487 1446 1487 1488 1447 1488 1489 1448 1489 1490 1449 1490 1491 1450 1491 1492 1451 1492 1493 1452 1493 1494 1453 1494 1495 1454 1495 1496 1455 1496 1497 1456 1497 1498 1457 1498 1499 1500 1460 1501 1460 1461 1502 1461 1462 1503 1462 1463 1504 1463 1464 1505 1464 1465 1506 1465 1466 1507 1466 1467 1508 1467 1468 1509 1468 1469 1510 1469 1470 1511 1470 1471 1512 1471 1472 1513 1472 1473 1514 1473 1474 1515 1474 1475 1516 1475 1476 1517 1476 1477 1518 1477 1478 1519 1478 1479 1520 1479 1480 1521 1480 1481 1522 1481 1482 1523 1482 1483 1524 1483 1484 1525 1484 1485 1526 1485 1486 1527 1486 1487 1528 1487 1488 1529 1488 1489 1530 1489 1490 1531 1490 1491 1532 1491 1492 1533 1492 1493 1534 1493 1494 1535 1494 1495 1536 1495 1496 1537 1496 1497 1538 1497 1498 1539 1498 1499 1540 1500 1541 1501 1460 1501 1502 1461 1502 1503 1462 1503 1504 1463 1504 1505 1464 1505 1506 1465 1506 1507 1466 1507 1508 1467 1508 1509 1468 1509 1510 1469 1510 1511 1470 1511 1512 1471 1512 1513 1472 1513 1514 1473 1514 1515 1474 1515 1516 1475 1516 1517 1476 1517 1518 1477 1518 1519 1478 1519 1520 1479 1520 1521 1480 1521 1522 1481 1522 1523 1482 1523 1524 1483 1524 1525 1484 1525 1526 1485 1526 1527 1486 1527 1528 1487 1528 1529 1488 1529 1530 1489 1530 1531 1490 1531 1532 1491 1532 1533 1492 1533 1534 1493 1534 1535 1494 1535 1536 1495 1536 1537 1496 1537 1538 1497 1538 1539 1498 1539 1540 1541 1501 1542 1501 1502 1543 1502 1503 1544 1503 1504 1545 1504 1505 1546 1505 1506 1547 1506 1507 1548 1507 1508 1549 1508 1509 1550 1509 1510 1551 1510 1511 1552 1511 1512 1553 1512 1513 1554 1513 1514 1555 1514 1515 1556 1515 1516 1557 1516 1517 1558 1517 1518 1559 1518 1519 1560 1519 1520 1561 1520 1521 1562 1521 1522 1563 1522 1523 1564 1523 1524 1565 1524 1525 1566 1525 1526 1567 1526 1527 1568 1527 1528 1569 1528 1529 1570 1529 1530 1571 1530 1531 1572 1531 1532 1573 1532 1533 1574 1533 1534 1575 1534 1535 1576 1535 1536 1577 1536 1537 1578 1537 1538 1579 1538 1539 1580 1539 1540 1581 1541 1582 1542 1501 1542 1543 1502 1543 1544 1503 1544 1545 1504 1545 1546 1505 1546 1547 1506 1547 1548 1507 1548 1549 1508 1549 1550 1509 1550 1551 1510 1551 1552 1511 1552 1553 1512 1553 1554 1513 1554 1555 1514 1555 1556 1515 1556 1557 1516 1557 1558 1517 1558 1559 1518 1559 1560 1519 1560 1561 1520 1561 1562 1521 1562 1563 1522 1563 1564 1523 1564 1565 1524 1565 1566 1525 1566 1567 1526 1567 1568 1527 1568 1569 1528 1569 1570 1529 1570 1571 1530 1571 1572 1531 1572 1573 1532 1573 1574 1533 1574 1575 1534 1575 1576 1535 1576 1577 1536 1577 1578 1537 1578 1579 1538 1579 1580 1539 1580 1581 1582 1542 1583 1542 1543 1584 1543 1544 1585 1544 1545 1586 1545 1546 1587 1546 1547 1588 1547 1548 1589 1548 1549 1590 1549 1550 1591 1550 1551 1592 1551 1552 1593 1552 1553 1594 1553 1554 1595 1554 1555 1596 1555 1556 1597 1556 1557 1598 1557 1558 1599 1558 1559 1600 1559 1560 1601 1560 1561 1602 1561 1562 1603 1562 1563 1604 1563 1564 1605 1564 1565 1606 1565 1566 1607 1566 1567 1608 1567 1568 1609 1568 1569 1610 1569 1570 1611 1570 1571 1612 1571 1572 1613 1572 1573 1614 1573 1574 1615 1574 1575 1616 1575 1576 1617 1576 1577 1618 1577 1578 1619 1578 1579 1620 1579 1580 1621 1580 1581 1622 1542 1583 1584 1543 1584 1585 1544 1585 1586 1545 1586 1587 1546 1587 1588 1547 1588 1589 1548 1589 1590 1549 1590 1591 1550 1591 1592 1551 1592 1593 1552 1593 1594 1553 1594 1595 1554 1595 1596 1555 1596 1597 1556 1597 1598 1557 1598 1599 1558 1599 1600 1559 1600 1601 1560 1601 1602 1561 1602 1603 1562 1603 1604 1563 1604 1605 1564 1605 1606 1565 1606 1607 1566 1607 1608 1567 1608 1609 1568 1609 1610 1569 1610 1611 1570 1611 1612 1571 1612 1613 1572 1613 1614 1573 1614 1615 1574 1615 1616 1575 1616 1617 1576 1617 1618 1577 1618 1619 1578 1619 1620 1579 1620 1621 1580 1621 1622 1583 1584 1623 1584 1585 1624 1585 1586 1625 1586 1587 1626 1587 1588 1627 1588 1589 1628 1589 1590 1629 1590 1591 1630 1591 1592 1631 1592 1593 1632 1593 1594 1633 1594 1595 1634 1595 1596 1635 1596 1597 1636 1597 1598 1637 1598 1599 1638 1599 1600 1639 1600 1601 1640 1601 1602 1641 1602 1603 1642 1603 1604 1643 1604 1605 1644 1605 1606 1645 1606 1607 1646 1607 1608 1647 1608 1609 1648 1609 1610 1649 1610 1611 1650 1611 1612 1651 1612 1613 1652 1613 1614 1653 1614 1615 1654 1615 1616 1655 1616 1617 1656 1617 1618 1657 1618 1619 1658 1619 1620 1659 1620 1621 1660 1621 1622 1661 1584 1623 1624 1585 1624 1625 1586 1625 1626 1587 1626 1627 1588 1627 1628 1589 1628 1629 1590 1629 1630 1591 1630 1631 1592 1631 1632 1593 1632 1633 1594 1633 1634 1595 1634 1635 1596 1635 1636 1597 1636 1637 1598 1637 1638 1599 1638 1639 1600 1639 1640 1601 1640 1641 1602 1641 1642 1603 1642 1643 1604 1643 1644 1605 1644 1645 1606 1645 1646 1607 1646 1647 1608 1647 1648 1609 1648 1649 1610 1649 1650 1611 1650 1651 1612 1651 1652 1613 1652 1653 1614 1653 1654 1615 1654 1655 1616 1655 1656 1617 1656 1657 1618 1657 1658 1619 1658 1659 1620 1659 1660 1621 1660 1661 1623 1624 1662 1624 1625 1663 1625 1626 1664 1626 1627 1665 1627 1628 1666 1628 1629 1667 1629 1630 1668 1630 1631 1669 1631 1632 1670 1632 1633 1671 1633 1634 1672 1634 1635 1673 1635 1636 1674 1636 1637 1675 1637 1638 1676 1638 1639 1677 1639 1640 1678 1640 1641 1679 1641 1642 1680 1642 1643 1681 1643 1644 1682 1644 1645 1683 1645 1646 1684 1646 1647 1685 1647 1648 1686 1648 1649 1687 1649 1650 1688 1650 1651 1689 1651 1652 1690 1652 1653 1691 1653 1654 1692 1654 1655 1693 1655 1656 1694 1656 1657 1695 1657 1658 1696 1658 1659 1697 1659 1660 1698 1660 1661 1699 1624 1662 1663 1625 1663 1664 1626 1664 1665 1627 1665 1666 1628 1666 1667 1629 1667 1668 1630 1668 1669 1631 1669 1670 1632 1670 1671 1633 1671 1672 1634 1672 1673 1635 1673 1674 1636 1674 1675 1637 1675 1676 1638 1676 1677 1639 1677 1678 1640 1678 1679 1641 1679 1680 1642 1680 1681 1643 1681 1682 1644 1682 1683 1645 1683 1684 1646 1684 1685 1647 1685 1686 1648 1686 1687 1649 1687 1688 1650 1688 1689 1651 1689 1690 1652 1690 1691 1653 1691 1692 1654 1692 1693 1655 1693 1694 1656 1694 1695 1657 1695 1696 1658 1696 1697 1659 1697 1698 1660 1698 1699 1662 1663 2061 1663 1664 1700 1664 1665 1701 1665 1666 1702 1666 1667 1703 1667 1668 1704 1668 1669 1705 1669 1670 1706 1670 1671 1707 1671 1672 1708 1672 1673 1709 1673 1674 1710 1674 1675 1711 1675 1676 1712 1676 1677 1713 1677 1678 1714 1678 1679 1715 1679 1680 1716 1680 1681 1717 1681 1682 1718 1682 1683 1719 1683 1684 1720 1684 1685 1721 1685 1686 1722 1686 1687 1723 1687 1688 1724 1688 1689 1725 1689 1690 1726 1690 1691 1727 1691 1692 1728 1692 1693 1729 1693 1694 1730 1694 1695 1731 1695 1696 1732 1696 1697 1733 1697 1698 1734 1698 1699 1735 1663 2061 1700 1664 1700 1701 1665 1701 1702 1666 1702 1703 1667 1703 1704 1668 1704 1705 1669 1705 1706 1670 1706 1707 1671 1707 1708 1672 1708 1709 1673 1709 1710 1674 1710 1711 1675 1711 1712 1676 1712 1713 1677 1713 1714 1678 1714 1715 1679 1715 1716 1680 1716 1717 1681 1717 1718 1682 1718 1719 1683 1719 1720 1684 1720 1721 1685 1721 1722 1686 1722 1723 1687 1723 1724 1688 1724 1725 1689 1725 1726 1690 1726 1727 1691 1727 1728 1692 1728 1729 1693 1729 1730 1694 1730 1731 1695 1731 1732 1696 1732 1733 1697 1733 1734 1698 1734 1735 2061 1700 1736 1700 1701 2062 1701 1702 1737 1702 1703 2063 1703 1704 1738 1704 1705 1739 1705 1706 1740 1706 1707 1741 1707 1708 1742 1708 1709 1743 1709 1710 1744 1710 1711 1745 1711 1712 1746 1712 1713 1747 1713 1714 1748 1714 1715 1749 1715 1716 1750 1716 1717 1751 1717 1718 1752 1718 1719 1753 1719 1720 1754 1720 1721 1755 1721 1722 1756 1722 1723 1757 1723 1724 1758 1724 1725 1759 1725 1726 1760 1726 1727 1761 1727 1728 1762 1728 1729 1763 1729 1730 1764 1730 1731 1765 1731 1732 1766 1732 1733 1767 1733 1734 1768 1734 1735 1769 1700 1736 2062 1701 2062 1737 1702 1737 2063 1703 2063 1738 1704 1738 1739 1705 1739 1740 1706 1740 1741 1707 1741 1742 1708 1742 1743 1709 1743 1744 1710 1744 1745 1711 1745 1746 1712 1746 1747 1713 1747 1748 1714 1748 1749 1715 1749 1750 1716 1750 1751 1717 1751 1752 1718 1752 1753 1719 1753 1754 1720 1754 1755 1721 1755 1756 1722 1756 1757 1723 1757 1758 1724 1758 1759 1725 1759 1760 1726 1760 1761 1727 1761 1762 1728 1762 1763 1729 1763 1764 1730 1764 1765 1731 1765 1766 1732 1766 1767 1733 1767 1768 1734 1768 1769 2063 1738 2064 1738 1739 2065 1739 1740 1770 1740 1741 1771 1741 1742 1772 1742 1743 1773 1743 1744 1774 1744 1745 1775 1745 1746 1776 1746 1747 1777 1747 1748 1778 1748 1749 1779 1749 1750 1780 1750 1751 1781 1751 1752 1782 1752 1753 1783 1753 1754 1784 1754 1755 1785 1755 1756 1786 1756 1757 1787 1757 1758 1788 1758 1759 1789 1759 1760 1790 1760 1761 1791 1761 1762 1792 1762 1763 1793 1763 1764 1794 1764 1765 1795 1765 1766 1796 1766 1767 1797 1767 1768 1798 1768 1769 1799 1738 2064 2065 1739 2065 1770 1740 1770 1771 1741 1771 1772 1742 1772 1773 1743 1773 1774 1744 1774 1775 1745 1775 1776 1746 1776 1777 1747 1777 1778 1748 1778 1779 1749 1779 1780 1750 1780 1781 1751 1781 1782 1752 1782 1783 1753 1783 1784 1754 1784 1785 1755 1785 1786 1756 1786 1787 1757 1787 1788 1758 1788 1789 1759 1789 1790 1760 1790 1791 1761 1791 1792 1762 1792 1793 1763 1793 1794 1764 1794 1795 1765 1795 1796 1766 1796 1797 1767 1797 1798 1768 1798 1799 1770 1771 2066 1771 1772 1800 1772 1773 1801 1773 1774 1802 1774 1775 1803 1775 1776 1804 1776 1777 1805 1777 1778 1806 1778 1779 1807 1779 1780 1808 1780 1781 1809 1781 1782 1810 1782 1783 1811 1783 1784 1812 1784 1785 1813 1785 1786 1814 1786 1787 1815 1787 1788 1816 1788 1789 1817 1789 1790 1818 1790 1791 1819 1791 1792 1820 1792 1793 1821 1793 1794 1822 1794 1795 1823 1795 1796 1824 1796 1797 1825 1797 1798 1826 1798 1799 1827 1771 2066 1800 1772 1800 1801 1773 1801 1802 1774 1802 1803 1775 1803 1804 1776 1804 1805 1777 1805 1806 1778 1806 1807 1779 1807 1808 1780 1808 1809 1781 1809 1810 1782 1810 1811 1783 1811 1812 1784 1812 1813 1785 1813 1814 1786 1814 1815 1787 1815 1816 1788 1816 1817 1789 1817 1818 1790 1818 1819 1791 1819 1820 1792 1820 1821 1793 1821 1822 1794 1822 1823 1795 1823 1824 1796 1824 1825 1797 1825 1826 1798 1826 1827 2066 1800 2067 1800 1801 1828 1801 1802 1829 1802 1803 1830 1803 1804 1831 1804 1805 1832 1805 1806 1833 1806 1807 1834 1807 1808 1835 1808 1809 1836 1809 1810 1837 1810 1811 1838 1811 1812 1839 1812 1813 1840 1813 1814 1841 1814 1815 1842 1815 1816 1843 1816 1817 1844 1817 1818 1845 1818 1819 1846 1819 1820 1847 1820 1821 1848 1821 1822 1849 1822 1823 1850 1823 1824 1851 1824 1825 1852 1825 1826 1853 1826 1827 1854 1800 2067 1828 1801 1828 1829 1802 1829 1830 1803 1830 1831 1804 1831 1832 1805 1832 1833 1806 1833 1834 1807 1834 1835 1808 1835 1836 1809 1836 1837 1810 1837 1838 1811 1838 1839 1812 1839 1840 1813 1840 1841 1814 1841 1842 1815 1842 1843 1816 1843 1844 1817 1844 1845 1818 1845 1846 1819 1846 1847 1820 1847 1848 1821 1848 1849 1822 1849 1850 1823 1850 1851 1824 1851 1852 1825 1852 1853 1826 1853 1854 2067 1828 2068 1828 1829 2069 1829 1830 1855 1830 1831 1856 1831 1832 1857 1832 1833 1858 1833 1834 1859 1834 1835 1860 1835 1836 1861 1836 1837 1862 1837 1838 1863 1838 1839 1864 1839 1840 1865 1840 1841 1866 1841 1842 1867 1842 1843 1868 1843 1844 1869 1844 1845 1870 1845 1846 1871 1846 1847 1872 1847 1848 1873 1848 1849 1874 1849 1850 1875 1850 1851 1876 1851 1852 1877 1852 1853 1878 1853 1854 1879 1828 2068 2069 1829 2069 1855 1830 1855 1856 1831 1856 1857 1832 1857 1858 1833 1858 1859 1834 1859 1860 1835 1860 1861 1836 1861 1862 1837 1862 1863 1838 1863 1864 1839 1864 1865 1840 1865 1866 1841 1866 1867 1842 1867 1868 1843 1868 1869 1844 1869 1870 1845 1870 1871 1846 1871 1872 1847 1872 1873 1848 1873 1874 1849 1874 1875 1850 1875 1876 1851 1876 1877 1852 1877 1878 1853 1878 1879 1855 1856 1880 1856 1857 2070 1857 1858 1881 1858 1859 1882 1859 1860 1883 1860 1861 1884 1861 1862 1885 1862 1863 1886 1863 1864 1887 1864 1865 1888 1865 1866 1889 1866 1867 1890 1867 1868 1891 1868 1869 1892 1869 1870 1893 1870 1871 1894 1871 1872 1895 1872 1873 1896 1873 1874 1897 1874 1875 1898 1875 1876 1899 1876 1877 1900 1877 1878 1901 1878 1879 1902 1856 1880 2070 1857 2070 1881 1858 1881 1882 1859 1882 1883 1860 1883 1884 1861 1884 1885 1862 1885 1886 1863 1886 1887 1864 1887 1888 1865 1888 1889 1866 1889 1890 1867 1890 1891 1868 1891 1892 1869 1892 1893 1870 1893 1894 1871 1894 1895 1872 1895 1896 1873 1896 1897 1874 1897 1898 1875 1898 1899 1876 1899 1900 1877 1900 1901 1878 1901 1902 2070 1881 2071 1881 1882 1903 1882 1883 1904 1883 1884 1905 1884 1885 1906 1885 1886 1907 1886 1887 1908 1887 1888 1909 1888 1889 1910 1889 1890 1911 1890 1891 1912 1891 1892 1913 1892 1893 1914 1893 1894 1915 1894 1895 1916 1895 1896 1917 1896 1897 1918 1897 1898 1919 1898 1899 1920 1899 1900 1921 1900 1901 1922 1901 1902 1923 1881 2071 1903 1882 1903 1904 1883 1904 1905 1884 1905 1906 1885 1906 1907 1886 1907 1908 1887 1908 1909 1888 1909 1910 1889 1910 1911 1890 1911 1912 1891 1912 1913 1892 1913 1914 1893 1914 1915 1894 1915 1916 1895 1916 1917 1896 1917 1918 1897 1918 1919 1898 1919 1920 1899 1920 1921 1900 1921 1922 1901 1922 1923 1903 1904 2072 1904 1905 1924 1905 1906 2073 1906 1907 2074 1907 1908 1925 1908 1909 1926 1909 1910 1927 1910 1911 1928 1911 1912 1929 1912 1913 1930 1913 1914 1931 1914 1915 1932 1915 1916 1933 1916 1917 1934 1917 1918 1935 1918 1919 1936 1919 1920 1937 1920 1921 1938 1921 1922 1939 1922 1923 1940 1904 2072 1924 1905 1924 2073 1906 2073 2074 1907 2074 1925 1908 1925 1926 1909 1926 1927 1910 1927 1928 1911 1928 1929 1912 1929 1930 1913 1930 1931 1914 1931 1932 1915 1932 1933 1916 1933 1934 1917 1934 1935 1918 1935 1936 1919 1936 1937 1920 1937 1938 1921 1938 1939 1922 1939 1940 2074 1925 1941 1925 1926 1942 1926 1927 1943 1927 1928 1944 1928 1929 1945 1929 1930 1946 1930 1931 1947 1931 1932 1948 1932 1933 1949 1933 1934 1950 1934 1935 1951 1935 1936 1952 1936 1937 1953 1937 1938 1954 1938 1939 1955 1939 1940 1956 1925 1941 1942 1926 1942 1943 1927 1943 1944 1928 1944 1945 1929 1945 1946 1930 1946 1947 1931 1947 1948 1932 1948 1949 1933 1949 1950 1934 1950 1951 1935 1951 1952 1936 1952 1953 1937 1953 1954 1938 1954 1955 1939 1955 1956 1941 1942 2075 1942 1943 1957 1943 1944 1958 1944 1945 1959 1945 1946 1960 1946 1947 1961 1947 1948 1962 1948 1949 1963 1949 1950 1964 1950 1951 1965 1951 1952 1966 1952 1953 1967 1953 1954 1968 1954 1955 1969 1955 1956 1970 1942 2075 1957 1943 1957 1958 1944 1958 1959 1945 1959 1960 1946 1960 1961 1947 1961 1962 1948 1962 1963 1949 1963 1964 1950 1964 1965 1951 1965 1966 1952 1966 1967 1953 1967 1968 1954 1968 1969 1955 1969 1970 2075 1957 1971 1957 1958 1972 1958 1959 1973 1959 1960 1974 1960 1961 1975 1961 1962 1976 1962 1963 1977 1963 1964 1978 1964 1965 1979 1965 1966 1980 1966 1967 1981 1967 1968 1982 1968 1969 1983 1969 1970 1984 1957 1971 1972 1958 1972 1973 1959 1973 1974 1960 1974 1975 1961 1975 1976 1962 1976 1977 1963 1977 1978 1964 1978 1979 1965 1979 1980 1966 1980 1981 1967 1981 1982 1968 1982 1983 1969 1983 1984 1972 1973 1985 1973 1974 1986 1974 1975 1987 1975 1976 1988 1976 1977 1989 1977 1978 1990 1978 1979 1991 1979 1980 1992 1980 1981 1993 1981 1982 1994 1982 1983 1995 1983 1984 1996 1973 1985 1986 1974 1986 1987 1975 1987 1988 1976 1988 1989 1977 1989 1990 1978 1990 1991 1979 1991 1992 1980 1992 1993 1981 1993 1994 1982 1994 1995 1983 1995 1996 1985 1986 1997 1986 1987 1998 1987 1988 1999 1988 1989 2000 1989 1990 2001 1990 1991 2002 1991 1992 2003 1992 1993 2004 1993 1994 2005 1994 1995 2006 1995 1996 2007 1986 1997 1998 1987 1998 1999 1988 1999 2000 1989 2000 2001 1990 2001 2002 1991 2002 2003 1992 2003 2004 1993 2004 2005 1994 2005 2006 1995 2006 2007 1997 1998 2008 1998 1999 2009 1999 2000 2010 2000 2001 2011 2001 2002 2012 2002 2003 2013 2003 2004 2014 2004 2005 2015 2005 2006 2016 2006 2007 2017 1998 2008 2009 1999 2009 2010 2000 2010 2011 2001 2011 2012 2002 2012 2013 2003 2013 2014 2004 2014 2015 2005 2015 2016 2006 2016 2017 2008 2009 2076 2009 2010 2018 2010 2011 2019 2011 2012 2020 2012 2013 2021 2013 2014 2022 2014 2015 2023 2015 2016 2024 2016 2017 2025 2009 2076 2018 2010 2018 2019 2011 2019 2020 2012 2020 2021 2013 2021 2022 2014 2022 2023 2015 2023 2024 2016 2024 2025 2076 2018 2026 2018 2019 2077 2019 2020 2078 2020 2021 2027 2021 2022 2028 2022 2023 2029 2023 2024 2030 2024 2025 2031 2018 2026 2077 2019 2077 2078 2020 2078 2027 2021 2027 2028 2022 2028 2029 2023 2029 2030 2024 2030 2031 2078 2027 2079 2027 2028 2080 2028 2029 2032 2029 2030 2033 2030 2031 2034 2027 2079 2080 2028 2080 2032 2029 2032 2033 2030 2033 2034 2032 2033 2081 2033 2034 2035 2033 2081 2035 2081 2035 2036 0 2082 2 1582 2083 1583 2082 2 4 1583 2084 1623 2085 4 6 1623 2086 1662 6 2087 2037 1662 2088 2061 2087 2037 2038 2061 2089 1736 2090 2038 2039 1736 2062 2091 2039 2092 16 2062 1737 2093 2092 16 24 1737 2063 2094 24 2095 27 2063 2094 2064 27 2096 2040 2064 2065 2097 2040 2098 49 2065 1770 2099 2098 49 2041 1770 2099 2066 2041 2100 2042 2066 2101 2067 2100 2042 2043 2067 2102 2068 2103 2043 77 2068 2069 2104 2105 77 79 2069 1855 2106 2107 79 2044 1855 2106 1880 2108 2044 2045 1880 2070 2109 2045 2110 2046 2070 2109 2071 2046 2111 104 2071 1903 2112 2111 104 2047 1903 2112 2072 2113 2047 126 2072 1924 2114 2115 126 2048 1924 2073 2116 2117 2048 2049 2073 2074 2118 2049 2119 131 2074 2118 1941 2119 131 2050 1941 2120 2075 2050 2121 159 2075 2122 1971 159 2123 188 1971 1972 2124 188 2125 2051 1972 2124 1985 2125 2051 2052 1985 2126 1997 2052 2127 2053 1997 2128 2008 2053 2129 2054 2008 2130 2076 2129 2054 313 2076 2131 2026 2132 313 315 2026 2077 2133 315 2134 2055 2077 2078 2135 2134 2055 2056 2078 2135 2079 2136 2056 2057 2079 2080 2137 2057 2138 2058 2080 2032 2139 2058 2140 2059 2032 2139 2081 2059 2141 2060 2081 2142 2036 </DataArray>
        <DataArray type="Int32" Name="offsets" format="ascii">3 6 9 12 15 18 21 24 27 30 33 36 39 42 45 48 51 54 57 60 63 66 69 72 75 78 81 84 87 90 93 96 99 102 105 108 111 114 117 120 123 126 129 132 135 138 141 144 147 150 153 156 159 162 165 168 171 174 177 180 183 186 189 192 195 198 201 204 207 210 213 216 219 222 225 228 231 234 237 240 243 246 249 252 255 258 261 264 267 270 273 276 279 282 285 288 291 294 297 300 303 306 309 312 315 318 321 324 327 330 333 336 339 342 345 348 351 354 357 360 363 366 369 372 375 378 381 384 387 390 393 396 399 402 405 408 411 414 417 420 423 426 429 432 435 438 441 444 447 450 453 456 459 462 465 468 471 474 477 480 483 486 489 492 495 498 501 504 507 510 513 516 519 522 525 528 531 534 537 540 543 546 549 552 555 558 561 564 567 570 573 576 579 582 585 588 591 594 597 600 603 606 609 612 615 618 621 624 627 630 633 636 639 642 645 648 651 654 657 660 663 666 669 672 675 678 681 684 687 690 693 696 699 702 705 708 711 714 717 720 723 726 729 732 735 738 741 744 747 750 753 756 759 762 765 768 771 774 777 780 783 786 789 792 795 798 801 804 807 810 813 816 819 822 825 828 831 834 837 840 843 846 849 852 855 858 861 864 867 870 873 876 879 882 885 888 891 894 897 900 903 906 909 912 915 918 921 924 927 930 933 936 939 942 945 948 951 954 957 960 963 966 969 972 975 978 981 984 987 990 993 996 999 1002 1005 1008 1011 1014 1017 1020 1023 1026 1029 1032 1035 1038 1041 1044 1047 1050 1053 1056 1059 1062 1065 1068 1071 1074 1077 1080 1083 1086 1089 1092 1095 1098 1101 1104 1107 1110 1113 1116 1119 1122 1125 1128 1131 1134 1137 1140 1143 1146 1149 1152 1155 1158 1161 1164 1167 1170 1173 1176 1179 1182 1185 1188 1191 1194 1197 1200 1203 1206 1209 1212 1215 1218 1221 1224 1227 1230 1233 1236 1239 1242 1245 1248 1251 1254 1257 1260 1263 1266 1269 1272 1275 1278 1281 1284 1287 1290 1293 1296 1299 1302 1305 1308 1311 1314 1317 1320 1323 1326 1329 1332 1335 1338 1341 1344 1347 1350 1353 1356 1359 1362 1365 1368 1371 1374 1377 1380 1383 1386 1389 1392 1395 1398 1401 1404 1407 1410 1413 1416 1419 1422 1425 1428 1431 1434 1437 1440 1443 1446 1449 1452 1455 1458 1461 1464 1467 1470 1473 1476 1479 1482 1485 1488 1491 1494 1497 1500 1503 1506 1509 1512 1515 1518 1521 1524 1527 1530 1533 1536 1539 1542 1545 1548 1551 1554 1557 1560 1563 1566 1569 1572 1575 1578 1581 1584 1587 1590 1593 1596 1599 1602 1605 1608 1611 1614 1617 1620 1623 1626 1629 1632 1635 1638 1641 1644 1647 1650 1653 1656 1659 1662 1665 1668 1671 1674 1677 1680 1683 1686 1689 1692 1695 1698 1701 1704 1707 1710 1713 1716 1719 1722 1725 1728 1731 1734 1737 1740 1743 1746 1749 1752 1755 1758 1761 1764 1767 1770 1773 1776 1779 1782 1785 1788 1791 1794 1797 1800 1803 1806 1809 1812 1815 1818 1821 1824 1827 1830 1833 1836 1839 1842 1845 1848 1851 1854 1857 1860 1863 1866 1869 1872 1875 1878 1881 1884 1887 1890 1893 1896 1899 1902 1905 1908 1911 1914 1917 1920 1923 1926 1929 1932 1935 1938 1941 1944 1947 1950 1953 1956 1959 1962 1965 1968 1971 1974 1977 1980 1983 1986 1989 1992 1995 1998 2001 2004 2007 2010 2013 2016 2019 2022 2025 2028 2031 2034 2037 2040 2043 2046 2049 2052 2055 2058 2061 2064 2067 2070 2073 2076 2079 2082 2085 2088 2091 2094 2097 2100 2103 2106 2109 2112 2115 2118 2121 2124 2127 2130 2133 2136 2139 2142 2145 2148 2151 2154 2157 2160 2163 2166 2169 2172 2175 2178 2181 2184 2187 2190 2193 2196 2199 2202 2205 2208 2211 2214 2217 2220 2223 2226 2229 2232 2235 2238 2241 2244 2247 2250 2253 2256 2259 2262 2265 2268 2271 2274 2277 2280 2283 2286 2289 2292 2295 2298 2301 2304 2307 2310 2313 2316 2319 2322 2325 2328 2331 2334 2337 2340 2343 2346 2349 2352 2355 2358 2361 2364 2367 2370 2373 2376 2379 2382 2385 2388 2391 2394 2397 2400 2403 2406 2409 2412 2415 2418 2421 2424 2427 2430 2433 2436 2439 2442 2445 2448 2451 2454 2457 2460 2463 2466 2469 2472 2475 2478 2481 2484 2487 2490 2493 2496 2499 2502 2505 2508 2511 2514 2517 2520 2523 2526 2529 2532 2535 2538 2541 2544 2547 2550 2553 2556 2559 2562 2565 2568 2571 2574 2577 2580 2583 2586 2589 2592 2595 2598 2601 2604 2607 2610 2613 2616 2619 2622 2625 2628 2631 2634 2637 2640 2643 2646 2649 2652 2655 2658 2661 2664 2667 2670 2673 2676 2679 2682 2685 2688 2691 2694 2697 2700 2703 2706 2709 2712 2715 2718 2721 2724 2727 2730 2733 2736 2739 2742 2745 2748 2751 2754 2757 2760 2763 2766 2769 2772 2775 2778 2781 2784 2787 2790 2793 2796 2799 2802 2805 2808 2811 2814 2817 2820 2823 2826 2829 2832 2835 2838 2841 2844 2847 2850 2853 2856 2859 2862 2865 2868 2871 2874 2877 2880 2883 2886 2889 2892 2895 2898 2901 2904 2907 2910 2913 2916 2919 2922 2925 2928 2931 2934 2937 2940 2943 2946 2949 2952 2955 2958 2961 2964 2967 2970 2973 2976 2979 2982 2985 2988 2991 2994 2997 3000 3003 3006 3009 3012 3015 3018 3021 3024 3027 3030 3033 3036 3039 3042 3045 3048 3051 3054 3057 3060 3063 3066 3069 3072 3075 3078 3081 3084 3087 3090 3093 3096 3099 3102 3105 3108 3111 3114 3117 3120 3123 3126 3129 3132 3135 3138 3141 3144 3147 3150 3153 3156 3159 3162 3165 3168 3171 3174 3177 3180 3183 3186 3189 3192 3195 3198 3201 3204 3207 3210 3213 3216 3219 3222 3225 3228 3231 3234 3237 3240 3243 3246 3249 3252 3255 3258 3261 3264 3267 3270 3273 3276 3279 3282 3285 3288 3291 3294 3297 3300 3303 3306 3309 3312 3315 3318 3321 3324 3327 3330 3333 3336 3339 3342 3345 3348 3351 3354 3357 3360 3363 3366 3369 3372 3375 3378 3381 3384 3387 3390 3393 3396 3399 3402 3405 3408 3411 3414 3417 3420 3423 3426 3429 3432 3435 3438 3441 3444 3447 3450 3453 3456 3459 3462 3465 3468 3471 3474 3477 3480 3483 3486 3489 3492 3495 3498 3501 3504 3507 3510 3513 3516 3519 3522 3525 3528 3531 3534 3537 3540 3543 3546 3549 3552 3555 3558 3561 3564 3567 3570 3573 3576 3579 3582 3585 3588 3591 3594 3597 3600 3603 3606 3609 3612 3615 3618 3621 3624 3627 3630 3633 3636 3639 3642 3645 3648 3651 3654 3657 3660 3663 3666 3669 3672 3675 3678 3681 3684 3687 3690 3693 3696 3699 3702 3705 3708 3711 3714 3717 3720 3723 3726 3729 3732 3735 3738 3741 3744 3747 3750 3753 3756 3759 3762 3765 3768 3771 3774 3777 3780 3783 3786 3789 3792 3795 3798 3801 3804 3807 3810 3813 3816 3819 3822 3825 3828 3831 3834 3837 3840 3843 3846 3849 3852 3855 3858 3861 3864 3867 3870 3873 3876 3879 3882 3885 3888 3891 3894 3897 3900 3903 3906 3909 3912 3915 3918 3921 3924 3927 3930 3933 3936 3939 3942 3945 3948 3951 3954 3957 3960 3963 3966 3969 3972 3975 3978 3981 3984 3987 3990 3993 3996 3999 4002 4005 4008 4011 4014 4017 4020 4023 4026 4029 4032 4035 4038 4041 4044 4047 4050 4053 4056 4059 4062 4065 4068 4071 4074 4077 4080 4083 4086 4089 4092 4095 4098 4101 4104 4107 4110 4113 4116 4119 4122 4125 4128 4131 4134 4137 4140 4143 4146 4149 4152 4155 4158 4161 4164 4167 4170 4173 4176 4179 4182 4185 4188 4191 4194 4197 4200 4203 4206 4209 4212 4215 4218 4221 4224 4227 4230 4233 4236 4239 4242 4245 4248 4251 4254 4257 4260 4263 4266 4269 4272 4275 4278 4281 4284 4287 4290 4293 4296 4299 4302 4305 4308 4311 4314 4317 4320 4323 4326 4329 4332 4335 4338 4341 4344 4347 4350 4353 4356 4359 4362 4365 4368 4371 4374 4377 4380 4383 4386 4389 4392 4395 4398 4401 4404 4407 4410 4413 4416 4419 4422 4425 4428 4431 4434 4437 4440 4443 4446 4449 4452 4455 4458 4461 4464 4467 4470 4473 4476 4479 4482 4485 4488 4491 4494 4497 4500 4503 4506 4509 4512 4515 4518 4521 4524 4527 4530 4533 4536 4539 4542 4545 4548 4551 4554 4557 4560 4563 4566 4569 4572 4575 4578 4581 4584 4587 4590 4593 4596 4599 4602 4605 4608 4611 4614 4617 4620 4623 4626 4629 4632 4635 4638 4641 4644 4647 4650 4653 4656 4659 4662 4665 4668 4671 4674 4677 4680 4683 4686 4689 4692 4695 4698 4701 4704 4707 4710 4713 4716 4719 4722 4725 4728 4731 4734 4737 4740 4743 4746 4749 4752 4755 4758 4761 4764 4767 4770 4773 4776 4779 4782 4785 4788 4791 4794 4797 4800 4803 4806 4809 4812 4815 4818 4821 4824 4827 4830 4833 4836 4839 4842 4845 4848 4851 4854 4857 4860 4863 4866 4869 4872 4875 4878 4881 4884 4887 4890 4893 4896 4899 4902 4905 4908 4911 4914 4917 4920 4923 4926 4929 4932 4935 4938 4941 4944 4947 4950 4953 4956 4959 4962 4965 4968 4971 4974 4977 4980 4983 4986 4989 4992 4995 4998 5001 5004 5007 5010 5013 5016 5019 5022 5025 5028 5031 5034 5037 5040 5043 5046 5049 5052 5055 5058 5061 5064 5067 5070 5073 5076 5079 5082 5085 5088 5091 5094 5097 5100 5103 5106 5109 5112 5115 5118 5121 5124 5127 5130 5133 5136 5139 5142 5145 5148 5151 5154 5157 5160 5163 5166 5169 5172 5175 5178 5181 5184 5187 5190 5193 5196 5199 5202 5205 5208 5211 5214 5217 5220 5223 5226 5229 5232 5235 5238 5241 5244 5247 5250 5253 5256 5259 5262 5265 5268 5271 5274 5277 5280 5283 5286 5289 5292 5295 5298 5301 5304 5307 5310 5313 5316 5319 5322 5325 5328 5331 5334 5337 5340 5343 5346 5349 5352 5355 5358 5361 5364 5367 5370 5373 5376 5379 5382 5385 5388 5391 5394 5397 5400 5403 5406 5409 5412 5415 5418 5421 5424 5427 5430 5433 5436 5439 5442 5445 5448 5451 5454 5457 5460 5463 5466 5469 5472 5475 5478 5481 5484 5487 5490 5493 5496 5499 5502 5505 5508 5511 5514 5517 5520 5523 5526 5529 5532 5535 5538 5541 5544 5547 5550 5553 5556 5559 5562 5565 5568 5571 5574 5577 5580 5583 5586 5589 5592 5595 5598 5601 5604 5607 5610 5613 5616 5619 5622 5625 5628 5631 5634 5637 5640 5643 5646 5649 5652 5655 5658 5661 5664 5667 5670 5673 5676 5679 5682 5685 5688 5691 5694 5697 5700 5703 5706 5709 5712 5715 5718 5721 5724 5727 5730 5733 5736 5739 5742 5745 5748 5751 5754 5757 5760 5763 5766 5769 5772 5775 5778 5781 5784 5787 5790 5793 5796 5799 5802 5805 5808 5811 5814 5817 5820 5823 5826 5829 5832 5835 5838 5841 5844 5847 5850 5853 5856 5859 5862 5865 5868 5871 5874 5877 5880 5883 5886 5889 5892 5895 5898 5901 5904 5907 5910 5913 5916 5919 5922 5925 5928 5931 5934 5937 5940 5943 5946 5949 5952 5955 5958 5961 5964 5967 5970 5973 5976 5979 5982 5985 5988 5991 5994 5997 6000 6003 6006 6009 6012 6015 6018 6021 6024 6027 6030 6033 6036 6039 6042 6045 6048 6051 6054 6057 6060 6063 6066 6069 6072 6075 6078 6081 6084 6087 6090 6093 6096 6099 6102 6105 6108 6111 6114 6117 6120 6123 6126 6129 6132 6135 6138 6141 6144 6147 6150 6153 6156 6159 6162 6165 6168 6171 6174 6177 6180 6183 6186 6189 6192 6195 6198 6201 6204 6207 6210 6213 6216 6219 6222 6225 6228 6231 6234 6237 6240 6243 6246 6249 6252 6255 6258 6261 6264 6267 6270 6273 6276 6279 6282 6285 6288 6291 6294 6297 6300 6303 6306 6309 6312 6315 6318 6321 6324 6327 6330 6333 6336 6339 6342 6345 6348 6351 6354 6357 6360 6363 6366 6369 6372 6375 6378 6381 6384 6387 6390 6393 6396 6399 6402 6405 6408 6411 6414 6417 6420 6423 6426 6429 6432 6435 6438 6441 6444 6447 6450 6453 6456 6459 6462 6465 6468 6471 6474 6477 6480 6483 6486 6489 6492 6495 6498 6501 6504 6507 6510 6513 6516 6519 6522 6525 6528 6531 6534 6537 6540 6543 6546 6549 6552 6555 6558 6561 6564 6567 6570 6573 6576 6579 6582 6585 6588 6591 6594 6597 6600 6603 6606 6609 6612 6615 6618 6621 6624 6627 6630 6633 6636 6639 6642 6645 6648 6651 6654 6657 6660 6663 6666 6669 6672 6675 6678 6681 6684 6687 6690 6693 6696 6699 6702 6705 6708 6711 6714 6717 6720 6723 6726 6729 6732 6735 6738 6741 6744 6747 6750 6753 6756 6759 6762 6765 6768 6771 6774 6777 6780 6783 6786 6789 6792 6795 6798 6801 6804 6807 6810 6813 6816 6819 6822 6825 6828 6831 6834 6837 6840 6843 6846 6849 6852 6855 6858 6861 6864 6867 6870 6873 6876 6879 6882 6885 6888 6891 6894 6897 6900 6903 6906 6909 6912 6915 6918 6921 6924 6927 6930 6933 6936 6939 6942 6945 6948 6951 6954 6957 6960 6963 6966 6969 6972 6975 6978 6981 6984 6987 6990 6993 6996 6999 7002 7005 7008 7011 7014 7017 7020 7023 7026 7029 7032 7035 7038 7041 7044 7047 7050 7053 7056 7059 7062 7065 7068 7071 7074 7077 7080 7083 7086 7089 7092 7095 7098 7101 7104 7107 7110 7113 7116 7119 7122 7125 7128 7131 7134 7137 7140 7143 7146 7149 7152 7155 7158 7161 7164 7167 7170 7173 7176 7179 7182 7185 7188 7191 7194 7197 7200 7203 7206 7209 7212 7215 7218 7221 7224 7227 7230 7233 7236 7239 7242 7245 7248 7251 7254 7257 7260 7263 7266 7269 7272 7275 7278 7281 7284 7287 7290 7293 7296 7299 7302 7305 7308 7311 7314 7317 7320 7323 7326 7329 7332 7335 7338 7341 7344 7347 7350 7353 7356 7359 7362 7365 7368 7371 7374 7377 7380 7383 7386 7389 7392 7395 7398 7401 7404 7407 7410 7413 7416 7419 7422 7425 7428 7431 7434 7437 7440 7443 7446 7449 7452 7455 7458 7461 7464 7467 7470 7473 7476 7479 7482 7485 7488 7491 7494 7497 7500 7503 7506 7509 7512 7515 7518 7521 7524 7527 7530 7533 7536 7539 7542 7545 7548 7551 7554 7557 7560 7563 7566 7569 7572 7575 7578 7581 7584 7587 7590 7593 7596 7599 7602 7605 7608 7611 7614 7617 7620 7623 7626 7629 7632 7635 7638 7641 7644 7647 7650 7653 7656 7659 7662 7665 7668 7671 7674 7677 7680 7683 7686 7689 7692 7695 7698 7701 7704 7707 7710 7713 7716 7719 7722 7725 7728 7731 7734 7737 7740 7743 7746 7749 7752 7755 7758 7761 7764 7767 7770 7773 7776 7779 7782 7785 7788 7791 7794 7797 7800 7803 7806 7809 7812 7815 7818 7821 7824 7827 7830 7833 7836 7839 7842 7845 7848 7851 7854 7857 7860 7863 7866 7869 7872 7875 7878 7881 7884 7887 7890 7893 7896 7899 7902 7905 7908 7911 7914 7917 7920 7923 7926 7929 7932 7935 7938 7941 7944 7947 7950 7953 7956 7959 7962 7965 7968 7971 7974 7977 7980 7983 7986 7989 7992 7995 7998 8001 8004 8007 8010 8013 8016 8019 8022 8025 8028 8031 8034 8037 8040 8043 8046 8049 8052 8055 8058 8061 8064 8067 8070 8073 8076 8079 8082 8085 8088 8091 8094 8097 8100 8103 8106 8109 8112 8115 8118 8121 8124 8127 8130 8133 8136 8139 8142 8145 8148 8151 8154 8157 8160 8163 8166 8169 8172 8175 8178 8181 8184 8187 8190 8193 8196 8199 8202 8205 8208 8211 8214 8217 8220 8223 8226 8229 8232 8235 8238 8241 8244 8247 8250 8253 8256 8259 8262 8265 8268 8271 8274 8277 8280 8283 8286 8289 8292 8295 8298 8301 8304 8307 8310 8313 8316 8319 8322 8325 8328 8331 8334 8337 8340 8343 8346 8349 8352 8355 8358 8361 8364 8367 8370 8373 8376 8379 8382 8385 8388 8391 8394 8397 8400 8403 8406 8409 8412 8415 8418 8421 8424 8427 8430 8433 8436 8439 8442 8445 8448 8451 8454 8457 8460 8463 8466 8469 8472 8475 8478 8481 8484 8487 8490 8493 8496 8499 8502 8505 8508 8511 8514 8517 8520 8523 8526 8529 8532 8535 8538 8541 8544 8547 8550 8553 8556 8559 8562 8565 8568 8571 8574 8577 8580 8583 8586 8589 8592 8595 8598 8601 8604 8607 8610 8613 8616 8619 8622 8625 8628 8631 8634 8637 8640 8643 8646 8649 8652 8655 8658 8661 8664 8667 8670 8673 8676 8679 8682 8685 8688 8691 8694 8697 8700 8703 8706 8709 8712 8715 8718 8721 8724 8727 8730 8733 8736 8739 8742 8745 8748 8751 8754 8757 8760 8763 8766 8769 8772 8775 8778 8781 8784 8787 8790 8793 8796 8799 8802 8805 8808 8811 8814 8817 8820 8823 8826 8829 8832 8835 8838 8841 8844 8847 8850 8853 8856 8859 8862 8865 8868 8871 8874 8877 8880 8883 8886 8889 8892 8895 8898 8901 8904 8907 8910 8913 8916 8919 8922 8925 8928 8931 8934 8937 8940 8943 8946 8949 8952 8955 8958 8961 8964 8967 8970 8973 8976 8979 8982 8985 8988 8991 8994 8997 9000 9003 9006 9009 9012 9015 9018 9021 9024 9027 9030 9033 9036 9039 9042 9045 9048 9051 9054 9057 9060 9063 9066 9069 9072 9075 9078 9081 9084 9087 9090 9093 9096 9099 9102 9105 9108 9111 9114 9117 9120 9123 9126 9129 9132 9135 9138 9141 9144 9147 9150 9153 9156 9159 9162 9165 9168 9171 9174 9177 9180 9183 9186 9189 9192 9195 9198 9201 9204 9207 9210 9213 9216 9219 9222 9225 9228 9231 9234 9237 9240 9243 9246 9249 9252 9255 9258 9261 9264 9267 9270 9273 9276 9279 9282 9285 9288 9291 9294 9297 9300 9303 9306 9309 9312 9315 9318 9321 9324 9327 9330 9333 9336 9339 9342 9345 9348 9351 9354 9357 9360 9363 9366 9369 9372 9375 9378 9381 9384 9387 9390 9393 9396 9399 9402 9405 9408 9411 9414 9417 9420 9423 9426 9429 9432 9435 9438 9441 9444 9447 9450 9453 9456 9459 9462 9465 9468 9471 9474 9477 9480 9483 9486 9489 9492 9495 9498 9501 9504 9507 9510 9513 9516 9519 9522 9525 9528 9531 9534 9537 9540 9543 9546 9549 9552 9555 9558 9561 9564 9567 9570 9573 9576 9579 9582 9585 9588 9591 9594 9597 9600 9603 9606 9609 9612 9615 9618 9621 9624 9627 9630 9633 9636 9639 9642 9645 9648 9651 9654 9657 9660 9663 9666 9669 9672 9675 9678 9681 9684 9687 9690 9693 9696 9699 9702 9705 9708 9711 9714 9717 9720 9723 9726 9729 9732 9735 9738 9741 9744 9747 9750 9753 9756 9759 9762 9765 9768 9771 9774 9777 9780 9783 9786 9789 9792 9795 9798 9801 9804 9807 9810 9813 9816 9819 9822 9825 9828 9831 9834 9837 9840 9843 9846 9849 9852 9855 9858 9861 9864 9867 9870 9873 9876 9879 9882 9885 9888 9891 9894 9897 9900 9903 9906 9909 9912 9915 9918 9921 9924 9927 9930 9933 9936 9939 9942 9945 9948 9951 9954 9957 9960 9963 9966 9969 9972 9975 9978 9981 9984 9987 9990 9993 9996 9999 10002 10005 10008 10011 10014 10017 10020 10023 10026 10029 10032 10035 10038 10041 10044 10047 10050 10053 10056 10059 10062 10065 10068 10071 10074 10077 10080 10083 10086 10089 10092 10095 10098 10101 10104 10107 10110 10113 10116 10119 10122 10125 10128 10131 10134 10137 10140 10143 10146 10149 10152 10155 10158 10161 10164 10167 10170 10173 10176 10179 10182 10185 10188 10191 10194 10197 10200 10203 10206 10209 10212 10215 10218 10221 10224 10227 10230 10233 10236 10239 10242 10245 10248 10251 10254 10257 10260 10263 10266 10269 10272 10275 10278 10281 10284 10287 10290 10293 10296 10299 10302 10305 10308 10311 10314 10317 10320 10323 10326 10329 10332 10335 10338 10341 10344 10347 10350 10353 10356 10359 10362 10365 10368 10371 10374 10377 10380 10383 10386 10389 10392 10395 10398 10401 10404 10407 10410 10413 10416 10419 10422 10425 10428 10431 10434 10437 10440 10443 10446 10449 10452 10455 10458 10461 10464 10467 10470 10473 10476 10479 10482 10485 10488 10491 10494 10497 10500 10503 10506 10509 10512 10515 10518 10521 10524 10527 10530 10533 10536 10539 10542 10545 10548 10551 10554 10557 10560 10563 10566 10569 10572 10575 10578 10581 10584 10587 10590 10593 10596 10599 10602 10605 10608 10611 10614 10617 10620 10623 10626 10629 10632 10635 10638 10641 10644 10647 10650 10653 10656 10659 10662 10665 10668 10671 10674 10677 10680 10683 10686 10689 10692 10695 10698 10701 10704 10707 10710 10713 10716 10719 10722 10725 10728 10731 10734 10737 10740 10743 10746 10749 10752 10755 10758 10761 10764 10767 10770 10773 10776 10779 10782 10785 10788 10791 10794 10797 10800 10803 10806 10809 10812 10815 10818 10821 10824 10827 10830 10833 10836 10839 10842 10845 10848 10851 10854 10857 10860 10863 10866 10869 10872 10875 10878 10881 10884 10887 10890 10893 10896 10899 10902 10905 10908 10911 10914 10917 10920 10923 10926 10929 10932 10935 10938 10941 10944 10947 10950 10953 10956 10959 10962 10965 10968 10971 10974 10977 10980 10983 10986 10989 10992 10995 10998 11001 11004 11007 11010 11013 11016 11019 11022 11025 11028 11031 11034 11037 11040 11043 11046 11049 11052 11055 11058 11061 11064 11067 11070 11073 11076 11079 11082 11085 11088 11091 11094 11097 11100 11103 11106 11109 11112 11115 11118 11121 11124 11127 11130 11133 11136 11139 11142 11145 11148 11151 11154 11157 11160 11163 11166 11169 11172 11175 11178 11181 11184 11187 11190 11193 11196 11199 11202 11205 11208 11211 11214 11217 11220 11223 11226 11229 11232 11235 11238 11241 11244 11247 11250 11253 11256 11259 11262 11265 11268 11271 11274 11277 11280 11283 11286 11289 11292 11295 11298 11301 11304 11307 11310 11313 11316 11319 11322 11325 11328 11331 11334 11337 11340 11343 11346 11349 11352 11355 11358 11361 11364 11367 11370 11373 11376 11379 11382 11385 11388 11391 11394 11397 11400 11403 11406 11409 11412 11415 11418 11421 11424 11427 11430 11433 11436 11439 11442 11445 11448 11451 11454 11457 11460 11463 11466 11469 11472 11475 11478 11481 11484 11487 11490 11493 11496 11499 11502 11505 11508 11511 11514 11517 11520 11523 11526 11529 11532 11535 11538 11541 11544 11547 11550 11553 11556 11559 11562 11565 11568 11571 11574 11577 11580 11583 11586 11589 11592 11595 11598 11601 11604 11607 11610 11613 11616 11619 11622 11625 11628 11631 11634 11637 11640 11643 11646 11649 11652 11655 11658 11661 11664 11667 11670 11673 11676 11679 11682 11685 11688 11691 11694 11697 11700 11703 11706 11709 11712 11715 11718 11721 11724 11727 11730 11733 11736 11739 11742 11745 11748 11751 11754 11757 11760 11763 11766 11769 11772 11775 11778 11781 11784 11787 11790 11793 11796 11799 11802 11805 11808 11811 11814 11817 11820 11823 11826 11829 11832 11835 11838 11841 11844 11847 11850 11853 11856 11859 11862 11865 11868 11871 11874 11877 11880 11883 11886 11889 11892 11895 11898 11901 11904 11907 11910 11913 11916 11919 11922 11925 11928 11931 11934 11937 11940 11943 11946 11949 11952 11955 11958 11961 11964 11967 11970 11973 11976 11979 11982 11985 11988 11991 11994 11997 12000 12003 12006 12009 12012 12015 12018 12021 12024 12027 12030 12033 12036 12039 12042 12045 12048 12051 12054 12057 12060 12063 12066 12069 12072 12075 12078 12081 12084 12087 12090 12093 12096 12099 12102 12105 12108 12111 12114 12117 12120 12123 12126 12129 12132 12135 12138 12141 12144 12147 12150 12153 12156 12159 12162 12165 12168 12171 12174 12177 12180 12183 12186 12189 12192 </DataArray>
        <DataArray type="Int8" Name="types" format="ascii">69 69 69 69 69 69 69 69 69 69 69 69 69 69 69 69 69 69 69 69 69 69 69 69 69 69 69 69 69 69 69 69 69 69 69 69 69 69 69 69 69 69 69 69 69 69 69 69 69 69 69 69 69 69 69 69 69 69 69 69 69 69 69 69 69 69 69 69 69 69 69 69 69 69 69 69 69 69 69 69 69 69 69 69 69 69 69 69 69 69 69 69 69 69 69 69 69 69 69 69 69 69 69 69 69 69 69 69 69 69 69 69 69 69 69 69 69 69 69 69 69 69 69 69 69 69 69 69 69 69 69 69 69 69 69 69 69 69 69 69 69 69 69 69 69 69 69 69 69 69 69 69 69 69 69 69 69 69 69 69 69 69 69 69 69 69 69 69 69 69 69 69 69 69 69 69 69 69 69 69 69 69 69 69 69 69 69 69 69 69 69 69 69 69 69 69 69 69 69 69 69 69 69 69 69 69 69 69 69 69 69 69 69 69 69 69 69 69 69 69 69 69 69 69 69 69 69 69 69 69 69 69 69 69 69 69 69 69 69 69 69 69 69 69 69 69 69 69 69 69 69 69 69 69 69 69 69 69 69 69 69 69 69 69 69 69 69 69 69 69 69 69 69 69 69 69 69 69 69 69 69 69 69 69 69 69 69 69 69 69 69 69 69 69 69 69 69 69 69 69 69 69 69 69 69 69 69 69 69 69 69 69 69 69 69 69 69 69 69 69 69 69 69 69 69 69 69 69 69 69 69 69 69 69 69 69 69 69 69 69 69 69 69 69 69 69 69 69 69 69 69 69 69 69 69 69 69 69 69 69 69 69 69 69 69 69 69 69 69 69 69 69 69 69 69 69 69 69 69 69 69 69 69 69 69 69 69 69 69 69 69 69 69 69 69 69 69 69 69 69 69 69 69 69 69 69 69 69 69 69 69 69 69 69 69 69 69 69 69 69 69 69 69 69 69 69 69 69 69 69 69 69 69 69 69 69 69 69 69 69 69 69 69 69 69 69 69 69 69 69 69 69 69 69 69 69 69 69 69 69 69 69 69 69 69 69 69 69 69 69 69 69 69 69 69 69 69 69 69 69 69 69 69 69 69 69 69 69 69 69 69 69 69 69 69 69 69 69 69 69 69 69 69 69 69 69 69 69 69 69 69 69 69 69 69 69 69 69 69 69 69 69 69 69 69 69 69 69 69 69 69 69 69 69 69 69 69 69 69 69 69 69 69 69 69 69 69 69 69 69 69 69 69 69 69 69 69 69 69 69 69 69 69 69 69 69 69 69 69 69 69 69 69 69 69 69 69 69 69 69 69 69 69 69 69 69 69 69 69 69 69 69 69 69 69 69 69 69 69 69 69 69 69 69 69 69 69 69 69 69 69 69 69 69 69 69 69 69 69 69 69 69 69 69 69 69 69 69 69 69 69 69 69 69 69 69 69 69 69 69 69 69 69 69 69 69 69 69 69 69 69 69 69 69 69 69 69 69 69 69 69 69 69 69 69 69 69 69 69 69 69 69 69 69 69 69 69 69 69 69 69 69 69 69 69 69 69 69 69 69 69 69 69 69 69 69 69 69 69 69 69 69 69 69 69 69 69 69 69 69 69 69 69 69 69 69 69 69 69 69 69 69 69 69 69 69 69 69 69 69 69 69 69 69 69 69 69 69 69 69 69 69 69 69 69 69 69 69 69 69 69 69 69 69 69 69 69 69 69 69 69 69 69 69 69 69 69 69 69 69 69 69 69 69 69 69 69 69 69 69 69 69 69 69 69 69 69 69 69 69 69 69 69 69 69 69 69 69 69 69 69 69 69 69 69 69 69 69 69 69 69 69 69 69 69 69 69 69 69 69 69 69 69 69 69 69 69 69 69 69 69 69 69 69 69 69 69 69 69 69 69 69 69 69 69 69 69 69 69 69 69 69 69 69 69 69 69 69 69 69 69 69 69 69 69 69 69 69 69 69 69 69 69 69 69 69 69 69 69 69 69 69 69 69 69 69 69 69 69 69 69 69 69 69 69 69 69 69 69 69 69 69 69 69 69 69 69 69 69 69 69 69 69 69 69 69 69 69 69 69 69 69 69 69 69 69 69 69 69 69 69 69 69 69 69 69 69 69 69 69 69 69 69 69 69 69 69 69 69 69 69 69 69 69 69 69 69 69 69 69 69 69 69 69 69 69 69 69 69 69 69 69 69 69 69 69 69 69 69 69 69 69 69 69 69 69 69 69 69 69 69 69 69 69 69 69 69 69 69 69 69 69 69 69 69 69 69 69 69 69 69 69 69 69 69 69 69 69 69 69 69 69 69 69 69 69 69 69 69 69 69 69 69 69 69 69 69 69 69 69 69 69 69 69 69 69 69 69 69 69 69 69 69 69 69 69 69 69 69 69 69 69 69 69 69 69 69 69 69 69 69 69 69 69 69 69 69 69 69 69 69 69 69 69 69 69 69 69 69 69 69 69 69 69 69 69 69 69 69 69 69 69 69 69 69 69 69 69 69 69 69 69 69 69 69 69 69 69 69 69 69 69 69 69 69 69 69 69 69 69 69 69 69 69 69 69 69 69 69 69 69 69 69 69 69 69 69 69 69 69 69 69 69 69 69 69 69 69 69 69 69 69 69 69 69 69 69 69 69 69 69 69 69 69 69 69 69 69 69 69 69 69 69 69 69 69 69 69 69 69 69 69 69 69 69 69 69 69 69 69 69 69 69 69 69 69 69 69 69 69 69 69 69 69 69 69 69 69 69 69 69 69 69 69 69 69 69 69 69 69 69 69 69 69 69 69 69 69 69 69 69 69 69 69 69 69 69 69 69 69 69 69 69 69 69 69 69 69 69 69 69 69 69 69 69 69 69 69 69 69 69 69 69 69 69 69 69 69 69 69 69 69 69 69 69 69 69 69 69 69 69 69 69 69 69 69 69 69 69 69 69 69 69 69 69 69 69 69 69 69 69 69 69 69 69 69 69 69 69 69 69 69 69 69 69 69 69 69 69 69 69 69 69 69 69 69 69 69 69 69 69 69 69 69 69 69 69 69 69 69 69 69 69 69 69 69 69 69 69 69 69 69 69 69 69 69 69 69 69 69 69 69 69 69 69 69 69 69 69 69 69 69 69 69 69 69 69 69 69 69 69 69 69 69 69 69 69 69 69 69 69 69 69 69 69 69 69 69 69 69 69 69 69 69 69 69 69 69 69 69 69 69 69 69 69 69 69 69 69 69 69 69 69 69 69 69 69 69 69 69 69 69 69 69 69 69 69 69 69 69 69 69 69 69 69 69 69 69 69 69 69 69 69 69 69 69 69 69 69 69 69 69 69 69 69 69 69 69 69 69 69 69 69 69 69 69 69 69 69 69 69 69 69 69 69 69 69 69 69 69 69 69 69 69 69 69 69 69 69 69 69 69 69 69 69 69 69 69 69 69 69 69 69 69 69 69 69 69 69 69 69 69 69 69 69 69 69 69 69 69 69 69 69 69 69 69 69 69 69 69 69 69 69 69 69 69 69 69 69 69 69 69 69 69 69 69 69 69 69 69 69 69 69 69 69 69 69 69 69 69 69 69 69 69 69 69 69 69 69 69 69 69 69 69 69 69 69 69 69 69 69 69 69 69 69 69 69 69 69 69 69 69 69 69 69 69 69 69 69 69 69 69 69 69 69 69 69 69 69 69 69 69 69 69 69 69 69 69 69 69 69 69 69 69 69 69 69 69 69 69 69 69 69 69 69 69 69 69 69 69 69 69 69 69 69 69 69 69 69 69 69 69 69 69 69 69 69 69 69 69 69 69 69 69 69 69 69 69 69 69 69 69 69 69 69 69 69 69 69 69 69 69 69 69 69 69 69 69 69 69 69 69 69 69 69 69 69 69 69 69 69 69 69 69 69 69 69 69 69 69 69 69 69 69 69 69 69 69 69 69 69 69 69 69 69 69 69 69 69 69 69 69 69 69 69 69 69 69 69 69 69 69 69 69 69 69 69 69 69 69 69 69 69 69 69 69 69 69 69 69 69 69 69 69 69 69 69 69 69 69 69 69 69 69 69 69 69 69 69 69 69 69 69 69 69 69 69 69 69 69 69 69 69 69 69 69 69 69 69 69 69 69 69 69 69 69 69 69 69 69 69 69 69 69 69 69 69 69 69 69 69 69 69 69 69 69 69 69 69 69 69 69 69 69 69 69 69 69 69 69 69 69 69 69 69 69 69 69 69 69 69 69 69 69 69 69 69 69 69 69 69 69 69 69 69 69 69 69 69 69 69 69 69 69 69 69 69 69 69 69 69 69 69 69 69 69 69 69 69 69 69 69 69 69 69 69 69 69 69 69 69 69 69 69 69 69 69 69 69 69 69 69 69 69 69 69 69 69 69 69 69 69 69 69 69 69 69 69 69 69 69 69 69 69 69 69 69 69 69 69 69 69 69 69 69 69 69 69 69 69 69 69 69 69 69 69 69 69 69 69 69 69 69 69 69 69 69 69 69 69 69 69 69 69 69 69 69 69 69 69 69 69 69 69 69 69 69 69 69 69 69 69 69 69 69 69 69 69 69 69 69 69 69 69 69 69 69 69 69 69 69 69 69 69 69 69 69 69 69 69 69 69 69 69 69 69 69 69 69 69 69 69 69 69 69 69 69 69 69 69 69 69 69 69 69 69 69 69 69 69 69 69 69 69 69 69 69 69 69 69 69 69 69 69 69 69 69 69 69 69 69 69 69 69 69 69 69 69 69 69 69 69 69 69 69 69 69 69 69 69 69 69 69 69 69 69 69 69 69 69 69 69 69 69 69 69 69 69 69 69 69 69 69 69 69 69 69 69 69 69 69 69 69 69 69 69 69 69 69 69 69 69 69 69 69 69 69 69 69 69 69 69 69 69 69 69 69 69 69 69 69 69 69 69 69 69 69 69 69 69 69 69 69 69 69 69 69 69 69 69 69 69 69 69 69 69 69 69 69 69 69 69 69 69 69 69 69 69 69 69 69 69 69 69 69 69 69 69 69 69 69 69 69 69 69 69 69 69 69 69 69 69 69 69 69 69 69 69 69 69 69 69 69 69 69 69 69 69 69 69 69 69 69 69 69 69 69 69 69 69 69 69 69 69 69 69 69 69 69 69 69 69 69 69 69 69 69 69 69 69 69 69 69 69 69 69 69 69 69 69 69 69 69 69 69 69 69 69 69 69 69 69 69 69 69 69 69 69 69 69 69 69 69 69 69 69 69 69 69 69 69 69 69 69 69 69 69 69 69 69 69 69 69 69 69 69 69 69 69 69 69 69 69 69 69 69 69 69 69 69 69 69 69 69 69 69 69 69 69 69 69 69 69 69 69 69 69 69 69 69 69 69 69 69 69 69 69 69 69 69 69 69 69 69 69 69 69 69 69 69 69 69 69 69 69 69 69 69 69 69 69 69 69 69 69 69 69 69 69 69 69 69 69 69 69 69 69 69 69 69 69 69 69 69 69 69 69 69 69 69 69 69 69 69 69 69 69 69 69 69 69 69 69 69 69 69 69 69 69 69 69 69 69 69 69 69 69 69 69 69 69 69 69 69 69 69 69 69 69 69 69 69 69 69 69 69 69 69 69 69 69 69 69 69 69 69 69 69 69 69 69 69 69 69 69 69 69 69 69 69 69 69 69 69 69 69 69 69 69 69 69 69 69 69 69 69 69 69 69 69 69 69 69 69 69 69 69 69 69 69 69 69 69 69 69 69 69 69 69 69 69 69 69 69 69 69 69 69 69 69 69 69 69 69 69 69 69 69 69 69 69 69 69 69 69 69 69 69 69 69 69 69 69 69 69 69 69 69 69 69 69 69 69 69 69 69 69 69 69 69 69 69 69 69 69 69 69 69 69 69 69 69 69 69 69 69 69 69 69 69 69 69 69 69 69 69 69 69 69 69 69 69 69 69 69 69 69 69 69 69 69 69 69 69 69 69 69 69 69 69 69 69 69 69 69 69 69 69 69 69 69 69 69 69 69 69 69 69 69 69 69 69 69 69 69 69 69 69 69 69 69 69 69 69 69 69 69 69 69 69 69 69 69 69 69 69 69 69 69 69 69 69 69 69 69 69 69 69 69 69 69 69 69 69 69 69 69 69 69 69 69 69 69 69 69 69 69 69 69 69 69 69 69 69 69 69 69 69 69 69 69 69 69 69 69 69 69 69 69 69 69 69 69 69 69 69 69 69 69 69 69 69 69 69 69 69 69 69 69 69 69 69 69 69 69 69 69 69 69 69 69 69 69 69 69 69 69 69 69 69 69 69 69 69 69 69 69 69 69 69 69 69 69 69 69 69 69 69 69 69 69 69 69 69 69 69 69 69 69 69 69 69 69 69 69 69 69 69 69 69 69 69 69 69 69 69 69 69 69 69 69 69 69 69 69 69 69 69 69 69 69 69 69 69 69 69 69 69 69 69 69 69 69 69 69 69 69 69 69 69 69 69 69 69 69 69 69 69 69 69 69 69 69 69 69 69 69 69 69 69 69 69 69 69 69 69 69 69 69 69 69 69 69 69 69 69 69 69 69 69 69 69 69 69 69 69 69 69 69 69 69 69 69 69 69 69 69 69 69 69 69 69 69 69 69 69 69 69 69 69 69 69 69 69 69 69 69 69 69 69 69 69 69 69 69 69 69 69 69 69 69 69 69 69 69 69 69 69 69 69 69 69 69 69 69 69 69 69 69 69 69 69 69 69 69 69 69 69 69 69 69 69 69 69 69 69 69 69 69 69 69 69 69 69 69 69 69 69 69 69 69 69 69 69 69 69 69 69 69 69 69 69 69 69 69 69 69 69 69 69 69 69 69 69 69 69 69 69 69 69 69 69 69 69 69 69 69 69 69 69 69 69 69 69 69 69 69 69 69 69 69 69 69 69 69 69 69 69 69 69 69 69 69 69 69 69 69 69 69 69 69 69 69 69 69 69 69 69 69 69 69 69 69 69 69 69 69 69 69 69 69 69 69 69 69 69 69 69 69 69 69 69 69 69 69 69 69 69 69 69 69 69 69 69 69 69 69 69 69 69 69 69 69 69 69 69 69 69 69 69 69 69 69 69 69 69 69 69 69 69 69 69 69 69 69 69 69 69 69 69 69 69 69 69 69 69 69 69 69 69 69 69 69 69 69 69 69 69 69 69 69 69 69 69 69 69 69 69 69 69 69 69 69 69 69 69 69 69 69 69 69 69 69 69 69 69 69 69 69 69 69 69 69 69 69 69 69 69 69 69 69 69 69 69 69 69 69 69 69 69 69 69 69 69 69 69 69 69 69 69 69 69 69 69 69 69 69 69 69 69 69 69 69 69 69 69 69 69 69 69 69 69 69 69 69 69 69 69 69 69 69 69 69 69 69 69 69 69 69 69 69 69 69 69 69 69 69 69 69 69 69 69 69 69 69 69 69 69 69 69 69 69 69 69 69 69 69 69 69 69 69 69 69 69 69 69 69 69 69 69 69 69 69 69 69 69 69 69 69 69 69 69 69 69 69 69 69 69 69 69 69 69 69 69 69 69 69 69 69 69 69 69 69 69 69 69 69 69 69 69 69 69 69 69 69 69 69 69 69 69 69 69 69 69 69 69 69 69 69 69 69 69 69 69 69 69 69 69 69 69 69 69 69 69 69 69 69 69 69 69 69 69 69 69 69 69 69 69 69 69 69 69 69 69 69 69 69 69 69 69 69 69 69 69 69 69 69 69 69 69 69 69 69 69 69 69 69 69 69 69 69 69 69 69 69 69 69 69 69 69 69 69 69 69 69 69 69 69 69 69 69 69 69 69 69 69 69 69 69 69 69 69 69 69 69 69 69 69 69 69 69 69 69 69 69 69 69 69 69 69 69 69 69 69 69 69 69 69 69 69 69 69 69 69 69 69 69 69 69 69 69 69 69 69 69 69 69 69 69 69 69 69 69 69 69 69 69 69 69 69 69 69 69 69 69 69 69 69 69 69 69 69 69 69 69 69 69 69 69 69 69 69 69 69 69 69 69 69 69 69 69 69 69 69 69 69 69 69 69 69 69 69 69 69 69 69 69 69 69 69 69 69 69 69 69 69 69 69 69 69 69 69 69 69 69 69 69 69 69 69 69 69 69 69 69 69 69 69 69 69 69 69 69 69 69 69 69 69 69 69 69 69 69 69 69 69 69 69 69 69 69 69 69 69 69 69 69 69 69 69 69 69 69 69 69 69 69 69 69 69 69 69 69 69 69 69 69 69 69 69 69 69 69 69 69 69 69 69 69 69 69 69 69 69 69 69 69 69 69 69 69 69 69 69 69 69 69 69 69 69 69 69 69 69 69 69 69 69 69 69 69 69 69 69 69 69 69 69 69 69 69 69 69 69 69 69 69 69 69 69 69 69 69 69 69 69 69 69 69 69 69 69 69 69 69 69 69 69 69 69 69 69 69 69 69 69 69 69 69 69 69 69 69 69 69 69 69 69 69 69 69 69 69 69 69 69 69 69 69 69 69 69 69 69 69 69 69 69 69 69 69 69 69 69 69 69 69 69 69 69 69 69 69 69 69 69 69 69 69 69 69 69 69 69 69 69 69 69 69 69 69 69 69 69 69 69 69 69 69 69 69 69 69 69 69 69 69 69 69 69 69 69 69 69 69 69 69 69 69 69 69 69 69 69 69 69 69 69 69 69 69 69 69 69 69 69 69 69 69 69 69 69 69 69 69 69 69 69 69 69 69 69 69 69 69 69 69 69 69 69 69 69 69 69 69 69 69 69 69 69 69 69 69 69 69 69 69 69 69 69 69 69 69 69 69 69 69 69 69 69 69 69 69 69 69 69 69 69 69 69 69 69 69 69 69 69 69 69 69 69 69 69 69 69 69 69 69 69 69 69 69 69 69 69 69 69 69 69 69 69 69 69 69 69 69 69 69 69 69 69 69 69 69 69 69 69 69 69 69 69 69 69 69 69 69 69 69 69 69 69 69 69 69 69 69 69 69 69 69 69 69 69 69 69 69 69 69 69 69 69 69 69 69 69 69 69 69 69 69 69 69 69 69 69 69 69 69 69 69 69 69 69 69 69 69 69 69 69 69 69 69 69 69 69 69 69 69 69 69 69 69 69 69 69 69 69 69 69 69 69 69 69 69 69 69 69 69 69 69 69 69 69 69 69 69 69 69 69 69 69 69 69 69 69 </DataArray>
      </Cells>
      <CellData>
        <DataArray type="UInt8" Name="vtkGhostType" format="ascii" RangeMin="0" RangeMax="1">0 0 0 0 0 0 0 0 0 0 0 0 0 0 0 0 0 0 0 0 0 0 0 0 0 0 0 0 0 0 0 0 0 0 0 0 0 0 0 0 0 0 0 0 0 0 0 0 0 0 0 0 0 0 0 0 0 0 0 0 0 0 0 0 0 0 0 0 0 0 0 0 0 0 0 0 0 0 0 0 0 0 0 0 0 0 0 0 0 0 0 0 0 0 0 0 0 0 0 0 0 0 0 0 0 0 0 0 0 0 0 0 0 0 0 0 0 0 0 0 0 0 0 0 0 0 0 0 0 0 0 0 0 0 0 0 0 0 0 0 0 0 0 0 0 0 0 0 0 0 0 0 0 0 0 0 0 0 0 0 0 0 0 0 0 0 0 0 0 0 0 0 0 0 0 0 0 0 0 0 0 0 0 0 0 0 0 0 0 0 0 0 0 0 0 0 0 0 0 0 0 0 0 0 0 0 0 0 0 0 0 0 0 0 0 0 0 0 0 0 0 0 0 0 0 0 0 0 0 0 0 0 0 0 0 0 0 0 0 0 0 0 0 0 0 0 0 0 0 0 0 0 0 0 0 0 0 0 0 0 0 0 0 0 0 0 0 0 0 0 0 0 0 0 0 0 0 0 0 0 0 0 0 0 0 0 0 0 0 0 0 0 0 0 0 0 0 0 0 0 0 0 0 0 0 0 0 0 0 0 0 0 0 0 0 0 0 0 0 0 0 0 0 0 0 0 0 0 0 0 0 0 0 0 0 0 0 0 0 0 0 0 0 0 0 0 0 0 0 0 0 0 0 0 0 0 0 0 0 0 0 0 0 0 0 0 0 0 0 0 0 0 0 0 0 0 0 0 0 0 0 0 0 0 0 0 0 0 0 0 0 0 0 0 0 0 0 0 0 0 0 0 0 0 0 0 0 0 0 0 0 0 0 0 0 0 0 0 0 0 0 0 0 0 0 0 0 0 0 0 0 0 0 0 0 0 0 0 0 0 0 0 0 0 0 0 0 0 0 0 0 0 0 0 0 0 0 0 0 0 0 0 0 0 0 0 0 0 0 0 0 0 0 0 0 0 0 0 0 0 0 0 0 0 0 0 0 0 0 0 0 0 0 0 0 0 0 0 0 0 0 0 0 0 0 0 0 0 0 0 0 0 0 0 0 0 0 0 0 0 0 0 0 0 0 0 0 0 0 0 0 0 0 0 0 0 0 0 0 0 0 0 0 0 0 0 0 0 0 0 0 0 0 0 0 0 0 0 0 0 0 0 0 0 0 0 0 0 0 0 0 0 0 0 0 0 0 0 0 0 0 0 0 0 0 0 0 0 0 0 0 0 0 0 0 0 0 0 0 0 0 0 0 0 0 0 0 0 0 0 0 0 0 0 0 0 0 0 0 0 0 0 0 0 0 0 0 0 0 0 0 0 0 0 0 0 0 0 0 0 0 0 0 0 0 0 0 0 0 0 0 0 0 0 0 0 0 0 0 0 0 0 0 0 0 0 0 0 0 0 0 0 0 0 0 0 0 0 0 0 0 0 0 0 0 0 0 0 0 0 0 0 0 0 0 0 0 0 0 0 0 0 0 0 0 0 0 0 0 0 0 0 0 0 0 0 0 0 0 0 0 0 0 0 0 0 0 0 0 0 0 0 0 0 0 0 0 0 0 0 0 0 0 0 0 0 0 0 0 0 0 0 0 0 0 0 0 0 0 0 0 0 0 0 0 0 0 0 0 0 0 0 0 0 0 0 0 0 0 0 0 0 0 0 0 0 0 0 0 0 0 0 0 0 0 0 0 0 0 0 0 0 0 0 0 0 0 0 0 0 0 0 0 0 0 0 0 0 0 0 0 0 0 0 0 0 0 0 0 0 0 0 0 0 0 0 0 0 0 0 0 0 0 0 0 0 0 0 0 0 0 0 0 0 0 0 0 0 0 0 0 0 0 0 0 0 0 0 0 0 0 0 0 0 0 0 0 0 0 0 0 0 0 0 0 0 0 0 0 0 0 0 0 0 0 0 0 0 0 0 0 0 0 0 0 0 0 0 0 0 0 0 0 0 0 0 0 0 0 0 0 0 0 0 0 0 0 0 0 0 0 0 0 0 0 0 0 0 0 0 0 0 0 0 0 0 0 0 0 0 0 0 0 0 0 0 0 0 0 0 0 0 0 0 0 0 0 0 0 0 0 0 0 0 0 0 0 0 0 0 0 0 0 0 0 0 0 0 0 0 0 0 0 0 0 0 0 0 0 0 0 0 0 0 0 0 0 0 0 0 0 0 0 0 0 0 0 0 0 0 0 0 0 0 0 0 0 0 0 0 0 0 0 0 0 0 0 0 0 0 0 0 0 0 0 0 0 0 0 0 0 0 0 0 0 0 0 0 0 0 0 0 0 0 0 0 0 0 0 0 0 0 0 0 0 0 0 0 0 0 0 0 0 0 0 0 0 0 0 0 0 0 0 0 0 0 0 0 0 0 0 0 0 0 0 0 0 0 0 0 0 0 0 0 0 0 0 0 0 0 0 0 0 0 0 0 0 0 0 0 0 0 0 0 0 0 0 0 0 0 0 0 0 0 0 0 0 0 0 0 0 0 0 0 0 0 0 0 0 0 0 0 0 0 0 0 0 0 0 0 0 0 0 0 0 0 0 0 0 0 0 0 0 0 0 0 0 0 0 0 0 0 0 0 0 0 0 0 0 0 0 0 0 0 0 0 0 0 0 0 0 0 0 0 0 0 0 0 0 0 0 0 0 0 0 0 0 0 0 0 0 0 0 0 0 0 0 0 0 0 0 0 0 0 0 0 0 0 0 0 0 0 0 0 0 0 0 0 0 0 0 0 0 0 0 0 0 0 0 0 0 0 0 0 0 0 0 0 0 0 0 0 0 0 0 0 0 0 0 0 0 0 0 0 0 0 0 0 0 0 0 0 0 0 0 0 0 0 0 0 0 0 0 0 0 0 0 0 0 0 0 0 0 0 0 0 0 0 0 0 0 0 0 0 0 0 0 0 0 0 0 0 0 0 0 0 0 0 0 0 0 0 0 0 0 0 0 0 0 0 0 0 0 0 0 0 0 0 0 0 0 0 0 0 0 0 0 0 0 0 0 0 0 0 0 0 0 0 0 0 0 0 0 0 0 0 0 0 0 0 0 0 0 0 0 0 0 0 0 0 0 0 0 0 0 0 0 0 0 0 0 0 0 0 0 0 0 0 0 0 0 0 0 0 0 0 0 0 0 0 0 0 0 0 0 0 0 0 0 0 0 0 0 0 0 0 0 0 0 0 0 0 0 0 0 0 0 0 0 0 0 0 0 0 0 0 0 0 0 0 0 0 0 0 0 0 0 0 0 0 0 0 0 0 0 0 0 0 0 0 0 0 0 0 0 0 0 0 0 0 0 0 0 0 0 0 0 0 0 0 0 0 0 0 0 0 0 0 0 0 0 0 0 0 0 0 0 0 0 0 0 0 0 0 0 0 0 0 0 0 0 0 0 0 0 0 0 0 0 0 0 0 0 0 0 0 0 0 0 0 0 0 0 0 0 0 0 0 0 0 0 0 0 0 0 0 0 0 0 0 0 0 0 0 0 0 0 0 0 0 0 0 0 0 0 0 0 0 0 0 0 0 0 0 0 0 0 0 0 0 0 0 0 0 0 0 0 0 0 0 0 0 0 0 0 0 0 0 0 0 0 0 0 0 0 0 0 0 0 0 0 0 0 0 0 0 0 0 0 0 0 0 0 0 0 0 0 0 0 0 0 0 0 0 0 0 0 0 0 0 0 0 0 0 0 0 0 0 0 0 0 0 0 0 0 0 0 0 0 0 0 0 0 0 0 0 0 0 0 0 0 0 0 0 0 0 0 0 0 0 0 0 0 0 0 0 0 0 0 0 0 0 0 0 0 0 0 0 0 0 0 0 0 0 0 0 0 0 0 0 0 0 0 0 0 0 0 0 0 0 0 0 0 0 0 0 0 0 0 0 0 0 0 0 0 0 0 0 0 0 0 0 0 0 0 0 0 0 0 0 0 0 0 0 0 0 0 0 0 0 0 0 0 0 0 0 0 0 0 0 0 0 0 0 0 0 0 0 0 0 0 0 0 0 0 0 0 0 0 0 0 0 0 0 0 0 0 0 0 0 0 0 0 0 0 0 0 0 0 0 0 0 0 0 0 0 0 0 0 0 0 0 0 0 0 0 0 0 0 0 0 0 0 0 0 0 0 0 0 0 0 0 0 0 0 0 0 0 0 0 0 0 0 0 0 0 0 0 0 0 0 0 0 0 0 0 0 0 0 0 0 0 0 0 0 0 0 0 0 0 0 0 0 0 0 0 0 0 0 0 0 0 0 0 0 0 0 0 0 0 0 0 0 0 0 0 0 0 0 0 0 0 0 0 0 0 0 0 0 0 0 0 0 0 0 0 0 0 0 0 0 0 0 0 0 0 0 0 0 0 0 0 0 0 0 0 0 0 0 0 0 0 0 0 0 0 0 0 0 0 0 0 0 0 0 0 0 0 0 0 0 0 0 0 0 0 0 0 0 0 0 0 0 0 0 0 0 0 0 0 0 0 0 0 0 0 0 0 0 0 0 0 0 0 0 0 0 0 0 0 0 0 0 0 0 0 0 0 0 0 0 0 0 0 0 0 0 0 0 0 0 0 0 0 0 0 0 0 0 0 0 0 0 0 0 0 0 0 0 0 0 0 0 0 0 0 0 0 0 0 0 0 0 0 0 0 0 0 0 0 0 0 0 0 0 0 0 0 0 0 0 0 0 0 0 0 0 0 0 0 0 0 0 0 0 0 0 0 0 0 0 0 0 0 0 0 0 0 0 0 0 0 0 0 0 0 0 0 0 0 0 0 0 0 0 0 0 0 0 0 0 0 0 0 0 0 0 0 0 0 0 0 0 0 0 0 0 0 0 0 0 0 0 0 0 0 0 0 0 0 0 0 0 0 0 0 0 0 0 0 0 0 0 0 0 0 0 0 0 0 0 0 0 0 0 0 0 0 0 0 0 0 0 0 0 0 0 0 0 0 0 0 0 0 0 0 0 0 0 0 0 0 0 0 0 0 0 0 0 0 0 0 0 0 0 0 0 0 0 0 0 0 0 0 0 0 0 0 0 0 0 0 0 0 0 0 0 0 0 0 0 0 0 0 0 0 0 0 0 0 0 0 0 0 0 0 0 0 0 0 0 0 0 0 0 0 0 0 0 0 0 0 0 0 0 0 0 0 0 0 0 0 0 0 0 0 0 0 0 0 0 0 0 0 0 0 0 0 0 0 0 0 0 0 0 0 0 0 0 0 0 0 0 0 0 0 0 0 0 0 0 0 0 0 0 0 0 0 0 0 0 0 0 0 0 0 0 0 0 0 0 0 0 0 0 0 0 0 0 0 0 0 0 0 0 0 0 0 0 0 0 0 0 0 0 0 0 0 0 0 0 0 0 0 0 0 0 0 0 0 0 0 0 0 0 0 0 0 0 0 0 0 0 0 0 0 0 0 0 0 0 0 0 0 0 0 0 0 0 0 0 0 0 0 0 0 0 0 0 0 0 0 0 0 0 0 0 0 0 0 0 0 0 0 0 0 0 0 0 0 0 0 0 0 0 0 0 0 0 0 0 0 0 0 0 0 0 0 0 0 0 0 0 0 0 0 0 0 0 0 0 0 0 0 0 0 0 0 0 0 0 0 0 0 0 0 0 0 0 0 0 0 0 0 0 0 0 0 0 0 0 0 0 0 0 0 0 0 0 0 0 0 0 0 0 0 0 0 0 0 0 0 0 0 0 0 0 0 0 0 0 0 0 0 0 0 0 0 0 0 0 0 0 0 0 0 0 0 0 0 0 0 0 0 0 0 0 0 0 0 0 0 0 0 0 0 0 0 0 0 0 0 0 0 0 0 0 0 0 0 0 0 0 0 0 0 0 0 0 0 0 0 0 0 0 0 0 0 0 0 0 0 0 0 0 0 0 0 0 0 0 0 0 0 0 0 0 0 0 0 0 0 0 0 0 0 0 0 0 0 0 0 0 0 0 0 0 0 0 0 0 0 0 0 0 0 0 0 0 0 0 0 0 0 0 0 0 0 0 0 0 0 0 0 0 0 0 0 0 0 0 0 0 0 0 0 0 0 0 0 0 0 0 0 0 0 0 0 0 0 0 0 0 0 0 0 0 0 0 0 0 0 0 0 0 0 0 0 0 0 0 0 0 0 0 0 0 0 0 0 0 0 0 0 0 0 0 0 0 0 0 0 0 0 0 0 0 0 0 0 0 0 0 0 0 0 0 0 0 0 0 0 0 0 0 0 0 0 0 0 0 0 0 0 0 0 0 0 0 0 0 0 0 0 0 0 0 0 0 0 0 0 0 0 0 0 0 0 0 0 0 0 0 0 0 0 0 0 0 0 0 0 0 0 0 0 0 0 0 0 0 0 0 0 0 0 0 0 0 0 0 0 0 0 0 0 0 0 0 0 0 0 0 0 0 0 0 0 0 0 0 0 0 0 0 0 0 0 0 0 0 0 0 0 0 0 0 0 0 0 0 0 0 0 0 0 0 0 0 0 0 0 0 0 0 0 0 0 0 0 0 0 0 0 0 0 0 0 0 0 0 0 0 0 0 0 0 0 0 0 0 0 0 0 0 0 0 0 0 0 0 0 0 0 0 0 0 0 0 0 0 0 0 0 0 0 0 0 0 0 0 0 0 0 0 0 0 0 0 0 0 0 0 0 0 0 0 0 0 0 0 0 0 0 0 0 0 0 0 0 0 0 0 0 0 0 0 0 0 0 0 0 0 0 0 0 0 0 0 0 0 0 0 0 0 0 0 0 0 0 0 0 0 0 0 0 0 0 0 0 0 0 0 0 0 0 0 0 0 0 0 0 0 0 0 0 0 0 0 0 0 0 0 0 0 0 0 0 0 0 0 0 0 0 0 0 0 0 0 0 0 0 0 0 0 0 0 0 0 0 0 0 0 0 0 0 0 0 0 0 0 0 0 0 0 0 0 0 0 0 0 0 0 0 0 0 0 0 0 0 0 0 0 0 0 0 0 0 0 0 0 0 0 0 0 0 0 0 0 0 0 0 0 0 0 0 0 0 0 0 0 0 0 0 0 0 0 0 0 0 0 0 0 0 0 0 0 0 0 0 0 0 0 0 0 0 0 0 0 0 0 0 0 0 0 0 0 0 0 0 0 0 0 0 0 0 0 0 0 0 0 0 0 0 0 0 0 0 0 0 0 0 0 0 0 0 0 0 0 0 0 0 0 0 0 0 0 0 0 0 0 0 0 0 0 0 0 0 0 0 0 0 0 0 0 0 0 0 0 0 0 0 0 0 0 0 0 0 0 0 0 0 0 0 0 0 0 0 0 0 0 0 0 0 0 0 0 0 0 0 0 0 0 0 0 0 0 0 0 0 0 0 0 0 0 0 0 0 0 0 0 0 0 0 0 0 0 0 0 0 0 0 0 0 0 0 0 0 0 0 0 0 0 0 0 0 0 0 0 0 0 0 0 0 0 0 0 0 0 0 0 0 0 0 0 0 0 0 0 0 0 0 0 0 0 0 0 0 0 0 0 0 0 0 0 0 0 0 0 0 0 0 0 0 0 0 0 0 0 0 0 0 0 0 0 0 0 0 0 0 0 0 0 0 0 0 0 0 0 0 0 0 0 0 0 0 0 0 0 0 0 0 0 0 0 0 0 0 0 0 0 0 0 0 0 0 0 0 0 0 0 0 0 0 0 0 0 0 0 0 0 0 0 0 0 0 0 0 0 0 0 0 0 0 0 0 0 0 0 0 0 0 0 0 0 0 0 0 0 0 0 0 0 0 0 0 0 0 0 0 0 0 0 0 0 0 0 0 0 0 0 0 0 0 0 0 0 0 0 0 0 0 0 0 0 0 0 0 0 0 0 0 0 0 0 0 0 0 0 0 0 0 0 0 0 0 0 0 0 0 0 0 0 0 0 0 0 0 0 0 0 0 0 0 0 0 0 0 0 0 0 0 0 0 0 0 0 0 0 0 0 0 0 0 0 0 0 0 0 0 0 0 0 0 0 0 0 0 0 0 0 0 0 0 0 0 0 0 0 0 0 0 0 0 0 0 0 0 0 0 0 0 0 0 0 0 0 0 0 0 0 0 0 0 0 0 0 0 0 0 0 0 0 0 0 0 0 0 0 0 0 0 0 0 0 0 0 0 0 0 0 0 0 0 0 0 0 0 0 0 0 0 0 0 0 0 0 0 0 0 0 0 0 0 0 0 0 0 0 0 0 0 0 0 0 0 0 0 0 0 0 0 0 0 0 0 0 0 0 0 0 0 0 0 0 0 0 0 0 0 0 0 0 0 0 0 0 0 0 0 0 0 0 0 0 0 0 0 0 0 0 0 0 0 0 0 0 0 0 0 0 0 0 0 0 0 0 0 0 0 0 0 0 0 0 0 0 0 0 0 0 0 0 0 0 0 0 0 0 0 0 0 0 0 0 0 0 0 0 0 0 0 0 0 0 0 0 0 0 0 0 0 0 0 0 0 0 0 0 0 0 0 0 0 0 0 0 0 0 0 0 0 0 0 0 0 0 0 0 0 0 0 0 0 0 0 0 0 0 0 0 0 0 0 0 0 0 0 0 0 0 0 0 0 0 0 0 0 0 0 0 0 0 0 0 0 0 0 0 0 0 0 0 0 0 0 0 0 0 0 0 0 0 0 0 0 0 0 0 0 0 0 0 0 0 0 0 0 0 0 0 0 0 0 0 0 0 0 0 0 0 0 0 0 0 0 0 0 0 0 0 0 0 0 0 0 0 0 0 0 0 0 0 0 0 0 0 0 0 0 0 0 0 0 0 0 0 0 0 0 0 0 0 0 0 0 0 0 0 0 0 0 0 0 0 0 0 0 0 0 0 0 0 0 0 0 0 0 0 0 0 0 0 0 0 0 0 0 0 0 0 0 0 0 1 1 1 1 1 1 1 1 1 1 1 1 1 1 1 1 1 1 1 1 1 1 1 1 1 1 1 1 1 1 1 1 1 1 1 1 1 1 1 1 1 1 1 1 1 1 1 1 1 1 1 1 1 1 1 1 1 1 1 1 1 1 1 1 1 1 1 1 1 1 1 1 1 1 1 1 1 1 1 1 </DataArray>
        <DataArray type="Int64" IdType="1" Name="vtkOriginalCellIds" format="ascii" RangeMin="4015" RangeMax="15999">12016 12017 12018 12019 12020 12021 12022 12023 12024 12025 12026 12027 12028 12029 12030 12031 12032 12033 12034 12035 12036 12037 12038 12039 12040 12041 12042 12043 12044 12045 12046 12047 12048 12049 12050 12051 12052 12053 12054 12055 12056 12057 12058 12059 12060 12061 12062 12063 12064 12065 12066 12067 12068 12069 12070 12071 12072 12073 12074 12075 12076 12077 12078 12079 12080 12081 12082 12083 12084 12085 12086 12087 12088 12089 12090 12091 12092 12093 12094 12095 12096 12097 12098 12099 12100 12101 12102 12103 12104 12105 12106 12107 12108 12109 12110 12111 12112 12113 12114 12115 12116 12117 12118 12119 12120 12121 12122 12123 12124 12125 12126 12127 12128 12129 12130 12131 12132 12133 12134 12135 12136 12137 12138 12139 12140 12141 12142 12143 12144 12145 12146 12147 12148 12149 12150 12151 12152 12153 12154 12155 12156 12157 12158 12159 12160 12161 12162 12163 12164 12165 12166 12167 12168 12169 12170 12171 12172 12173 12174 12175 12176 12177 12178 12179 12180 12181 12182 12183 12184 12185 12186 12187 12188 12189 12190 12191 12192 12193 12194 12195 12196 12197 12198 12199 12200 12201 12202 12203 12204 12205 12206 12207 12208 12209 12210 12211 12212 12213 12214 12215 12216 12217 12218 12219 12220 12221 12222 12223 12224 12225 12226 12227 12228 12229 12230 12231 12232 12233 12234 12235 12236 12237 12238 12239 12240 12241 12242 12243 12244 12245 12246 12247 12248 12249 12250 12251 12252 12253 12254 12255 12256 12257 12258 12259 12260 12261 12262 12263 12264 12265 12266 12267 12268 12269 12270 12271 12272 12273 12274 12275 12276 12277 12278 12279 12280 12281 12282 12283 12284 12285 12286 12287 12288 12289 12290 12291 12292 12293 12294 12295 12296 12297 12298 12299 12300 12301 12302 12303 12304 12305 12306 12307 12308 12309 12310 12311 12312 12313 12314 12315 12316 12317 12318 12319 12320 12321 12322 12323 12324 12325 12326 12327 12328 12329 12330 12331 12332 12333 12334 12335 12336 12337 12338 12339 12340 12341 12342 12343 12344 12345 12346 12347 12348 12349 12350 12351 12352 12353 12354 12355 12356 12357 12358 12359 12360 12361 12362 12363 12364 12365 12366 12367 12368 12369 12370 12371 12372 12373 12374 12375 12376 12377 12378 12379 12380 12381 12382 12383 12384 12385 12386 12387 12388 12389 12390 12391 12392 12393 12394 12395 12396 12397 12398 12399 12400 12401 12402 12403 12404 12405 12406 12407 12408 12409 12410 12411 12412 12413 12414 12415 12416 12417 12418 12419 12420 12421 12422 12423 12424 12425 12426 12427 12428 12429 12430 12431 12432 12433 12434 12435 12436 12437 12438 12439 12440 12441 12442 12443 12444 12445 12446 12447 12448 12449 12450 12451 12452 12453 12454 12455 12456 12457 12458 12459 12460 12461 12462 12463 12464 12465 12466 12467 12468 12469 12470 12471 12472 12473 12474 12475 12476 12477 12478 12479 12480 12481 12482 12483 12484 12485 12486 12487 12488 12489 12490 12491 12492 12493 12494 12495 12496 12497 12498 12499 12500 12501 12502 12503 12504 12505 12506 12507 12508 12509 12510 12511 12512 12513 12514 12515 12516 12517 12518 12519 12520 12521 12522 12523 12524 12525 12526 12527 12528 12529 12530 12531 12532 12533 12534 12535 12536 12537 12538 12539 12540 12541 12542 12543 12544 12545 12546 12547 12548 12549 12550 12551 12552 12553 12554 12555 12556 12557 12558 12559 12560 12561 12562 12563 12564 12565 12566 12567 12568 12569 12570 12571 12572 12573 12574 12575 12576 12577 12578 12579 12580 12581 12582 12583 12584 12585 12586 12587 12588 12589 12590 12591 12592 12593 12594 12595 12596 12597 12598 12599 12600 12601 12602 12603 12604 12605 12606 12607 12608 12609 12610 12611 12612 12613 12614 12615 12616 12617 12618 12619 12620 12621 12622 12623 12624 12625 12626 12627 12628 12629 12630 12631 12632 12633 12634 12635 12636 12637 12638 12639 12640 12641 12642 12643 12644 12645 12646 12647 12648 12649 12650 12651 12652 12653 12654 12655 12656 12657 12658 12659 12660 12661 12662 12663 12664 12665 12666 12667 12668 12669 12670 12671 12672 12673 12674 12675 12676 12677 12678 12679 12680 12681 12682 12683 12684 12685 12686 12687 12688 12689 12690 12691 12692 12693 12694 12695 12696 12697 12698 12699 12700 12701 12702 12703 12704 12705 12706 12707 12708 12709 12710 12711 12712 12713 12714 12715 12716 12717 12718 12719 12720 12721 12722 12723 12724 12725 12726 12727 12728 12729 12730 12731 12732 12733 12734 12735 12736 12737 12738 12739 12740 12741 12742 12743 12744 12745 12746 12747 12748 12749 12750 12751 12752 12753 12754 12755 12756 12757 12758 12759 12760 12761 12762 12763 12764 12765 12766 12767 12768 12769 12770 12771 12772 12773 12774 12775 12776 12777 12778 12779 12780 12781 12782 12783 12784 12785 12786 12787 12788 12789 12790 12791 12792 12793 12794 12795 12796 12797 12798 12799 12800 12801 12802 12803 12804 12805 12806 12807 12808 12809 12810 12811 12812 12813 12814 12815 12816 12817 12818 12819 12820 12821 12822 12823 12824 12825 12826 12827 12828 12829 12830 12831 12832 12833 12834 12835 12836 12837 12838 12839 12840 12841 12842 12843 12844 12845 12846 12847 12848 12849 12850 12851 12852 12853 12854 12855 12856 12857 12858 12859 12860 12861 12862 12863 12864 12865 12866 12867 12868 12869 12870 12871 12872 12873 12874 12875 12876 12877 12878 12879 12880 12881 12882 12883 12884 12885 12886 12887 12888 12889 12890 12891 12892 12893 12894 12895 12896 12897 12898 12899 12900 12901 12902 12903 12904 12905 12906 12907 12908 12909 12910 12911 12912 12913 12914 12915 12916 12917 12918 12919 12920 12921 12922 12923 12924 12925 12926 12927 12928 12929 12930 12931 12932 12933 12934 12935 12936 12937 12938 12939 12940 12941 12942 12943 12944 12945 12946 12947 12948 12949 12950 12951 12952 12953 12954 12955 12956 12957 12958 12959 12960 12961 12962 12963 12964 12965 12966 12967 12968 12969 12970 12971 12972 12973 12974 12975 12976 12977 12978 12979 12980 12981 12982 12983 12984 12985 12986 12987 12988 12989 12990 12991 12992 12993 12994 12995 12996 12997 12998 12999 13000 13001 13002 13003 13004 13005 13006 13007 13008 13009 13010 13011 13012 13013 13014 13015 13016 13017 13018 13019 13020 13021 13022 13023 13024 13025 13026 13027 13028 13029 13030 13031 13032 13033 13034 13035 13036 13037 13038 13039 13040 13041 13042 13043 13044 13045 13046 13047 13048 13049 13050 13051 13052 13053 13054 13055 13056 13057 13058 13059 13060 13061 13062 13063 13064 13065 13066 13067 13068 13069 13070 13071 13072 13073 13074 13075 13076 13077 13078 13079 13080 13081 13082 13083 13084 13085 13086 13087 13088 13089 13090 13091 13092 13093 13094 13095 13096 13097 13098 13099 13100 13101 13102 13103 13104 13105 13106 13107 13108 13109 13110 13111 13112 13113 13114 13115 13116 13117 13118 13119 13120 13121 13122 13123 13124 13125 13126 13127 13128 13129 13130 13131 13132 13133 13134 13135 13136 13137 13138 13139 13140 13141 13142 13143 13144 13145 13146 13147 13148 13149 13150 13151 13152 13153 13154 13155 13156 13157 13158 13159 13160 13161 13162 13163 13164 13165 13166 13167 13168 13169 13170 13171 13172 13173 13174 13175 13176 13177 13178 13179 13180 13181 13182 13183 13184 13185 13186 13187 13188 13189 13190 13191 13192 13193 13194 13195 13196 13197 13198 13199 13200 13201 13202 13203 13204 13205 13206 13207 13208 13209 13210 13211 13212 13213 13214 13215 13216 13217 13218 13219 13220 13221 13222 13223 13224 13225 13226 13227 13228 13229 13230 13231 13232 13233 13234 13235 13236 13237 13238 13239 13240 13241 13242 13243 13244 13245 13246 13247 13248 13249 13250 13251 13252 13253 13254 13255 13256 13257 13258 13259 13260 13261 13262 13263 13264 13265 13266 13267 13268 13269 13270 13271 13272 13273 13274 13275 13276 13277 13278 13279 13280 13281 13282 13283 13284 13285 13286 13287 13288 13289 13290 13291 13292 13293 13294 13295 13296 13297 13298 13299 13300 13301 13302 13303 13304 13305 13306 13307 13308 13309 13310 13311 13312 13313 13314 13315 13316 13317 13318 13319 13320 13321 13322 13323 13324 13325 13326 13327 13328 13329 13330 13331 13332 13333 13334 13335 13336 13337 13338 13339 13340 13341 13342 13343 13344 13345 13346 13347 13348 13349 13350 13351 13352 13353 13354 13355 13356 13357 13358 13359 13360 13361 13362 13363 13364 13365 13366 13367 13368 13369 13370 13371 13372 13373 13374 13375 13376 13377 13378 13379 13380 13381 13382 13383 13384 13385 13386 13387 13388 13389 13390 13391 13392 13393 13394 13395 13396 13397 13398 13399 13400 13401 13402 13403 13404 13405 13406 13407 13408 13409 13410 13411 13412 13413 13414 13415 13416 13417 13418 13419 13420 13421 13422 13423 13424 13425 13426 13427 13428 13429 13430 13431 13432 13433 13434 13435 13436 13437 13438 13439 13440 13441 13442 13443 13444 13445 13446 13447 13448 13449 13450 13451 13452 13453 13454 13455 13456 13457 13458 13459 13460 13461 13462 13463 13464 13465 13466 13467 13468 13469 13470 13471 13472 13473 13474 13475 13476 13477 13478 13479 13480 13481 13482 13483 13484 13485 13486 13487 13488 13489 13490 13491 13492 13493 13494 13495 13496 13497 13498 13499 13500 13501 13502 13503 13504 13505 13506 13507 13508 13509 13510 13511 13512 13513 13514 13515 13516 13517 13518 13519 13520 13521 13522 13523 13524 13525 13526 13527 13528 13529 13530 13531 13532 13533 13534 13535 13536 13537 13538 13539 13540 13541 13542 13543 13544 13545 13546 13547 13548 13549 13550 13551 13552 13553 13554 13555 13556 13557 13558 13559 13560 13561 13562 13563 13564 13565 13566 13567 13568 13569 13570 13571 13572 13573 13574 13575 13576 13577 13578 13579 13580 13581 13582 13583 13584 13585 13586 13587 13588 13589 13590 13591 13592 13593 13594 13595 13596 13597 13598 13599 13600 13601 13602 13603 13604 13605 13606 13607 13608 13609 13610 13611 13612 13613 13614 13615 13616 13617 13618 13619 13620 13621 13622 13623 13624 13625 13626 13627 13628 13629 13630 13631 13632 13633 13634 13635 13636 13637 13638 13639 13640 13641 13642 13643 13644 13645 13646 13647 13648 13649 13650 13651 13652 13653 13654 13655 13656 13657 13658 13659 13660 13661 13662 13663 13664 13665 13666 13667 13668 13669 13670 13671 13672 13673 13674 13675 13676 13677 13678 13679 13680 13681 13682 13683 13684 13685 13686 13687 13688 13689 13690 13691 13692 13693 13694 13695 13696 13697 13698 13699 13700 13701 13702 13703 13704 13705 13706 13707 13708 13709 13710 13711 13712 13713 13714 13715 13716 13717 13718 13719 13720 13721 13722 13723 13724 13725 13726 13727 13728 13729 13730 13731 13732 13733 13734 13735 13736 13737 13738 13739 13740 13741 13742 13743 13744 13745 13746 13747 13748 13749 13750 13751 13752 13753 13754 13755 13756 13757 13758 13759 13760 13761 13762 13763 13764 13765 13766 13767 13768 13769 13770 13771 13772 13773 13774 13775 13776 13777 13778 13779 13780 13781 13782 13783 13784 13785 13786 13787 13788 13789 13790 13791 13792 13793 13794 13795 13796 13797 13798 13799 13800 13801 13802 13803 13804 13805 13806 13807 13808 13809 13810 13811 13812 13813 13814 13815 13816 13817 13818 13819 13820 13821 13822 13823 13824 13825 13826 13827 13828 13829 13830 13831 13832 13833 13834 13835 13836 13837 13838 13839 13840 13841 13842 13843 13844 13845 13846 13847 13848 13849 13850 13851 13852 13853 13854 13855 13856 13857 13858 13859 13860 13861 13862 13863 13864 13865 13866 13867 13868 13869 13870 13871 13872 13873 13874 13875 13876 13877 13878 13879 13880 13881 13882 13883 13884 13885 13886 13887 13888 13889 13890 13891 13892 13893 13894 13895 13896 13897 13898 13899 13900 13901 13902 13903 13904 13905 13906 13907 13908 13909 13910 13911 13912 13913 13914 13915 13916 13917 13918 13919 13920 13921 13922 13923 13924 13925 13926 13927 13928 13929 13930 13931 13932 13933 13934 13935 13936 13937 13938 13939 13940 13941 13942 13943 13944 13945 13946 13947 13948 13949 13950 13951 13952 13953 13954 13955 13956 13957 13958 13959 13960 13961 13962 13963 13964 13965 13966 13967 13968 13969 13970 13971 13972 13973 13974 13975 13976 13977 13978 13979 13980 13981 13982 13983 13984 13985 13986 13987 13988 13989 13990 13991 13992 13993 13994 13995 13996 13997 13998 13999 14000 14001 14002 14003 14004 14005 14006 14007 14008 14009 14010 14011 14012 14013 14014 14015 14016 14017 14018 14019 14020 14021 14022 14023 14024 14025 14026 14027 14028 14029 14030 14031 14032 14033 14034 14035 14036 14037 14038 14039 14040 14041 14042 14043 14044 14045 14046 14047 14048 14049 14050 14051 14052 14053 14054 14055 14056 14057 14058 14059 14060 14061 14062 14063 14064 14065 14066 14067 14068 14069 14070 14071 14072 14073 14074 14075 14076 14077 14078 14079 14080 14081 14082 14083 14084 14085 14086 14087 14088 14089 14090 14091 14092 14093 14094 14095 14096 14097 14098 14099 14100 14101 14102 14103 14104 14105 14106 14107 14108 14109 14110 14111 14112 14113 14114 14115 14116 14117 14118 14119 14120 14121 14122 14123 14124 14125 14126 14127 14128 14129 14130 14131 14132 14133 14134 14135 14136 14137 14138 14139 14140 14141 14142 14143 14144 14145 14146 14147 14148 14149 14150 14151 14152 14153 14154 14155 14156 14157 14158 14159 14160 14161 14162 14163 14164 14165 14166 14167 14168 14169 14170 14171 14172 14173 14174 14175 14176 14177 14178 14179 14180 14181 14182 14183 14184 14185 14186 14187 14188 14189 14190 14191 14192 14193 14194 14195 14196 14197 14198 14199 14200 14201 14202 14203 14204 14205 14206 14207 14208 14209 14210 14211 14212 14213 14214 14215 14216 14217 14218 14219 14220 14221 14222 14223 14224 14225 14226 14227 14228 14229 14230 14231 14232 14233 14234 14235 14236 14237 14238 14239 14240 14241 14242 14243 14244 14245 14246 14247 14248 14249 14250 14251 14252 14253 14254 14255 14256 14257 14258 14259 14260 14261 14262 14263 14264 14265 14266 14267 14268 14269 14270 14271 14272 14273 14274 14275 14276 14277 14278 14279 14280 14281 14282 14283 14284 14285 14286 14287 14288 14289 14290 14291 14292 14293 14294 14295 14296 14297 14298 14299 14300 14301 14302 14303 14304 14305 14306 14307 14308 14309 14310 14311 14312 14313 14314 14315 14316 14317 14318 14319 14320 14321 14322 14323 14324 14325 14326 14327 14328 14329 14330 14331 14332 14333 14334 14335 14336 14337 14338 14339 14340 14341 14342 14343 14344 14345 14346 14347 14348 14349 14350 14351 14352 14353 14354 14355 14356 14357 14358 14359 14360 14361 14362 14363 14364 14365 14366 14367 14368 14369 14370 14371 14372 14373 14374 14375 14376 14377 14378 14379 14380 14381 14382 14383 14384 14385 14386 14387 14388 14389 14390 14391 14392 14393 14394 14395 14396 14397 14398 14399 14400 14401 14402 14403 14404 14405 14406 14407 14408 14409 14410 14411 14412 14413 14414 14415 14416 14417 14418 14419 14420 14421 14422 14423 14424 14425 14426 14427 14428 14429 14430 14431 14432 14433 14434 14435 14436 14437 14438 14439 14440 14441 14442 14443 14444 14445 14446 14447 14448 14449 14450 14451 14452 14453 14454 14455 14456 14457 14458 14459 14460 14461 14462 14463 14464 14465 14466 14467 14468 14469 14470 14471 14472 14473 14474 14475 14476 14477 14478 14479 14480 14481 14482 14483 14484 14485 14486 14487 14488 14489 14490 14491 14492 14493 14494 14495 14496 14497 14498 14499 14500 14501 14502 14503 14504 14505 14506 14507 14508 14509 14510 14511 14512 14513 14514 14515 14516 14517 14518 14519 14520 14521 14522 14523 14524 14525 14526 14527 14528 14529 14530 14531 14532 14533 14534 14535 14536 14537 14538 14539 14540 14541 14542 14543 14544 14545 14546 14547 14548 14549 14550 14551 14552 14553 14554 14555 14556 14557 14558 14559 14560 14561 14562 14563 14564 14565 14566 14567 14568 14569 14570 14571 14572 14573 14574 14575 14576 14577 14578 14579 14580 14581 14582 14583 14584 14585 14586 14587 14588 14589 14590 14591 14592 14593 14594 14595 14596 14597 14598 14599 14600 14601 14602 14603 14604 14605 14606 14607 14608 14609 14610 14611 14612 14613 14614 14615 14616 14617 14618 14619 14620 14621 14622 14623 14624 14625 14626 14627 14628 14629 14630 14631 14632 14633 14634 14635 14636 14637 14638 14639 14640 14641 14642 14643 14644 14645 14646 14647 14648 14649 14650 14651 14652 14653 14654 14655 14656 14657 14658 14659 14660 14661 14662 14663 14664 14665 14666 14667 14668 14669 14670 14671 14672 14673 14674 14675 14676 14677 14678 14679 14680 14681 14682 14683 14684 14685 14686 14687 14688 14689 14690 14691 14692 14693 14694 14695 14696 14697 14698 14699 14700 14701 14702 14703 14704 14705 14706 14707 14708 14709 14710 14711 14712 14713 14714 14715 14716 14717 14718 14719 14720 14721 14722 14723 14724 14725 14726 14727 14728 14729 14730 14731 14732 14733 14734 14735 14736 14737 14738 14739 14740 14741 14742 14743 14744 14745 14746 14747 14748 14749 14750 14751 14752 14753 14754 14755 14756 14757 14758 14759 14760 14761 14762 14763 14764 14765 14766 14767 14768 14769 14770 14771 14772 14773 14774 14775 14776 14777 14778 14779 14780 14781 14782 14783 14784 14785 14786 14787 14788 14789 14790 14791 14792 14793 14794 14795 14796 14797 14798 14799 14800 14801 14802 14803 14804 14805 14806 14807 14808 14809 14810 14811 14812 14813 14814 14815 14816 14817 14818 14819 14820 14821 14822 14823 14824 14825 14826 14827 14828 14829 14830 14831 14832 14833 14834 14835 14836 14837 14838 14839 14840 14841 14842 14843 14844 14845 14846 14847 14848 14849 14850 14851 14852 14853 14854 14855 14856 14857 14858 14859 14860 14861 14862 14863 14864 14865 14866 14867 14868 14869 14870 14871 14872 14873 14874 14875 14876 14877 14878 14879 14880 14881 14882 14883 14884 14885 14886 14887 14888 14889 14890 14891 14892 14893 14894 14895 14896 14897 14898 14899 14900 14901 14902 14903 14904 14905 14906 14907 14908 14909 14910 14911 14912 14913 14914 14915 14916 14917 14918 14919 14920 14921 14922 14923 14924 14925 14926 14927 14928 14929 14930 14931 14932 14933 14934 14935 14936 14937 14938 14939 14940 14941 14942 14943 14944 14945 14946 14947 14948 14949 14950 14951 14952 14953 14954 14955 14956 14957 14958 14959 14960 14961 14962 14963 14964 14965 14966 14967 14968 14969 14970 14971 14972 14973 14974 14975 14976 14977 14978 14979 14980 14981 14982 14983 14984 14985 14986 14987 14988 14989 14990 14991 14992 14993 14994 14995 14996 14997 14998 14999 15000 15001 15002 15003 15004 15005 15006 15007 15008 15009 15010 15011 15012 15013 15014 15015 15016 15017 15018 15019 15020 15021 15022 15023 15024 15025 15026 15027 15028 15029 15030 15031 15032 15033 15034 15035 15036 15037 15038 15039 15040 15041 15042 15043 15044 15045 15046 15047 15048 15049 15050 15051 15052 15053 15054 15055 15056 15057 15058 15059 15060 15061 15062 15063 15064 15065 15066 15067 15068 15069 15070 15071 15072 15073 15074 15075 15076 15077 15078 15079 15080 15081 15082 15083 15084 15085 15086 15087 15088 15089 15090 15091 15092 15093 15094 15095 15096 15097 15098 15099 15100 15101 15102 15103 15104 15105 15106 15107 15108 15109 15110 15111 15112 15113 15114 15115 15116 15117 15118 15119 15120 15121 15122 15123 15124 15125 15126 15127 15128 15129 15130 15131 15132 15133 15134 15135 15136 15137 15138 15139 15140 15141 15142 15143 15144 15145 15146 15147 15148 15149 15150 15151 15152 15153 15154 15155 15156 15157 15158 15159 15160 15161 15162 15163 15164 15165 15166 15167 15168 15169 15170 15171 15172 15173 15174 15175 15176 15177 15178 15179 15180 15181 15182 15183 15184 15185 15186 15187 15188 15189 15190 15191 15192 15193 15194 15195 15196 15197 15198 15199 15200 15201 15202 15203 15204 15205 15206 15207 15208 15209 15210 15211 15212 15213 15214 15215 15216 15217 15218 15219 15220 15221 15222 15223 15224 15225 15226 15227 15228 15229 15230 15231 15232 15233 15234 15235 15236 15237 15238 15239 15240 15241 15242 15243 15244 15245 15246 15247 15248 15249 15250 15251 15252 15253 15254 15255 15256 15257 15258 15259 15260 15261 15262 15263 15264 15265 15266 15267 15268 15269 15270 15271 15272 15273 15274 15275 15276 15277 15278 15279 15280 15281 15282 15283 15284 15285 15286 15287 15288 15289 15290 15291 15292 15293 15294 15295 15296 15297 15298 15299 15300 15301 15302 15303 15304 15305 15306 15307 15308 15309 15310 15311 15312 15313 15314 15315 15316 15317 15318 15319 15320 15321 15322 15323 15324 15325 15326 15327 15328 15329 15330 15331 15332 15333 15334 15335 15336 15337 15338 15339 15340 15341 15342 15343 15344 15345 15346 15347 15348 15349 15350 15351 15352 15353 15354 15355 15356 15357 15358 15359 15360 15361 15362 15363 15364 15365 15366 15367 15368 15369 15370 15371 15372 15373 15374 15375 15376 15377 15378 15379 15380 15381 15382 15383 15384 15385 15386 15387 15388 15389 15390 15391 15392 15393 15394 15395 15396 15397 15398 15399 15400 15401 15402 15403 15404 15405 15406 15407 15408 15409 15410 15411 15412 15413 15414 15415 15416 15417 15418 15419 15420 15421 15422 15423 15424 15425 15426 15427 15428 15429 15430 15431 15432 15433 15434 15435 15436 15437 15438 15439 15440 15441 15442 15443 15444 15445 15446 15447 15448 15449 15450 15451 15452 15453 15454 15455 15456 15457 15458 15459 15460 15461 15462 15463 15464 15465 15466 15467 15468 15469 15470 15471 15472 15473 15474 15475 15476 15477 15478 15479 15480 15481 15482 15483 15484 15485 15486 15487 15488 15489 15490 15491 15492 15493 15494 15495 15496 15497 15498 15499 15500 15501 15502 15503 15504 15505 15506 15507 15508 15509 15510 15511 15512 15513 15514 15515 15516 15517 15518 15519 15520 15521 15522 15523 15524 15525 15526 15527 15528 15529 15530 15531 15532 15533 15534 15535 15536 15537 15538 15539 15540 15541 15542 15543 15544 15545 15546 15547 15548 15549 15550 15551 15552 15553 15554 15555 15556 15557 15558 15559 15560 15561 15562 15563 15564 15565 15566 15567 15568 15569 15570 15571 15572 15573 15574 15575 15576 15577 15578 15579 15580 15581 15582 15583 15584 15585 15586 15587 15588 15589 15590 15591 15592 15593 15594 15595 15596 15597 15598 15599 15600 15601 15602 15603 15604 15605 15606 15607 15608 15609 15610 15611 15612 15613 15614 15615 15616 15617 15618 15619 15620 15621 15622 15623 15624 15625 15626 15627 15628 15629 15630 15631 15632 15633 15634 15635 15636 15637 15638 15639 15640 15641 15642 15643 15644 15645 15646 15647 15648 15649 15650 15651 15652 15653 15654 15655 15656 15657 15658 15659 15660 15661 15662 15663 15664 15665 15666 15667 15668 15669 15670 15671 15672 15673 15674 15675 15676 15677 15678 15679 15680 15681 15682 15683 15684 15685 15686 15687 15688 15689 15690 15691 15692 15693 15694 15695 15696 15697 15698 15699 15700 15701 15702 15703 15704 15705 15706 15707 15708 15709 15710 15711 15712 15713 15714 15715 15716 15717 15718 15719 15720 15721 15722 15723 15724 15725 15726 15727 15728 15729 15730 15731 15732 15733 15734 15735 15736 15737 15738 15739 15740 15741 15742 15743 15744 15745 15746 15747 15748 15749 15750 15751 15752 15753 15754 15755 15756 15757 15758 15759 15760 15761 15762 15763 15764 15765 15766 15767 15768 15769 15770 15771 15772 15773 15774 15775 15776 15777 15778 15779 15780 15781 15782 15783 15784 15785 15786 15787 15788 15789 15790 15791 15792 15793 15794 15795 15796 15797 15798 15799 15800 15801 15802 15803 15804 15805 15806 15807 15808 15809 15810 15811 15812 15813 15814 15815 15816 15817 15818 15819 15820 15821 15822 15823 15824 15825 15826 15827 15828 15829 15830 15831 15832 15833 15834 15835 15836 15837 15838 15839 15840 15841 15842 15843 15844 15845 15846 15847 15848 15849 15850 15851 15852 15853 15854 15855 15856 15857 15858 15859 15860 15861 15862 15863 15864 15865 15866 15867 15868 15869 15870 15871 15872 15873 15874 15875 15876 15877 15878 15879 15880 15881 15882 15883 15884 15885 15886 15887 15888 15889 15890 15891 15892 15893 15894 15895 15896 15897 15898 15899 15900 15901 15902 15903 15904 15905 15906 15907 15908 15909 15910 15911 15912 15913 15914 15915 15916 15917 15918 15919 15920 15921 15922 15923 15924 15925 15926 15927 15928 15929 15930 15931 15932 15933 15934 15935 15936 15937 15938 15939 15940 15941 15942 15943 15944 15945 15946 15947 15948 15949 15950 15951 15952 15953 15954 15955 15956 15957 15958 15959 15960 15961 15962 15963 15964 15965 15966 15967 15968 15969 15970 15971 15972 15973 15974 15975 15976 15977 15978 15979 15980 15981 15982 15983 15984 15985 15986 15987 15988 15989 15990 15991 15992 15993 15994 15995 15996 15997 15998 15999 12015 4015 12014 4018 12010 4023 12007 4030 12003 4039 11993 4045 11987 4046 11980 4047 11970 4056 11971 4066 11972 4067 11961 4079 11949 4104 11936 4131 11908 4146 11878 4147 11846 4164 11812 4182 11793 4201 11794 4221 11774 4242 11732 4264 11688 4265 11642 4266 11618 4291 11593 4342 11565 4395 11566 4423 11567 4452 11538 4511 11507 4572 11508 4635 11476 4705 11410 4746 11376 4747 11341 4787 11269 4742 11230 4670 11231 4636 11232 4637 </DataArray>
      </CellData>
      <PointData Vectors="U">
        <DataArray type="Int64" IdType="1" Name="vtkOriginalPointIds" format="ascii" RangeMin="2082" RangeMax="8240">6204 6205 6206 6207 6208 6209 6210 6211 6212 6213 6214 6215 6216 6217 6218 6219 6220 6221 6222 6223 6224 6225 6226 6227 6228 6229 6230 6231 6232 6233 6234 6235 6236 6237 6238 6239 6240 6241 6242 6243 6244 6245 6246 6247 6248 6249 6250 6251 6252 6253 6254 6255 6256 6257 6258 6259 6260 6261 6262 6263 6264 6265 6266 6267 6268 6269 6270 6271 6272 6273 6274 6275 6276 6277 6278 6279 6280 6281 6282 6283 6284 6285 6286 6287 6288 6289 6290 6291 6292 6293 6294 6295 6296 6297 6298 6299 6300 6301 6302 6303 6304 6305 6306 6307 6308 6309 6310 6311 6312 6313 6314 6315 6316 6317 6318 6319 6320 6321 6322 6323 6324 6325 6326 6327 6328 6329 6330 6331 6332 6333 6334 6335 6336 6337 6338 6339 6340 6341 6342 6343 6344 6345 6346 6347 6348 6349 6350 6351 6352 6353 6354 6355 6356 6357 6358 6359 6360 6361 6362 6363 6364 6365 6366 6367 6368 6369 6370 6371 6372 6373 6374 6375 6376 6377 6378 6379 6380 6381 6382 6383 6384 6385 6386 6387 6388 6389 6390 6391 6392 6393 6394 6395 6396 6397 6398 6399 6400 6401 6402 6403 6404 6405 6406 6407 6408 6409 6410 6411 6412 6413 6414 6415 6416 6417 6418 6419 6420 6421 6422 6423 6424 6425 6426 6427 6428 6429 6430 6431 6432 6433 6434 6435 6436 6437 6438 6439 6440 6441 6442 6443 6444 6445 6446 6447 6448 6449 6450 6451 6452 6453 6454 6455 6456 6457 6458 6459 6460 6461 6462 6463 6464 6465 6466 6467 6468 6469 6470 6471 6472 6473 6474 6475 6476 6477 6478 6479 6480 6481 6482 6483 6484 6485 6486 6487 6488 6489 6490 6491 6492 6493 6494 6495 6496 6497 6498 6499 6500 6501 6502 6503 6504 6505 6506 6507 6508 6509 6510 6511 6512 6513 6514 6515 6516 6517 6518 6519 6520 6521 6522 6523 6524 6525 6526 6527 6528 6529 6530 6531 6532 6533 6534 6535 6536 6537 6538 6539 6540 6541 6542 6543 6544 6545 6546 6547 6548 6549 6550 6551 6552 6553 6554 6555 6556 6557 6558 6559 6560 6561 6562 6563 6564 6565 6566 6567 6568 6569 6570 6571 6572 6573 6574 6575 6576 6577 6578 6579 6580 6581 6582 6583 6584 6585 6586 6587 6588 6589 6590 6591 6592 6593 6594 6595 6596 6597 6598 6599 6600 6601 6602 6603 6604 6605 6606 6607 6608 6609 6610 6611 6612 6613 6614 6615 6616 6617 6618 6619 6620 6621 6622 6623 6624 6625 6626 6627 6628 6629 6630 6631 6632 6633 6634 6635 6636 6637 6638 6639 6640 6641 6642 6643 6644 6645 6646 6647 6648 6649 6650 6651 6652 6653 6654 6655 6656 6657 6658 6659 6660 6661 6662 6663 6664 6665 6666 6667 6668 6669 6670 6671 6672 6673 6674 6675 6676 6677 6678 6679 6680 6681 6682 6683 6684 6685 6686 6687 6688 6689 6690 6691 6692 6693 6694 6695 6696 6697 6698 6699 6700 6701 6702 6703 6704 6705 6706 6707 6708 6709 6710 6711 6712 6713 6714 6715 6716 6717 6718 6719 6720 6721 6722 6723 6724 6725 6726 6727 6728 6729 6730 6731 6732 6733 6734 6735 6736 6737 6738 6739 6740 6741 6742 6743 6744 6745 6746 6747 6748 6749 6750 6751 6752 6753 6754 6755 6756 6757 6758 6759 6760 6761 6762 6763 6764 6765 6766 6767 6768 6769 6770 6771 6772 6773 6774 6775 6776 6777 6778 6779 6780 6781 6782 6783 6784 6785 6786 6787 6788 6789 6790 6791 6792 6793 6794 6795 6796 6797 6798 6799 6800 6801 6802 6803 6804 6805 6806 6807 6808 6809 6810 6811 6812 6813 6814 6815 6816 6817 6818 6819 6820 6821 6822 6823 6824 6825 6826 6827 6828 6829 6830 6831 6832 6833 6834 6835 6836 6837 6838 6839 6840 6841 6842 6843 6844 6845 6846 6847 6848 6849 6850 6851 6852 6853 6854 6855 6856 6857 6858 6859 6860 6861 6862 6863 6864 6865 6866 6867 6868 6869 6870 6871 6872 6873 6874 6875 6876 6877 6878 6879 6880 6881 6882 6883 6884 6885 6886 6887 6888 6889 6890 6891 6892 6893 6894 6895 6896 6897 6898 6899 6900 6901 6902 6903 6904 6905 6906 6907 6908 6909 6910 6911 6912 6913 6914 6915 6916 6917 6918 6919 6920 6921 6922 6923 6924 6925 6926 6927 6928 6929 6930 6931 6932 6933 6934 6935 6936 6937 6938 6939 6940 6941 6942 6943 6944 6945 6946 6947 6948 6949 6950 6951 6952 6953 6954 6955 6956 6957 6958 6959 6960 6961 6962 6963 6964 6965 6966 6967 6968 6969 6970 6971 6972 6973 6974 6975 6976 6977 6978 6979 6980 6981 6982 6983 6984 6985 6986 6987 6988 6989 6990 6991 6992 6993 6994 6995 6996 6997 6998 6999 7000 7001 7002 7003 7004 7005 7006 7007 7008 7009 7010 7011 7012 7013 7014 7015 7016 7017 7018 7019 7020 7021 7022 7023 7024 7025 7026 7027 7028 7029 7030 7031 7032 7033 7034 7035 7036 7037 7038 7039 7040 7041 7042 7043 7044 7045 7046 7047 7048 7049 7050 7051 7052 7053 7054 7055 7056 7057 7058 7059 7060 7061 7062 7063 7064 7065 7066 7067 7068 7069 7070 7071 7072 7073 7074 7075 7076 7077 7078 7079 7080 7081 7082 7083 7084 7085 7086 7087 7088 7089 7090 7091 7092 7093 7094 7095 7096 7097 7098 7099 7100 7101 7102 7103 7104 7105 7106 7107 7108 7109 7110 7111 7112 7113 7114 7115 7116 7117 7118 7119 7120 7121 7122 7123 7124 7125 7126 7127 7128 7129 7130 7131 7132 7133 7134 7135 7136 7137 7138 7139 7140 7141 7142 7143 7144 7145 7146 7147 7148 7149 7150 7151 7152 7153 7154 7155 7156 7157 7158 7159 7160 7161 7162 7163 7164 7165 7166 7167 7168 7169 7170 7171 7172 7173 7174 7175 7176 7177 7178 7179 7180 7181 7182 7183 7184 7185 7186 7187 7188 7189 7190 7191 7192 7193 7194 7195 7196 7197 7198 7199 7200 7201 7202 7203 7204 7205 7206 7207 7208 7209 7210 7211 7212 7213 7214 7215 7216 7217 7218 7219 7220 7221 7222 7223 7224 7225 7226 7227 7228 7229 7230 7231 7232 7233 7234 7235 7236 7237 7238 7239 7240 7241 7242 7243 7244 7245 7246 7247 7248 7249 7250 7251 7252 7253 7254 7255 7256 7257 7258 7259 7260 7261 7262 7263 7264 7265 7266 7267 7268 7269 7270 7271 7272 7273 7274 7275 7276 7277 7278 7279 7280 7281 7282 7283 7284 7285 7286 7287 7288 7289 7290 7291 7292 7293 7294 7295 7296 7297 7298 7299 7300 7301 7302 7303 7304 7305 7306 7307 7308 7309 7310 7311 7312 7313 7314 7315 7316 7317 7318 7319 7320 7321 7322 7323 7324 7325 7326 7327 7328 7329 7330 7331 7332 7333 7334 7335 7336 7337 7338 7339 7340 7341 7342 7343 7344 7345 7346 7347 7348 7349 7350 7351 7352 7353 7354 7355 7356 7357 7358 7359 7360 7361 7362 7363 7364 7365 7366 7367 7368 7369 7370 7371 7372 7373 7374 7375 7376 7377 7378 7379 7380 7381 7382 7383 7384 7385 7386 7387 7388 7389 7390 7391 7392 7393 7394 7395 7396 7397 7398 7399 7400 7401 7402 7403 7404 7405 7406 7407 7408 7409 7410 7411 7412 7413 7414 7415 7416 7417 7418 7419 7420 7421 7422 7423 7424 7425 7426 7427 7428 7429 7430 7431 7432 7433 7434 7435 7436 7437 7438 7439 7440 7441 7442 7443 7444 7445 7446 7447 7448 7449 7450 7451 7452 7453 7454 7455 7456 7457 7458 7459 7460 7461 7462 7463 7464 7465 7466 7467 7468 7469 7470 7471 7472 7473 7474 7475 7476 7477 7478 7479 7480 7481 7482 7483 7484 7485 7486 7487 7488 7489 7490 7491 7492 7493 7494 7495 7496 7497 7498 7499 7500 7501 7502 7503 7504 7505 7506 7507 7508 7509 7510 7511 7512 7513 7514 7515 7516 7517 7518 7519 7520 7521 7522 7523 7524 7525 7526 7527 7528 7529 7530 7531 7532 7533 7534 7535 7536 7537 7538 7539 7540 7541 7542 7543 7544 7545 7546 7547 7548 7549 7550 7551 7552 7553 7554 7555 7556 7557 7558 7559 7560 7561 7562 7563 7564 7565 7566 7567 7568 7569 7570 7571 7572 7573 7574 7575 7576 7577 7578 7579 7580 7581 7582 7583 7584 7585 7586 7587 7588 7589 7590 7591 7592 7593 7594 7595 7596 7597 7598 7599 7600 7601 7602 7603 7604 7605 7606 7607 7608 7609 7610 7611 7612 7613 7614 7615 7616 7617 7618 7619 7620 7621 7622 7623 7624 7625 7626 7627 7628 7629 7630 7631 7632 7633 7634 7635 7636 7637 7638 7639 7640 7641 7642 7643 7644 7645 7646 7647 7648 7649 7650 7651 7652 7653 7654 7655 7656 7657 7658 7659 7660 7661 7662 7663 7664 7665 7666 7667 7668 7669 7670 7671 7672 7673 7674 7675 7676 7677 7678 7679 7680 7681 7682 7683 7684 7685 7686 7687 7688 7689 7690 7691 7692 7693 7694 7695 7696 7697 7698 7699 7700 7701 7702 7703 7704 7705 7706 7707 7708 7709 7710 7711 7712 7713 7714 7715 7716 7717 7718 7719 7720 7721 7722 7723 7724 7725 7726 7727 7728 7729 7730 7731 7732 7733 7734 7735 7736 7737 7738 7739 7740 7741 7742 7743 7744 7745 7746 7747 7748 7749 7750 7751 7752 7753 7754 7755 7756 7757 7758 7759 7760 7761 7762 7763 7764 7765 7766 7767 7768 7769 7770 7771 7772 7773 7774 7775 7776 7777 7778 7779 7780 7781 7782 7783 7784 7785 7786 7787 7788 7789 7790 7791 7792 7793 7794 7795 7796 7797 7798 7799 7800 7801 7802 7803 7804 7805 7806 7807 7808 7809 7810 7811 7812 7813 7814 7815 7816 7817 7818 7819 7820 7821 7822 7823 7824 7825 7826 7827 7828 7829 7830 7831 7832 7833 7834 7835 7836 7837 7838 7839 7840 7841 7842 7843 7844 7845 7846 7847 7848 7849 7850 7851 7852 7853 7854 7855 7856 7857 7858 7859 7860 7861 7862 7863 7864 7865 7866 7867 7868 7869 7870 7871 7872 7873 7874 7875 7876 7877 7878 7879 7880 7881 7882 7883 7884 7885 7886 7887 7888 7889 7890 7891 7892 7893 7894 7895 7896 7897 7898 7899 7900 7901 7902 7903 7904 7905 7906 7907 7908 7909 7910 7911 7912 7913 7914 7915 7916 7917 7918 7919 7920 7921 7922 7923 7924 7925 7926 7927 7928 7929 7930 7931 7932 7933 7934 7935 7936 7937 7938 7939 7940 7941 7942 7943 7944 7945 7946 7947 7948 7949 7950 7951 7952 7953 7954 7955 7956 7957 7958 7959 7960 7961 7962 7963 7964 7965 7966 7967 7968 7969 7970 7971 7972 7973 7974 7975 7976 7977 7978 7979 7980 7981 7982 7983 7984 7985 7986 7987 7988 7989 7990 7991 7992 7993 7994 7995 7996 7997 7998 7999 8000 8001 8002 8003 8004 8005 8006 8007 8008 8009 8010 8011 8012 8013 8014 8015 8016 8017 8018 8019 8020 8021 8022 8023 8024 8025 8026 8027 8028 8029 8030 8031 8032 8033 8034 8035 8036 8037 8038 8039 8040 8041 8042 8043 8044 8045 8046 8047 8048 8049 8050 8051 8052 8053 8054 8055 8056 8057 8058 8059 8060 8061 8062 8063 8064 8065 8066 8067 8068 8069 8070 8071 8072 8073 8074 8075 8076 8077 8078 8079 8080 8081 8082 8083 8084 8085 8086 8087 8088 8089 8090 8091 8092 8093 8094 8095 8096 8097 8098 8099 8100 8101 8102 8103 8104 8105 8106 8107 8108 8109 8110 8111 8112 8113 8114 8115 8116 8117 8118 8119 8120 8121 8122 8123 8124 8125 8126 8127 8128 8129 8130 8131 8132 8133 8134 8135 8136 8137 8138 8139 8140 8141 8142 8143 8144 8145 8146 8147 8148 8149 8150 8151 8152 8153 8154 8155 8156 8157 8158 8159 8160 8161 8162 8163 8164 8165 8166 8167 8168 8169 8170 8171 8172 8173 8174 8175 8176 8177 8178 8179 8180 8181 8182 8183 8184 8185 8186 8187 8188 8189 8190 8191 8192 8193 8194 8195 8196 8197 8198 8199 8200 8201 8202 8203 8204 8205 8206 8207 8208 8209 8210 8211 8212 8213 8214 8215 8216 8217 8218 8219 8220 8221 8222 8223 8224 8225 8226 8227 8228 8229 8230 8231 8232 8233 8234 8235 8236 8237 8238 8239 8240 6201 6197 6191 6184 6174 6175 6161 6115 6096 6097 6077 6033 6009 5983 5984 5954 5955 5956 5890 5855 5815 5816 5817 5818 2092 2103 2106 2109 2119 2123 2137 2152 2167 2188 2191 2213 2236 2238 2267 2417 2494 2496 2492 2453 2419 6203 2082 2083 6200 2086 6196 2090 2096 6190 2104 6183 2105 2107 6171 6172 2120 6173 2121 6160 2135 2150 6146 2168 6131 2169 6114 6095 2189 6075 6076 2211 6055 2235 6032 2237 6008 2239 5982 2265 5951 2293 5952 2322 5953 2352 5922 2383 5923 2415 2452 5889 2495 5854 2497 5814 2456 5775 2418 5776 5777 2420 </DataArray>
        <DataArray type="UInt8" Name="vtkGhostType" format="ascii" RangeMin="0" RangeMax="1">0 0 0 0 0 0 0 0 0 0 0 0 0 0 0 0 0 0 0 0 0 0 0 0 0 0 0 0 0 0 0 0 0 0 0 0 0 0 0 0 0 0 0 0 0 0 0 0 0 0 0 0 0 0 0 0 0 0 0 0 0 0 0 0 0 0 0 0 0 0 0 0 0 0 0 0 0 0 0 0 0 0 0 0 0 0 0 0 0 0 0 0 0 0 0 0 0 0 0 0 0 0 0 0 0 0 0 0 0 0 0 0 0 0 0 0 0 0 0 0 0 0 0 0 0 0 0 0 0 0 0 0 0 0 0 0 0 0 0 0 0 0 0 0 0 0 0 0 0 0 0 0 0 0 0 0 0 0 0 0 0 0 0 0 0 0 0 0 0 0 0 0 0 0 0 0 0 0 0 0 0 0 0 0 0 0 0 0 0 0 0 0 0 0 0 0 0 0 0 0 0 0 0 0 0 0 0 0 0 0 0 0 0 0 0 0 0 0 0 0 0 0 0 0 0 0 0 0 0 0 0 0 0 0 0 0 0 0 0 0 0 0 0 0 0 0 0 0 0 0 0 0 0 0 0 0 0 0 0 0 0 0 0 0 0 0 0 0 0 0 0 0 0 0 0 0 0 0 0 0 0 0 0 0 0 0 0 0 0 0 0 0 0 0 0 0 0 0 0 0 0 0 0 0 0 0 0 0 0 0 0 0 0 0 0 0 0 0 0 0 0 0 0 0 0 0 0 0 0 0 0 0 0 0 0 0 0 0 0 0 0 0 0 0 0 0 0 0 0 0 0 0 0 0 0 0 0 0 0 0 0 0 0 0 0 0 0 0 0 0 0 0 0 0 0 0 0 0 0 0 0 0 0 0 0 0 0 0 0 0 0 0 0 0 0 0 0 0 0 0 0 0 0 0 0 0 0 0 0 0 0 0 0 0 0 0 0 0 0 0 0 0 0 0 0 0 0 0 0 0 0 0 0 0 0 0 0 0 0 0 0 0 0 0 0 0 0 0 0 0 0 0 0 0 0 0 0 0 0 0 0 0 0 0 0 0 0 0 0 0 0 0 0 0 0 0 0 0 0 0 0 0 0 0 0 0 0 0 0 0 0 0 0 0 0 0 0 0 0 0 0 0 0 0 0 0 0 0 0 0 0 0 0 0 0 0 0 0 0 0 0 0 0 0 0 0 0 0 0 0 0 0 0 0 0 0 0 0 0 0 0 0 0 0 0 0 0 0 0 0 0 0 0 0 0 0 0 0 0 0 0 0 0 0 0 0 0 0 0 0 0 0 0 0 0 0 0 0 0 0 0 0 0 0 0 0 0 0 0 0 0 0 0 0 0 0 0 0 0 0 0 0 0 0 0 0 0 0 0 0 0 0 0 0 0 0 0 0 0 0 0 0 0 0 0 0 0 0 0 0 0 0 0 0 0 0 0 0 0 0 0 0 0 0 0 0 0 0 0 0 0 0 0 0 0 0 0 0 0 0 0 0 0 0 0 0 0 0 0 0 0 0 0 0 0 0 0 0 0 0 0 0 0 0 0 0 0 0 0 0 0 0 0 0 0 0 0 0 0 0 0 0 0 0 0 0 0 0 0 0 0 0 0 0 0 0 0 0 0 0 0 0 0 0 0 0 0 0 0 0 0 0 0 0 0 0 0 0 0 0 0 0 0 0 0 0 0 0 0 0 0 0 0 0 0 0 0 0 0 0 0 0 0 0 0 0 0 0 0 0 0 0 0 0 0 0 0 0 0 0 0 0 0 0 0 0 0 0 0 0 0 0 0 0 0 0 0 0 0 0 0 0 0 0 0 0 0 0 0 0 0 0 0 0 0 0 0 0 0 0 0 0 0 0 0 0 0 0 0 0 0 0 0 0 0 0 0 0 0 0 0 0 0 0 0 0 0 0 0 0 0 0 0 0 0 0 0 0 0 0 0 0 0 0 0 0 0 0 0 0 0 0 0 0 0 0 0 0 0 0 0 0 0 0 0 0 0 0 0 0 0 0 0 0 0 0 0 0 0 0 0 0 0 0 0 0 0 0 0 0 0 0 0 0 0 0 0 0 0 0 0 0 0 0 0 0 0 0 0 0 0 0 0 0 0 0 0 0 0 0 0 0 0 0 0 0 0 0 0 0 0 0 0 0 0 0 0 0 0 0 0 0 0 0 0 0 0 0 0 0 0 0 0 0 0 0 0 0 0 0 0 0 0 0 0 0 0 0 0 0 0 0 0 0 0 0 0 0 0 0 0 0 0 0 0 0 0 0 0 0 0 0 0 0 0 0 0 0 0 0 0 0 0 0 0 0 0 0 0 0 0 0 0 0 0 0 0 0 0 0 0 0 0 0 0 0 0 0 0 0 0 0 0 0 0 0 0 0 0 0 0 0 0 0 0 0 0 0 0 0 0 0 0 0 0 0 0 0 0 0 0 0 0 0 0 0 0 0 0 0 0 0 0 0 0 0 0 0 0 0 0 0 0 0 0 0 0 0 0 0 0 0 0 0 0 0 0 0 0 0 0 0 0 0 0 0 0 0 0 0 0 0 0 0 0 0 0 0 0 0 0 0 0 0 0 0 0 0 0 0 0 0 0 0 0 0 0 0 0 0 0 0 0 0 0 0 0 0 0 0 0 0 0 0 0 0 0 0 0 0 0 0 0 0 0 0 0 0 0 0 0 0 0 0 0 0 0 0 0 0 0 0 0 0 0 0 0 0 0 0 0 0 0 0 0 0 0 0 0 0 0 0 0 0 0 0 0 0 0 0 0 0 0 0 0 0 0 0 0 0 0 0 0 0 0 0 0 0 0 0 0 0 0 0 0 0 0 0 0 0 0 0 0 0 0 0 0 0 0 0 0 0 0 0 0 0 0 0 0 0 0 0 0 0 0 0 0 0 0 0 0 0 0 0 0 0 0 0 0 0 0 0 0 0 0 0 0 0 0 0 0 0 0 0 0 0 0 0 0 0 0 0 0 0 0 0 0 0 0 0 0 0 0 0 0 0 0 0 0 0 0 0 0 0 0 0 0 0 0 0 0 0 0 0 0 0 0 0 0 0 0 0 0 0 0 0 0 0 0 0 0 0 0 0 0 0 0 0 0 0 0 0 0 0 0 0 0 0 0 0 0 0 0 0 0 0 0 0 0 0 0 0 0 0 0 0 0 0 0 0 0 0 0 0 0 0 0 0 0 0 0 0 0 0 0 0 0 0 0 0 0 0 0 0 0 0 0 0 0 0 0 0 0 0 0 0 0 0 0 0 0 0 0 0 0 0 0 0 0 0 0 0 0 0 0 0 0 0 0 0 0 0 0 0 0 0 0 0 0 0 0 0 0 0 0 0 0 0 0 0 0 0 0 0 0 0 0 0 0 0 0 0 0 0 0 0 0 0 0 0 0 0 0 0 0 0 0 0 0 0 0 0 0 0 0 0 0 0 0 0 0 0 0 0 0 0 0 0 0 0 0 0 0 0 0 0 0 0 0 0 0 0 0 0 0 0 0 0 0 0 0 0 0 0 0 0 0 0 0 0 0 0 0 0 0 0 0 0 0 0 0 0 0 0 0 0 0 0 0 0 0 0 0 0 0 0 0 0 0 0 0 0 0 0 0 0 0 0 0 0 0 0 0 0 0 0 0 0 0 0 0 0 0 0 0 0 0 0 0 0 0 0 0 0 0 0 0 0 0 0 0 0 0 0 0 0 0 0 0 0 0 0 0 0 0 0 0 0 0 0 0 0 0 0 0 0 0 0 0 0 0 0 0 0 0 0 0 0 0 0 0 0 0 0 0 0 0 0 0 0 0 0 0 0 0 0 0 0 0 0 0 0 0 0 0 0 0 0 0 0 0 0 0 0 0 0 0 0 0 0 0 0 0 0 0 0 0 0 0 0 0 0 0 0 0 0 0 0 0 0 0 0 0 0 0 0 0 0 0 0 0 0 0 0 0 0 0 0 0 0 0 0 0 0 0 0 0 0 0 0 0 0 0 0 0 0 0 0 0 0 0 0 0 0 0 0 0 0 0 0 0 0 0 0 0 0 0 0 0 0 0 0 0 0 0 0 0 0 0 0 0 0 0 0 0 0 0 0 0 0 0 0 0 0 0 0 0 0 0 0 0 0 0 0 0 0 0 0 0 0 0 0 0 0 0 0 0 0 0 0 0 0 0 0 0 0 0 0 0 0 0 0 0 0 0 0 0 0 0 0 0 0 0 0 0 0 0 0 0 0 0 0 0 0 0 0 0 0 0 0 0 0 0 0 0 0 0 0 0 0 0 0 0 0 0 0 0 0 0 0 0 0 0 0 0 0 0 0 0 0 0 0 0 0 0 0 0 0 0 0 0 0 0 0 0 0 0 0 0 0 0 0 0 0 0 0 0 0 0 0 0 0 0 0 0 0 0 0 0 0 0 0 0 0 0 0 0 0 0 0 0 0 0 0 0 0 0 0 0 0 0 0 0 0 0 0 0 0 0 0 0 0 0 0 0 0 0 0 0 0 0 0 0 0 0 0 0 0 0 0 0 0 0 0 0 0 0 0 0 0 0 0 0 0 0 0 0 0 0 0 0 0 0 0 0 0 0 1 1 1 1 1 1 1 1 1 1 1 1 1 1 1 1 1 1 1 1 1 1 1 1 1 1 1 1 1 1 1 1 1 1 1 1 1 1 1 1 1 1 1 1 1 1 1 1 1 1 1 1 1 1 1 1 1 1 1 1 1 1 1 1 1 1 1 1 1 1 1 1 1 1 1 1 1 1 1 1 1 1 1 1 1 1 1 1 1 1 1 1 1 1 1 1 1 1 1 1 1 1 1 1 1 1 </DataArray>
        <DataArray type="Float64" Name="U" format="ascii" NumberOfComponents="4">1 0 0 1 1 0 0 1 1 0 0 1 1 0 0 1 1 0 0 1 1 0 0 1 1 0 0 1 1 0 0 1 1 0 0 1 1 0 0 1 1 0 0 1 1 0 0 1 1 0 0 1 1 0 0 1 1 0 0 1 1 0 0 1 1 0 0 1 1 0 0 1 1 0 0 1 1 0 0 1 1 0 0 1 1 0 0 1 1 0 0 1 1 0 0 1 1 0 0 1 1 0 0 1 1 0 0 1 1 0 0 1 1 0 0 1 1 0 0 1 1 0 0 1 1 0 0 1 1 0 0 1 1 0 0 1 1 0 0 1 1 0 0 1 1 0 0 1 1 0 0 1 1 0 0 1 1 0 0 1 1 0 0 1 1 0 0 1 1 0 0 1 1 0 0 1 1 0 0 1 1 0 0 1 1 0 0 1 1 0 0 1 1 0 0 1 1 0 0 1 1 0 0 1 1 0 0 1 1 0 0 1 1 0 0 1 1 0 0 1 1 0 0 1 1 0 0 1 1 0 0 1 1 0 0 1 1 0 0 1 1 0 0 1 1 0 0 1 1 0 0 1 1 0 0 1 1 0 0 1 1 0 0 1 1 0 0 1 1 0 0 1 1 0 0 1 1 0 0 1 1 0 0 1 1 0 0 1 1 0 0 1 1 0 0 1 1 0 0 1 1 0 0 1 1 0 0 1 1 0 0 1 1 0 0 1 1 0 0 1 1 0 0 1 1 0 0 1 1 0 0 1 1 0 0 1 1 0 0 1 1 0 0 1 1 0 0 1 1 0 0 1 1 0 0 1 1 0 0 1 1 0 0 1 1 0 0 1 1 0 0 1 1 0 0 1 1 0 0 1 1 0 0 1 1 0 0 1 1 0 0 1 1 0 0 1 1 0 0 1 1 0 0 1 1 0 0 1 1 0 0 1 1 0 0 1 1 0 0 1 1 0 0 1 1 0 0 1 1 0 0 1 1 0 0 1 1 0 0 1 1 0 0 1 1 0 0 1 1 0 0 1 1 0 0 1 1 0 0 1 1 0 0 1 1 0 0 1 1 0 0 1 1 0 0 1 1 0 0 1 1 0 0 1 1 0 0 1 1 0 0 1 1 0 0 1 1 0 0 1 1 0 0 1 1 0 0 1 1 0 0 1 1 0 0 1 1 0 0 1 1 0 0 1 1 0 0 1 1 0 0 1 1 0 0 1 1 0 0 1 1 0 0 1 1 0 0 1 1 0 0 1 1 0 0 1 1 0 0 1 1 0 0 1 1 0 0 1 1 0 0 1 1 0 0 1 1 0 0 1 1 0 0 1 1 0 0 1 1 0 0 1 1 0 0 1 1 0 0 1 1 0 0 1 1 0 0 1 1 0 0 1 1 0 0 1 1 0 0 1 1 0 0 1 1 0 0 1 1 0 0 1 1 0 0 1 1 0 0 1 1 0 0 1 1 0 0 1 1 0 0 1 1 0 0 1 1 0 0 1 1 0 0 1 1 0 0 1 1 0 0 1 1 0 0 1 1 0 0 1 1 0 0 1 1 0 0 1 1 0 0 1 1 0 0 1 1 0 0 1 1 0 0 1 1 0 0 1 1 0 0 1 1 0 0 1 1 0 0 1 1 0 0 1 1 0 0 1 1 0 0 1 1 0 0 1 1 0 0 1 1 0 0 1 1 0 0 1 1 0 0 1 1 0 0 1 1 0 0 1 1 0 0 1 1 0 0 1 1 0 0 1 1 0 0 1 1 0 0 1 1 0 0 1 1 0 0 1 1 0 0 1 1 0 0 1 1 0 0 1 1 0 0 1 1 0 0 1 1 0 0 1 1 0 0 1 1 0 0 1 1 0 0 1 1 0 0 1 1 0 0 1 1 0 0 1 1 0 0 1 1 0 0 1 1 0 0 1 1 0 0 1 1 0 0 1 1 0 0 1 1 0 0 1 1 0 0 1 1 0 0 1 1 0 0 1 1 0 0 1 1 0 0 1 1 0 0 1 1 0 0 1 1 0 0 1 1 0 0 1 1 0 0 1 1 0 0 1 1 0 0 1 1 0 0 1 1 0 0 1 1 0 0 1 1 0 0 1 1 0 0 1 1 0 0 1 1 0 0 1 1 0 0 1 1 0 0 1 1 0 0 1 1 0 0 1 1 0 0 1 1 0 0 1 1 0 0 1 1 0 0 1 1 0 0 1 1 0 0 1 1 0 0 1 1 0 0 1 1 0 0 1 1 0 0 1 1 0 0 1 1 0 0 1 1 0 0 1 1 0 0 1 1 0 0 1 1 0 0 1 1 0 0 1 1 0 0 1 1 0 0 1 1 0 0 1 1 0 0 1 1 0 0 1 1 0 0 1 1 0 0 1 1 0 0 1 1 0 0 1 1 0 0 1 1 0 0 1 1 0 0 1 1 0 0 1 1 0 0 1 1 0 0 1 1 0 0 1 1 0 0 1 1 0 0 1 1 0 0 1 1 0 0 1 1 0 0 1 1 0 0 1 1 0 0 1 1 0 0 1 1 0 0 1 1 0 0 1 1 0 0 1 1 0 0 1 1 0 0 1 1 0 0 1 1 0 0 1 1 0 0 1 1 0 0 1 1 0 0 1 1 0 0 1 1 0 0 1 1 0 0 1 1 0 0 1 1 0 0 1 1 0 0 1 1 0 0 1 1 0 0 1 1 0 0 1 1 0 0 1 1 0 0 1 1 0 0 1 1 0 0 1 1 0 0 1 1 0 0 1 1 0 0 1 1 0 0 1 1 0 0 1 1 0 0 1 1 0 0 1 1 0 0 1 1 0 0 1 1 0 0 1 1 0 0 1 1 0 0 1 1 0 0 1 1 0 0 1 1 0 0 1 1 0 0 1 1 0 0 1 1 0 0 1 1 0 0 1 1 0 0 1 1 0 0 1 1 0 0 1 1 0 0 1 1 0 0 1 1 0 0 1 1 0 0 1 1 0 0 1 1 0 0 1 1 0 0 1 1 0 0 1 1 0 0 1 1 0 0 1 1 0 0 1 1 0 0 1 1 0 0 1 1 0 0 1 1 0 0 1 1 0 0 1 1 0 0 1 1 0 0 1 1 0 0 1 1 0 0 1 1 0 0 1 1 0 0 1 1 0 0 1 1 0 0 1 1 0 0 1 1 0 0 1 1 0 0 1 1 0 0 1 1 0 0 1 1 0 0 1 1 0 0 1 1 0 0 1 1 0 0 1 1 0 0 1 1 0 0 1 1 0 0 1 1 0 0 1 1 0 0 1 1 0 0 1 1 0 0 1 1 0 0 1 1 0 0 1 1 0 0 1 1 0 0 1 1 0 0 1 1 0 0 1 1 0 0 1 1 0 0 1 1 0 0 1 1 0 0 1 1 0 0 1 1 0 0 1 1 0 0 1 1 0 0 1 1 0 0 1 1 0 0 1 1 0 0 1 1 0 0 1 1 0 0 1 1 0 0 1 1 0 0 1 1 0 0 1 1 0 0 1 1 0 0 1 1 0 0 1 1 0 0 1 1 0 0 1 1 0 0 1 1 0 0 1 1 0 0 1 1 0 0 1 1 0 0 1 1 0 0 1 1 0 0 1 1 0 0 1 1 0 0 1 1 0 0 1 1 0 0 1 1 0 0 1 1 0 0 1 1 0 0 1 1 0 0 1 1 0 0 1 1 0 0 1 1 0 0 1 1 0 0 1 1 0 0 1 1 0 0 1 1 0 0 1 1 0 0 1 1 0 0 1 1 0 0 1 1 0 0 1 1 0 0 1 1 0 0 1 1 0 0 1 1 0 0 1 1 0 0 1 1 0 0 1 1 0 0 1 1 0 0 1 1 0 0 1 1 0 0 1 1 0 0 1 1 0 0 1 1 0 0 1 1 0 0 1 1 0 0 1 1 0 0 1 1 0 0 1 1 0 0 1 1 0 0 1 1 0 0 1 1 0 0 1 1 0 0 1 1 0 0 1 1 0 0 1 1 0 0 1 1 0 0 1 1 0 0 1 1 0 0 1 1 0 0 1 1 0 0 1 1 0 0 1 1 0 0 1 1 0 0 1 1 0 0 1 1 0 0 1 1 0 0 1 1 0 0 1 1 0 0 1 1 0 0 1 1 0 0 1 1 0 0 1 1 0 0 1 1 0 0 1 1 0 0 1 1 0 0 1 1 0 0 1 1 0 0 1 1 0 0 1 1 0 0 1 1 0 0 1 1 0 0 1 1 0 0 1 1 0 0 1 1 0 0 1 1 0 0 1 1 0 0 1 1 0 0 1 1 0 0 1 1 0 0 1 1 0 0 1 1 0 0 1 1 0 0 1 1 0 0 1 1 0 0 1 1 0 0 1 1 0 0 1 1 0 0 1 1 0 0 1 1 0 0 1 1 0 0 1 1 0 0 1 1 0 0 1 1 0 0 1 1 0 0 1 1 0 0 1 1 0 0 1 1 0 0 1 1 0 0 1 1 0 0 1 1 0 0 1 1 0 0 1 1 0 0 1 1 0 0 1 1 0 0 1 1 0 0 1 1 0 0 1 1 0 0 1 1 0 0 1 1 0 0 1 1 0 0 1 1 0 0 1 1 0 0 1 1 0 0 1 1 0 0 1 1 0 0 1 1 0 0 1 1 0 0 1 1 0 0 1 1 0 0 1 1 0 0 1 1 0 0 1 1 0 0 1 1 0 0 1 1 0 0 1 1 0 0 1 1 0 0 1 1 0 0 1 1 0 0 1 1 0 0 1 1 0 0 1 1 0 0 1 1 0 0 1 1 0 0 1 1 0 0 1 1 0 0 1 1 0 0 1 1 0 0 1 1 0 0 1 1 0 0 1 1 0 0 1 1 0 0 1 1 0 0 1 1 0 0 1 1 0 0 1 1 0 0 1 1 0 0 1 1 0 0 1 1 0 0 1 1 0 0 1 1 0 0 1 1 0 0 1 1 0 0 1 1 0 0 1 1 0 0 1 1 0 0 1 1 0 0 1 1 0 0 1 1 0 0 1 1 0 0 1 1 0 0 1 1 0 0 1 1 0 0 1 1 0 0 1 1 0 0 1 1 0 0 1 1 0 0 1 1 0 0 1 1 0 0 1 1 0 0 1 1 0 0 1 1 0 0 1 1 0 0 1 1 0 0 1 1 0 0 1 1 0 0 1 1 0 0 1 1 0 0 1 1 0 0 1 1 0 0 1 1 0 0 1 1 0 0 1 1 0 0 1 1 0 0 1 1 0 0 1 1 0 0 1 1 0 0 1 1 0 0 1 1 0 0 1 1 0 0 1 1 0 0 1 1 0 0 1 1 0 0 1 1 0 0 1 1 0 0 1 1 0 0 1 1 0 0 1 1 0 0 1 1 0 0 1 1 0 0 1 1 0 0 1 1 0 0 1 1 0 0 1 1 0 0 1 1 0 0 1 1 0 0 1 1 0 0 1 1 0 0 1 1 0 0 1 1 0 0 1 1 0 0 1 1 0 0 1 1 0 0 1 1 0 0 1 1 0 0 1 1 0 0 1 1 0 0 1 1 0 0 1 1 0 0 1 1 0 0 1 1 0 0 1 1 0 0 1 1 0 0 1 1 0 0 1 1 0 0 1 1 0 0 1 1 0 0 1 1 0 0 1 1 0 0 1 1 0 0 1 1 0 0 1 1 0 0 1 1 0 0 1 1 0 0 1 1 0 0 1 1 0 0 1 1 0 0 1 1 0 0 1 1 0 0 1 1 0 0 1 1 0 0 1 1 0 0 1 1 0 0 1 1 0 0 1 1 0 0 1 1 0 0 1 1 0 0 1 1 0 0 1 1 0 0 1 1 0 0 1 1 0 0 1 1 0 0 1 1 0 0 1 1 0 0 1 1 0 0 1 1 0 0 1 1 0 0 1 1 0 0 1 1 0 0 1 1 0 0 1 1 0 0 1 1 0 0 1 1 0 0 1 1 0 0 1 1 0 0 1 1 0 0 1 1 0 0 1 1 0 0 1 1 0 0 1 1 0 0 1 1 0 0 1 1 0 0 1 1 0 0 1 1 0 0 1 1 0 0 1 1 0 0 1 1 0 0 1 1 0 0 1 1 0 0 1 1 0 0 1 1 0 0 1 1 0 0 1 1 0 0 1 1 0 0 1 1 0 0 1 1 0 0 1 1 0 0 1 1 0 0 1 1 0 0 1 1 0 0 1 1 0 0 1 1 0 0 1 1 0 0 1 1 0 0 1 1 0 0 1 1 0 0 1 1 0 0 1 1 0 0 1 1 0 0 1 1 0 0 1 1 0 0 1 1 0 0 1 1 0 0 1 1 0 0 1 1 0 0 1 1 0 0 1 1 0 0 1 1 0 0 1 1 0 0 1 1 0 0 1 1 0 0 1 1 0 0 1 1 0 0 1 1 0 0 1 1 0 0 1 1 0 0 1 1 0 0 1 1 0 0 1 1 0 0 1 1 0 0 1 1 0 0 1 1 0 0 1 1 0 0 1 1 0 0 1 1 0 0 1 1 0 0 1 1 0 0 1 1 0 0 1 1 0 0 1 1 0 0 1 1 0 0 1 1 0 0 1 1 0 0 1 1 0 0 1 1 0 0 1 1 0 0 1 1 0 0 1 1 0 0 1 1 0 0 1 1 0 0 1 1 0 0 1 1 0 0 1 1 0 0 1 1 0 0 1 1 0 0 1 1 0 0 1 1 0 0 1 1 0 0 1 1 0 0 1 1 0 0 1 1 0 0 1 1 0 0 1 1 0 0 1 1 0 0 1 1 0 0 1 1 0 0 1 1 0 0 1 1 0 0 1 1 0 0 1 1 0 0 1 1 0 0 1 1 0 0 1 1 0 0 1 1 0 0 1 1 0 0 1 1 0 0 1 1 0 0 1 1 0 0 1 1 0 0 1 1 0 0 1 1 0 0 1 1 0 0 1 1 0 0 1 1 0 0 1 1 0 0 1 1 0 0 1 1 0 0 1 1 0 0 1 1 0 0 1 1 0 0 1 1 0 0 1 1 0 0 1 1 0 0 1 1 0 0 1 1 0 0 1 1 0 0 1 1 0 0 1 1 0 0 1 1 0 0 1 1 0 0 1 1 0 0 1 1 0 0 1 1 0 0 1 1 0 0 1 1 0 0 1 1 0 0 1 1 0 0 1 1 0 0 1 1 0 0 1 1 0 0 1 1 0 0 1 1 0 0 1 1 0 0 1 1 0 0 1 1 0 0 1 1 0 0 1 1 0 0 1 1 0 0 1 1 0 0 1 1 0 0 1 1 0 0 1 1 0 0 1 1 0 0 1 1 0 0 1 1 0 0 1 1 0 0 1 1 0 0 1 1 0 0 1 1 0 0 1 1 0 0 1 1 0 0 1 1 0 0 1 1 0 0 1 1 0 0 1 1 0 0 1 1 0 0 1 1 0 0 1 1 0 0 1 1 0 0 1 1 0 0 1 1 0 0 1 1 0 0 1 1 0 0 1 1 0 0 1 1 0 0 1 1 0 0 1 1 0 0 1 1 0 0 1 1 0 0 1 1 0 0 1 1 0 0 1 1 0 0 1 1 0 0 1 1 0 0 1 1 0 0 1 1 0 0 1 1 0 0 1 1 0 0 1 1 0 0 1 1 0 0 1 1 0 0 1 1 0 0 1 1 0 0 1 1 0 0 1 1 0 0 1 1 0 0 1 1 0 0 1 1 0 0 1 1 0 0 1 1 0 0 1 1 0 0 1 1 0 0 1 1 0 0 1 1 0 0 1 1 0 0 1 1 0 0 1 1 0 0 1 1 0 0 1 1 0 0 1 1 0 0 1 1 0 0 1 1 0 0 1 1 0 0 1 1 0 0 1 1 0 0 1 1 0 0 1 1 0 0 1 1 0 0 1 1 0 0 1 1 0 0 1 1 0 0 1 1 0 0 1 1 0 0 1 1 0 0 1 1 0 0 1 1 0 0 1 1 0 0 1 1 0 0 1 1 0 0 1 1 0 0 1 1 0 0 1 1 0 0 1 1 0 0 1 1 0 0 1 1 0 0 1 1 0 0 1 1 0 0 1 1 0 0 1 1 0 0 1 1 0 0 1 1 0 0 1 1 0 0 1 1 0 0 1 1 0 0 1 1 0 0 1 1 0 0 1 1 0 0 1 1 0 0 1 1 0 0 1 1 0 0 1 1 0 0 1 1 0 0 1 1 0 0 1 1 0 0 1 1 0 0 1 1 0 0 1 1 0 0 1 1 0 0 1 1 0 0 1 1 0 0 1 1 0 0 1 1 0 0 1 1 0 0 1 1 0 0 1 1 0 0 1 1 0 0 1 1 0 0 1 1 0 0 1 1 0 0 1 1 0 0 1 1 0 0 1 1 0 0 1 1 0 0 1 1 0 0 1 1 0 0 1 1 0 0 1 1 0 0 1 1 0 0 1 1 0 0 1 1 0 0 1 1 0 0 1 1 0 0 1 1 0 0 1 1 0 0 1 1 0 0 1 1 0 0 1 1 0 0 1 1 0 0 1 1 0 0 1 1 0 0 1 1 0 0 1 1 0 0 1 1 0 0 1 1 0 0 1 1 0 0 1 1 0 0 1 1 0 0 1 1 0 0 1 1 0 0 1 1 0 0 1 1 0 0 1 1 0 0 1 1 0 0 1 1 0 0 1 1 0 0 1 1 0 0 1 1 0 0 1 1 0 0 1 1 0 0 1 1 0 0 1 1 0 0 1 1 0 0 1 1 0 0 1 1 0 0 1 1 0 0 1 1 0 0 1 1 0 0 1 1 0 0 1 1 0 0 1 1 0 0 1 1 0 0 1 1 0 0 1 1 0 0 1 1 0 0 1 1 0 0 1 1 0 0 1 1 0 0 1 1 0 0 1 1 0 0 1 1 0 0 1 1 0 0 1 1 0 0 1 1 0 0 1 1 0 0 1 1 0 0 1 1 0 0 1 1 0 0 1 1 0 0 1 1 0 0 1 1 0 0 1 1 0 0 1 1 0 0 1 1 0 0 1 1 0 0 1 1 0 0 1 1 0 0 1 1 0 0 1 1 0 0 1 1 0 0 1 1 0 0 1 1 0 0 1 1 0 0 1 1 0 0 1 1 0 0 1 1 0 0 1 1 0 0 1 1 0 0 1 1 0 0 1 1 0 0 1 1 0 0 1 1 0 0 1 1 0 0 1 1 0 0 1 1 0 0 1 1 0 0 1 1 0 0 1 1 0 0 1 1 0 0 1 1 0 0 1 1 0 0 1 1 0 0 1 1 0 0 1 1 0 0 1 1 0 0 1 1 0 0 1 1 0 0 1 1 0 0 1 1 0 0 1 1 0 0 1 1 0 0 1 1 0 0 1 1 0 0 1 1 0 0 1 1 0 0 1 1 0 0 1 1 0 0 1 1 0 0 1 1 0 0 1 1 0 0 1 1 0 0 1 1 0 0 1 1 0 0 1 1 0 0 1 1 0 0 1 1 0 0 1 1 0 0 1 1 0 0 1 1 0 0 1 1 0 0 1 1 0 0 1 1 0 0 1 1 0 0 1 1 0 0 1 1 0 0 1 1 0 0 1 1 0 0 1 1 0 0 1 1 0 0 1 1 0 0 1 1 0 0 1 1 0 0 1 1 0 0 1 1 0 0 1 1 0 0 1 1 0 0 1 1 0 0 1 1 0 0 1 1 0 0 1 1 0 0 1 1 0 0 1 1 0 0 1 1 0 0 1 1 0 0 1 1 0 0 1 1 0 0 1 1 0 0 1 1 0 0 1 1 0 0 1 1 0 0 1 1 0 0 1 1 0 0 1 1 0 0 1 1 0 0 1 1 0 0 1 1 0 0 1 1 0 0 1 1 0 0 1 1 0 0 1 1 0 0 1 1 0 0 1 1 0 0 1 1 0 0 1 1 0 0 1 1 0 0 1 1 0 0 1 1 0 0 1 1 0 0 1 1 0 0 1 1 0 0 1 1 0 0 1 1 0 0 1 1 0 0 1 1 0 0 1 1 0 0 1 1 0 0 1 1 0 0 1 1 0 0 1 1 0 0 1 1 0 0 1 1 0 0 1 1 0 0 1 1 0 0 1 1 0 0 1 1 0 0 1 1 0 0 1 1 0 0 1 1 0 0 1 1 0 0 1 1 0 0 1 1 0 0 1 1 0 0 1 1 0 0 1 1 0 0 1 1 0 0 1 1 0 0 1 1 0 0 1 1 0 0 1 1 0 0 1 1 0 0 1 1 0 0 1 1 0 0 1 1 0 0 1 1 0 0 1 1 0 0 1 1 0 0 1 1 0 0 1 1 0 0 1 1 0 0 1 1 0 0 1 1 0 0 1 1 0 0 1 1 0 0 1 1 0 0 1 1 0 0 1 1 0 0 1 1 0 0 1 1 0 0 1 1 0 0 1 1 0 0 1 1 0 0 1 1 0 0 1 1 0 0 1 1 0 0 1 1 0 0 1 1 0 0 1 1 0 0 1 1 0 0 1 1 0 0 1 1 0 0 1 1 0 0 1 1 0 0 1 1 0 0 1 1 0 0 1 1 0 0 1 1 0 0 1 1 0 0 1 1 0 0 1 1 0 0 1 1 0 0 1 1 0 0 1 1 0 0 1 1 0 0 1 1 0 0 1 1 0 0 1 1 0 0 1 1 0 0 1 1 0 0 1 1 0 0 1 1 0 0 1 1 0 0 1 1 0 0 1 1 0 0 1 1 0 0 1 1 0 0 1 1 0 0 1 1 0 0 1 1 0 0 1 1 0 0 1 1 0 0 1 1 0 0 1 1 0 0 1 1 0 0 1 1 0 0 1 1 0 0 1 1 0 0 1 1 0 0 1 1 0 0 1 1 0 0 1 1 0 0 1 1 0 0 1 1 0 0 1 1 0 0 1 1 0 0 1 1 0 0 1 1 0 0 1 1 0 0 1 1 0 0 1 1 0 0 1 1 0 0 1 1 0 0 1 1 0 0 1 1 0 0 1 1 0 0 1 1 0 0 1 1 0 0 1 1 0 0 1 1 0 0 1 1 0 0 1 1 0 0 1 1 0 0 1 1 0 0 1 1 0 0 1 1 0 0 1 1 0 0 1 1 0 0 1 1 0 0 1 1 0 0 1 1 0 0 1 1 0 0 1 1 0 0 1 1 0 0 1 1 0 0 1 1 0 0 1 1 0 0 1 1 0 0 1 1 0 0 1 1 0 0 1 1 0 0 1 1 0 0 1 1 0 0 1 1 0 0 1 1 0 0 1 1 0 0 1 1 0 0 1 1 0 0 1 1 0 0 1 1 0 0 1 1 0 0 1 1 0 0 1 1 0 0 1 1 0 0 1 1 0 0 1 1 0 0 1 1 0 0 1 1 0 0 1 1 0 0 1 1 0 0 1 1 0 0 1 1 0 0 1 1 0 0 1 1 0 0 1 1 0 0 1 1 0 0 1 1 0 0 1 1 0 0 1 1 0 0 1 1 0 0 1 1 0 0 1 1 0 0 1 1 0 0 1 1 0 0 1 1 0 0 1 1 0 0 1 1 0 0 1 1 0 0 1 1 0 0 1 1 0 0 1 1 0 0 1 1 0 0 1 1 0 0 1 1 0 0 1 1 0 0 1 1 0 0 1 1 0 0 1 1 0 0 1 1 0 0 1 1 0 0 1 1 0 0 1 1 0 0 1 1 0 0 1 1 0 0 1 1 0 0 1 1 0 0 1 1 0 0 1 1 0 0 1 1 0 0 1 1 0 0 1 1 0 0 1 1 0 0 1 1 0 0 1 1 0 0 1 1 0 0 1 1 0 0 1 1 0 0 1 1 0 0 1 1 0 0 1 1 0 0 1 1 0 0 1 1 0 0 1 1 0 0 1 1 0 0 1 1 0 0 1 1 0 0 1 1 0 0 1 1 0 0 1 1 0 0 1 1 0 0 1 1 0 0 1 1 0 0 1 1 0 0 1 1 0 0 1 1 0 0 1 1 0 0 1 1 0 0 1 1 0 0 1 1 0 0 1 1 0 0 1 1 0 0 1 1 0 0 1 1 0 0 1 1 0 0 1 1 0 0 1 1 0 0 1 1 0 0 1 1 0 0 1 1 0 0 1 1 0 0 1 1 0 0 1 1 0 0 1 1 0 0 1 1 0 0 1 1 0 0 1 1 0 0 1 1 0 0 1 1 0 0 1 1 0 0 1 1 0 0 1 1 0 0 1 1 0 0 1 1 0 0 1 1 0 0 1 1 0 0 1 1 0 0 1 1 0 0 1 1 0 0 1 1 0 0 1 1 0 0 1 1 0 0 1 1 0 0 1 1 0 0 1 1 0 0 1 1 0 0 1 1 0 0 1 1 0 0 1 1 0 0 1 1 0 0 1 1 0 0 1 1 0 0 1 1 0 0 1 1 0 0 1 1 0 0 1 1 0 0 1 1 0 0 1 1 0 0 1 1 0 0 1 1 0 0 1 1 0 0 1 1 0 0 1 1 0 0 1 1 0 0 1 1 0 0 1 1 0 0 1 1 0 0 1 1 0 0 1 1 0 0 1 1 0 0 1 1 0 0 1 1 0 0 1 1 0 0 1 1 0 0 1 1 0 0 1 1 0 0 1 1 0 0 1 1 0 0 1 1 0 0 1 1 0 0 1 1 0 0 1 1 0 0 1 1 0 0 1 1 0 0 1 1 0 0 1 1 0 0 1 1 0 0 1 1 0 0 1 1 0 0 1 1 0 0 1 1 0 0 1 1 0 0 1 1 0 0 1 1 0 0 1 1 0 0 1 1 0 0 1 1 0 0 1 1 0 0 1 1 0 0 1 1 0 0 1 1 0 0 1 1 0 0 1 1 0 0 1 1 0 0 1 1 0 0 1 1 0 0 1 1 0 0 1 1 0 0 1 1 0 0 1 1 0 0 1 1 0 0 1 1 0 0 1 1 0 0 1 1 0 0 1 1 0 0 1 1 0 0 1 1 0 0 1 1 0 0 1 1 0 0 1 1 0 0 1 1 0 0 1 1 0 0 1 1 0 0 1 1 0 0 1 1 0 0 1 1 0 0 1 1 0 0 1 1 0 0 1 1 0 0 1 1 0 0 1 1 0 0 1 1 0 0 1 1 0 0 1 1 0 0 1 1 0 0 1 1 0 0 1 1 0 0 1 1 0 0 1 1 0 0 1 1 0 0 1 1 0 0 1 1 0 0 1 1 0 0 1 1 0 0 1 1 0 0 1 1 0 0 1 1 0 0 1 1 0 0 1 1 0 0 1 1 0 0 1 1 0 0 1 1 0 0 1 1 0 0 1 1 0 0 1 1 0 0 1 1 0 0 1 1 0 0 1 1 0 0 1 1 0 0 1 1 0 0 1 1 0 0 1 1 0 0 1 1 0 0 1 1 0 0 1 1 0 0 1 1 0 0 1 1 0 0 1 1 0 0 1 1 0 0 1 1 0 0 1 1 0 0 1 1 0 0 1 1 0 0 1 1 0 0 1 1 0 0 1 1 0 0 1 1 0 0 1 1 0 0 1 1 0 0 1 1 0 0 1 1 0 0 1 1 0 0 1 1 0 0 1 1 0 0 1 1 0 0 1 1 0 0 1 1 0 0 1 1 0 0 1 1 0 0 1 1 0 0 1 1 0 0 1 1 0 0 1 1 0 0 1 1 0 0 1 1 0 0 1 1 0 0 1 1 0 0 1 1 0 0 1 1 0 0 1 1 0 0 1 1 0 0 1 1 0 0 1 1 0 0 1 1 0 0 1 1 0 0 1 1 0 0 1 1 0 0 1 1 0 0 1 1 0 0 1 1 0 0 1 1 0 0 1 1 0 0 1 1 0 0 1 1 0 0 1 1 0 0 1 1 0 0 1 1 0 0 1 1 0 0 1 1 0 0 1 1 0 0 1 1 0 0 1 1 0 0 1 1 0 0 1 1 0 0 1 1 0 0 1 1 0 0 1 1 0 0 1 1 0 0 1 1 0 0 1 1 0 0 1 1 0 0 1 1 0 0 1 1 0 0 1 1 0 0 1 1 0 0 1 1 0 0 1 1 0 0 1 1 0 0 1 1 0 0 1 1 0 0 1 1 0 0 1 1 0 0 1 1 0 0 1 1 0 0 1 1 0 0 1 1 0 0 1 1 0 0 1 1 0 0 1 1 0 0 1 1 0 0 1 1 0 0 1 1 0 0 1 1 0 0 1 1 0 0 1 1 0 0 1 1 0 0 1 1 0 0 1 1 0 0 1 1 0 0 1 1 0 0 1 1 0 0 1 1 0 0 1 1 0 0 1 1 0 0 1 1 0 0 1 1 0 0 1 1 0 0 1 1 0 0 1 1 0 0 1 1 0 0 1 1 0 0 1 1 0 0 1 1 0 0 1 1 0 0 1 1 0 0 1 1 0 0 1 1 0 0 1 1 0 0 1 1 0 0 1 1 0 0 1 1 0 0 1 1 0 0 1 1 0 0 1 1 0 0 1 1 0 0 1 1 0 0 1 1 0 0 1 1 0 0 1 1 0 0 1 1 0 0 1 1 0 0 1 1 0 0 1 1 0 0 1 1 0 0 1 1 0 0 1 1 0 0 1 1 0 0 1 1 0 0 1 1 0 0 1 1 0 0 1 1 0 0 1 1 0 0 1 1 0 0 1 1 0 0 1 1 0 0 1 1 0 0 1 1 0 0 1 1 0 0 1 1 0 0 1 1 0 0 1 1 0 0 1 1 0 0 1 1 0 0 1 1 0 0 1 1 0 0 1 1 0 0 1 1 0 0 1 1 0 0 1 1 0 0 1 1 0 0 1 1 0 0 1 1 0 0 1 1 0 0 1 1 0 0 1 1 0 0 1 1 0 0 1 1 0 0 1 1 0 0 1 1 0 0 1 1 0 0 1 1 0 0 1 1 0 0 1 1 0 0 1 1 0 0 1 1 0 0 1 1 0 0 1 1 0 0 1 1 0 0 1 1 0 0 1 1 0 0 1 1 0 0 1 1 0 0 1 1 0 0 1 1 0 0 1 1 0 0 1 1 0 0 1 1 0 0 1 1 0 0 1 1 0 0 1 1 0 0 1 1 0 0 1 1 0 0 1 1 0 0 1 1 0 0 1 1 0 0 1 1 0 0 1 1 0 0 1 1 0 0 1 1 0 0 1 1 0 0 1 1 0 0 1 1 0 0 1 1 0 0 1 1 0 0 1 1 0 0 1 1 0 0 1 1 0 0 1 1 0 0 1 1 0 0 1 1 0 0 1 1 0 0 1 1 0 0 1 1 0 0 1 1 0 0 1 1 0 0 1 1 0 0 1 1 0 0 1 1 0 0 1 1 0 0 1 1 0 0 1 1 0 0 1 1 0 0 1 1 0 0 1 1 0 0 1 1 0 0 1 1 0 0 1 1 0 0 1 1 0 0 1 1 0 0 1 1 0 0 1 1 0 0 1 1 0 0 1 1 0 0 1 1 0 0 1 1 0 0 1 1 0 0 1 1 0 0 1 1 0 0 1 1 0 0 1 1 0 0 1 1 0 0 1 1 0 0 1 1 0 0 1 1 0 0 1 1 0 0 1 1 0 0 1 1 0 0 1 1 0 0 1 1 0 0 1 1 0 0 1 1 0 0 1 1 0 0 1 1 0 0 1 1 0 0 1 1 0 0 1 1 0 0 1 1 0 0 1 1 0 0 1 1 0 0 1 1 0 0 1 1 0 0 1 1 0 0 1 1 0 0 1 1 0 0 1 1 0 0 1 1 0 0 1 1 0 0 1 1 0 0 1 1 0 0 1 1 0 0 1 1 0 0 1 1 0 0 1 1 0 0 1 1 0 0 1 1 0 0 1 1 0 0 1 1 0 0 1 1 0 0 1 1 0 0 1 1 0 0 1 1 0 0 1 1 0 0 1 1 0 0 1 1 0 0 1 1 0 0 1 1 0 0 1 1 0 0 1 1 0 0 1 1 0 0 1 1 0 0 1 1 0 0 1 1 0 0 1 1 0 0 1 1 0 0 1 1 0 0 1 1 0 0 1 1 0 0 1 1 0 0 1 1 0 0 1 1 0 0 1 1 0 0 1 1 0 0 1 1 0 0 1 1 0 0 1 1 0 0 1 1 0 0 1 1 0 0 1 1 0 0 1 1 0 0 1 1 0 0 1 1 0 0 1 1 0 0 1 1 0 0 1 1 0 0 1 1 0 0 1 1 0 0 1 1 0 0 1 1 0 0 1 1 0 0 1 1 0 0 1 1 0 0 1 1 0 0 1 1 0 0 1 1 0 0 1 1 0 0 1 1 0 0 1 1 0 0 1 1 0 0 1 1 0 0 1 1 0 0 1 1 0 0 1 1 0 0 1 1 0 0 1 1 0 0 1 1 0 0 1 1 0 0 1 1 0 0 1 1 0 0 1 1 0 0 1 1 0 0 1 1 0 0 1 1 0 0 1 1 0 0 1 1 0 0 1 1 0 0 1 1 0 0 1 1 0 0 1 1 0 0 1 1 0 0 1 1 0 0 1 1 0 0 1 1 0 0 1 1 0 0 1 1 0 0 1 1 0 0 1 1 0 0 1 1 0 0 1 1 0 0 1 1 0 0 1 1 0 0 1 1 0 0 1 1 0 0 1 1 0 0 1 1 0 0 1 1 0 0 1 1 0 0 1 1 0 0 1 1 0 0 1 1 0 0 1 1 0 0 1 1 0 0 1 1 0 0 1 1 0 0 1 1 0 0 1 1 0 0 1 1 0 0 1 1 0 0 1 1 0 0 1 1 0 0 1 1 0 0 1 1 0 0 1 1 0 0 1 1 0 0 1 1 0 0 1 1 0 0 1 1 0 0 1 1 0 0 1 1 0 0 1 1 0 0 1 1 0 0 1 1 0 0 1 1 0 0 1 1 0 0 1 1 0 0 1 1 0 0 1 1 0 0 1 1 0 0 1 1 0 0 1 1 0 0 1 1 0 0 1 1 0 0 1 1 0 0 1 1 0 0 1 1 0 0 1 1 0 0 1 1 0 0 1 1 0 0 1 1 0 0 1 1 0 0 1 1 0 0 1 1 0 0 1 1 0 0 1 1 0 0 1 1 0 0 1 1 0 0 1 1 0 0 1 1 0 0 1 1 0 0 1 1 0 0 1 1 0 0 1 1 0 0 1 1 0 0 1 1 0 0 1 1 0 0 1 1 0 0 1 1 0 0 1 1 0 0 1 1 0 0 1 1 0 0 1 1 0 0 1 1 0 0 1 1 0 0 1 1 0 0 1 1 0 0 1 1 0 0 1 1 0 0 1 1 0 0 1 1 0 0 1 1 0 0 1 1 0 0 1 1 0 0 1 0.125 0 0 0.1 0.125 0 0 0.1 0.125 0 0 0.1 0.125 0 0 0.1 0.125 0 0 0.1 0.125 0 0 0.1 0.125 0 0 0.1 0.125 0 0 0.1 0.125 0 0 0.1 0.125 0 0 0.1 0.125 0 0 0.1 0.125 0 0 0.1 0.125 0 0 0.1 0.125 0 0 0.1 0.125 0 0 0.1 0.125 0 0 0.1 0.125 0 0 0.1 0.125 0 0 0.1 0.125 0 0 0.1 0.125 0 0 0.1 0.125 0 0 0.1 0.125 0 0 0.1 0.125 0 0 0.1 0.125 0 0 0.1 0.125 0 0 0.1 0.125 0 0 0.1 0.125 0 0 0.1 0.125 0 0 0.1 0.125 0 0 0.1 0.125 0 0 0.1 0.125 0 0 0.1 0.125 0 0 0.1 0.125 0 0 0.1 0.125 0 0 0.1 0.125 0 0 0.1 0.125 0 0 0.1 0.125 0 0 0.1 0.125 0 0 0.1 0.125 0 0 0.1 0.125 0 0 0.1 0.125 0 0 0.1 0.125 0 0 0.1 0.125 0 0 0.1 0.125 0 0 0.1 0.125 0 0 0.1 0.125 0 0 0.1 0.125 0 0 0.1 0.125 0 0 0.1 0.125 0 0 0.1 0.125 0 0 0.1 0.125 0 0 0.1 0.125 0 0 0.1 0.125 0 0 0.1 0.125 0 0 0.1 0.125 0 0 0.1 0.125 0 0 0.1 0.125 0 0 0.1 0.125 0 0 0.1 0.125 0 0 0.1 0.125 0 0 0.1 0.125 0 0 0.1 0.125 0 0 0.1 0.125 0 0 0.1 0.125 0 0 0.1 0.125 0 0 0.1 0.125 0 0 0.1 0.125 0 0 0.1 0.125 0 0 0.1 0.125 0 0 0.1 0.125 0 0 0.1 0.125 0 0 0.1 0.125 0 0 0.1 0.125 0 0 0.1 0.125 0 0 0.1 0.125 0 0 0.1 0.125 0 0 0.1 0.125 0 0 0.1 0.125 0 0 0.1 0.125 0 0 0.1 0.125 0 0 0.1 0.125 0 0 0.1 0.125 0 0 0.1 0.125 0 0 0.1 0.125 0 0 0.1 0.125 0 0 0.1 0.125 0 0 0.1 0.125 0 0 0.1 0.125 0 0 0.1 0.125 0 0 0.1 0.125 0 0 0.1 0.125 0 0 0.1 0.125 0 0 0.1 0.125 0 0 0.1 0.125 0 0 0.1 0.125 0 0 0.1 0.125 0 0 0.1 0.125 0 0 0.1 0.125 0 0 0.1 0.125 0 0 0.1 0.125 0 0 0.1 0.125 0 0 0.1 0.125 0 0 0.1 0.125 0 0 0.1 0.125 0 0 0.1 0.125 0 0 0.1 0.125 0 0 0.1 0.125 0 0 0.1 0.125 0 0 0.1 0.125 0 0 0.1 0.125 0 0 0.1 0.125 0 0 0.1 0.125 0 0 0.1 0.125 0 0 0.1 1 0 0 1 1 0 0 1 1 0 0 1 1 0 0 1 1 0 0 1 1 0 0 1 1 0 0 1 1 0 0 1 1 0 0 1 1 0 0 1 1 0 0 1 1 0 0 1 1 0 0 1 1 0 0 1 1 0 0 1 1 0 0 1 1 0 0 1 1 0 0 1 1 0 0 1 1 0 0 1 1 0 0 1 1 0 0 1 1 0 0 1 1 0 0 1 1 0 0 1 1 0 0 1 1 0 0 1 1 0 0 1 1 0 0 1 1 0 0 1 1 0 0 1 1 0 0 1 1 0 0 1 1 0 0 1 1 0 0 1 0.125 0 0 0.1 0.125 0 0 0.1 0.125 0 0 0.1 0.125 0 0 0.1 0.125 0 0 0.1 0.125 0 0 0.1 0.125 0 0 0.1 0.125 0 0 0.1 0.125 0 0 0.1 0.125 0 0 0.1 1 0 0 1 1 0 0 1 1 0 0 1 1 0 0 1 1 0 0 1 1 0 0 1 1 0 0 1 1 0 0 1 1 0 0 1 1 0 0 1 1 0 0 1 1 0 0 1 1 0 0 1 1 0 0 1 1 0 0 1 1 0 0 1 1 0 0 1 1 0 0 1 1 0 0 1 1 0 0 1 1 0 0 1 1 0 0 1 1 0 0 1 1 0 0 1 1 0 0 1 1 0 0 1 1 0 0 1 1 0 0 1 1 0 0 1 1 0 0 1 0.125 0 0 0.1 1 0 0 1 0.125 0 0 0.1 1 0 0 1 0.125 0 0 0.1 1 0 0 1 0.125 0 0 0.1 1 0 0 1 0.125 0 0 0.1 1 0 0 1 0.125 0 0 0.1 1 0 0 1 0.125 0 0 0.1 1 0 0 1 0.125 0 0 0.1 1 0 0 1 0.125 0 0 0.1 1 0 0 1 0.125 0 0 0.1 0.125 0 0 0.1 1 0 0 1 0.125 0 0 0.1 1 0 0 1 0.125 0 0 0.1 1 0 0 1 0.125 0 0 0.1 1 0 0 1 0.125 0 0 0.1 1 0 0 1 1 0 0 1 0.125 0 0 0.1 </DataArray>
      </PointData>
    </Piece>
  </UnstructuredGrid>
</VTKFile>
