<?xml version="1.0"?>
<VTKFile type="UnstructuredGrid" version="2.2">
  <UnstructuredGrid>
    <Piece NumberOfPoints="643" NumberOfCells="1186">
      <Points>
        <DataArray type="Float64" NumberOfComponents="3" format="ascii">10 2.499999999993841 0 10 2.999999999992383 0 9.514741601151743 2.709371331084244 0 9.68028289939671 2.24988858269137 0 9.551649082667568 3.257218496036085 0 10 1.999999999995299 0 9.274757368387808 2.25212394575435 0 10 3.499999999990925 0 9.103527059296347 3.081217687509338 0 8.980560537661319 2.640166893219061 0 9.545046104138811 1.78741283357376 0 9.571282958047124 3.742559698725403 0 9.166837254393533 3.528132188773818 0 8.839412350155367 2.206029940793697 0 10 1.499999999996755 0 9.123983098530619 1.881457087270963 0 10 3.999999999989554 0 8.775406918853674 3.386336401637636 0 8.658628915668841 2.971008543538892 0 8.533610067968203 2.551499411192141 0 9.589267605499538 1.244195701139242 0 9.096142213106491 1.421963786998213 0 9.56886803807952 4.253257537178974 0 9.172302208663313 3.984102721016326 0 8.873372251393892 3.741409467921712 0 8.390856412117861 2.124747304308438 0 8.715406538827544 1.778011804744177 0 10 0.9999999999981901 0 10 4.499999999990784 0 8.494061795691444 3.701977038274783 0 8.356014236678016 3.294273483807275 0 8.229500305185688 2.883774478441187 0 8.08978652251896 2.46286637288412 0 9.617269427021196 0.7558049811428145 0 9.281361255329319 0.9642754058915135 0 8.570578623461493 1.340622302744458 0 9.524922483362191 4.815340937072293 0 9.134044741548474 4.443349954915932 0 8.709020412278994 4.139232080476543 0 7.94559393622166 2.041028987856757 0 8.254362072515798 1.697637662715047 0 10 0.4999999999989861 0 8.874742646511113 0.922872187416181 0 10 4.999999999992101 0 8.069752018099173 3.618887509793863 0 8.208194502213642 4.033721628550598 0 7.935397421187893 3.208584660390998 0 7.791157793980634 2.792708657865612 0 7.647043077990939 2.373789172731318 0 9.633974596216087 0.366025403783432 0 9.229384384508268 0.4765403727611173 0 8.412290734325467 0.8829966015686521 0 8.108879335162957 1.259782090033507 0 9.64049182015358 5.298833769014974 0 8.991112420672875 4.870655660958562 0 8.756404567441892 4.569900244723554 0 8.337796856643157 4.455423895462013 0 7.504364485902166 1.956284510668676 0 7.801776152345429 1.61049851734572 0 10 -7.885021997402413e-18 0 8.713485757655585 0.4526019392093891 0 10 5.499999999993417 0 9.221120961336052 5.296823249563954 0 7.780780192086788 3.939290871235913 0 7.645074482658343 3.529476747081841 0 7.913749249906498 4.355290248941619 0 7.500300877846092 3.120307969014776 0 7.361699977065824 2.706155493781842 0 7.211215343343341 2.287398943908681 0 9.499999999999238 -1.026576648241331e-17 0 8.999999999998472 -9.750078026946396e-18 0 7.943209975449768 0.8330548732580013 0 8.226479606601206 0.429216338384359 0 7.662033182778202 1.183208482634249 0 9.716875266583941 5.749999999994079 0 9.329442099104723 5.712120937041971 0 8.799782164488057 5.194304706478323 0 8.510399605860604 4.904214872997328 0 8.044414228640374 4.777944497450263 0 7.067664625602528 1.875734250258266 0 7.36156249471913 1.535124932693453 0 8.499999999997707 -9.24629884926687e-18 0 10 5.999999999994734 0 8.79784207929082 5.612433123462747 0 7.493794364516186 4.254562179222511 0 7.358314635049809 3.847615592275775 0 7.224791946380113 3.441123796780245 0 7.623057081661639 4.673200954716737 0 7.081998246015791 3.038316647064411 0 6.933790150059801 2.614540565553628 0 6.786169162056312 2.199963285014495 0 7.492699974092803 0.7737641436333617 0 7.751859664754391 0.4055976173195229 0 7.999999999996943 -8.737497729940915e-18 0 7.212329788303337 1.119153365709244 0 9.542327823160317 6.229486070824382 0 8.984425187355638 6.120487469903846 0 8.497489361932201 5.312186671973888 0 8.174713260613697 5.1923537121836 0 7.751686461796725 5.100415015552772 0 6.921206733383126 1.465870469544562 0 6.640173763208819 1.796641245654421 0 10 6.49999999999605 0 8.48018757502085 6.024540598618139 0 8.321393463229487 5.609232591409739 0 7.211515270039293 4.569169953656982 0 7.079450897637625 4.176119863985861 0 6.947367855216726 3.771271490428876 0 6.802154146401766 3.340636738474573 0 7.335499684999274 4.995719789675348 0 6.672404616208573 2.935627487621038 0 6.529718616335089 2.524295359043167 0 6.371748976399774 2.113547061168993 0 7.048139626325878 0.7197269937161636 0 7.266156642134337 0.381202467319169 0 7.499999999996183 -8.211970560530197e-18 0 6.787523214800702 1.043196224195646 0 9.568430721767896 6.761850986878004 0 9.098655967064238 6.57974763780034 0 8.611262187094118 6.477903431680526 0 7.882573864633033 5.518320416933441 0 7.454209656337495 5.43779328985862 0 6.49548523862169 1.37074244018295 0 6.216651075412726 1.712829445867346 0 10 6.999999999997367 0 8.151086046744036 6.380522402722983 0 8.015116486411012 5.946664572529007 0 6.932328267699803 4.893996105182302 0 6.802579030448593 4.513330371949214 0 6.682383876795194 4.143026299129647 0 6.695261153791072 3.615760666746098 0 6.384286952374129 3.199178100167029 0 7.045221593926735 5.332555928123783 0 6.27475721204631 2.828002571218192 0 6.134800909217 2.436595074846695 0 5.98615437084882 2.060090858897408 0 6.665304951023422 0.7360051325410538 0 6.804240587641356 0.388126049245966 0 6.999999999995424 -8.361120305955828e-18 0 6.371455748204031 0.9688851328843128 0 9.57921829475915 7.248682443237544 0 9.190382245623679 7.013189769412347 0 8.756370167208555 6.889781157100361 0 8.291345214567075 6.811470266711528 0 7.582881224128833 5.870788295837405 0 6.547339416131209 3.834840144096916 0 6.460130354831719 3.533546906928029 0 7.154943317578555 5.767370186531834 0 6.072415274965452 1.295672074207459 0 5.802211100257688 1.649340255417755 0 10 7.499999999998684 0 7.83277555735934 6.715495924697822 0 7.711399450563148 6.285246988769174 0 6.652482475967911 5.213646144858155 0 6.537671230605873 4.818268905164108 0 6.414634145902706 4.45128882231576 0 6.302931915434309 4.111307102001265 0 6.008921205047089 3.087438896058965 0 6.113147001964469 3.444886414703975 0 6.71627310338088 5.662056571163785 0 5.886267778304574 2.723937368386709 0 5.760158501367448 2.369697230365702 0 5.615052532551903 1.994110517980666 0 6.273371341563512 0.49118064005559 0 6.499999999994666 -1.058115123022462e-17 0 5.934634468249422 0.8765142861231802 0 9.633974596214722 7.633974596214369 0 9.2207638096334 7.53578384255628 0 8.874969731695986 7.251941751861779 0 8.487220419552722 7.217809885166663 0 8.001402684785019 7.167765786085822 0 7.266259888699089 6.189719107382943 0 6.203560431713379 3.77676226046959 0 6.819370671568534 6.092090375425452 0 5.648122942156696 1.247183193262043 0 5.395146049375522 1.599850691430401 0 10 8 0 7.3930159509965 6.614871917417002 0 7.472052456389748 7.119616193873815 0 6.264502844367219 5.116682812403836 0 6.37471649302153 5.501700944387766 0 6.15369763478235 4.74386309590897 0 6.036846607157436 4.38944427923188 0 5.940255362777774 4.035927253636727 0 5.644064769238875 2.992335849696774 0 5.750631572245758 3.335115021032379 0 5.85401245231844 3.681489440632579 0 6.344790061279011 5.928979613144466 0 5.538542267660499 2.649214323133123 0 5.425836187477576 2.310902378994304 0 5.320808985984371 1.974781692778427 0 5.73986723961266 0.4376713924078413 0 5.999999999993906 -9.428439996507648e-18 0 5.495127399164392 0.8333630835743439 0 9.500000000000002 8 0 8.720112016461577 7.603144105073249 0 8.232432919919448 7.583202012072569 0 7.738711243161121 7.573787064612856 0 6.935948717358975 6.507946880316802 0 6.471639086393474 6.399169611995377 0 5.212519348447164 1.165017789393625 0 5.178634995258955 1.77278309809609 0 9.000000000000002 8 0 7.034254146405149 6.916532563773973 0 7.256065766231798 7.588885126090318 0 5.885999162097123 5.026013600313036 0 5.991149354292921 5.375819213068893 0 6.104535748747538 5.667414667621783 0 5.769955116300839 4.676166074684448 0 5.619114875980592 4.327194356615955 0 5.60376979318113 3.939606679012352 0 5.32292314497469 2.911849611823603 0 5.431442734608685 3.255892485788103 0 5.535605388860246 3.606249520580463 0 6.048373762629923 6.303973743404815 0 5.199146406048565 2.56765316439159 0 5.095072747019538 2.239827964767553 0 5.001249508942021 1.583798747821586 0 4.997335436733906 1.932701260353946 0 5.499999999993148 -8.97524255503405e-18 0 5.283725131459571 0.4166338129865488 0 5.15951309525341 0.7553191210400658 0 8.500000000000004 8 0 8.000000000000004 8 0 7.058342253719625 7.270447849012888 0 7.500000000000005 8 0 6.585708792661348 6.816080154507067 0 5.897111979818282 5.928223534067961 0 6.162764722991635 6.708420955164372 0 4.883825785000672 1.256410154969053 0 4.863099193280867 0.9334326977771353 0 6.754659836164481 7.14899421916657 0 6.750000000000004 7.566987298107782 0 7.000000000000007 8 0 5.518284627886546 4.943195285405686 0 5.614236500607829 5.291237736840704 0 5.740261843799118 5.619290894343725 0 5.406603186831157 4.623093361623868 0 5.328784946896787 4.131807374581632 0 5.320213631979906 3.843880370514352 0 4.97354419635737 2.858584738007258 0 5.138701367664421 3.182353502795944 0 5.244765565690131 3.514371479414286 0 5.750173479359085 6.614124357881561 0 5.626838720170658 6.236336216186596 0 4.87071190922465 2.487150139004266 0 4.769863252411249 2.173243391980245 0 4.638078992207388 1.527908395208796 0 4.667773530296116 1.860500875181295 0 4.999999999992389 -1.027306345389603e-17 0 4.797602946536291 0.4768791006599407 0 6.332654456332812 7.16931130840515 0 5.462177269753504 5.899713190921346 0 5.283436095087489 4.388613016663627 0 5.860438319825115 6.993484266514824 0 4.588617366260832 1.209949002723581 0 4.469729199072878 0.8227803028196331 0 6.500000000000007 8 0 5.259885702649461 5.207521465154025 0 5.168826459845042 4.872277376685639 0 5.352331653206885 5.555279782819638 0 5.074102731562482 4.568880773594743 0 5.121174935608212 3.995438262493773 0 5.017943590032506 4.255363323530756 0 5.059504036105163 3.765665783186082 0 4.649581805962562 2.726917104104 0 4.859470349855674 3.170146438141296 0 4.971029106652644 3.467123606491954 0 5.445032516108392 6.900727927773336 0 5.338864410930653 6.521513198232835 0 5.188052567071371 6.15496957381854 0 4.552584789663505 2.413047786744241 0 4.454211071259524 2.10686672767644 0 4.354077607180834 1.806930160626257 0 4.308854214758632 1.47862306703089 0 4.499999999991629 -8.967463389468563e-18 0 4.278995417667542 0.4162727014743496 0 6.222152082780545 7.597142708532092 0 6.003245035579755 7.328249533577913 0 5.098626134889169 5.810493611043546 0 4.742382417458794 2.95599893097561 0 5.566027996167321 7.274864653496121 0 4.190388017555492 1.128238235210463 0 4.028049159549806 0.7646304299182467 0 6.000000000000009 8 0 5.006287064352902 5.466728959287214 0 4.936344838459289 5.113974482666706 0 4.853237145362132 4.78243945176226 0 4.778471706741907 4.496182429270071 0 4.879428473026704 3.980474460656042 0 4.800189435395902 3.700010523915325 0 4.338755399657203 2.638537216264428 0 4.44949312715553 2.844068427258421 0 4.540074603625817 3.17558855250972 0 4.695683622243834 3.431805064690557 0 5.052190822097347 6.798309218766877 0 5.147513267293993 7.215037824131147 0 4.946392803175907 6.42347043034946 0 4.845789387776614 6.063088070375976 0 4.242058731525214 2.342363252905392 0 4.144577895346442 2.044498146914612 0 4.050224188166871 1.736861587413022 0 3.943780567534143 1.406675287868637 0 3.999999999991009 -8.759920535499453e-18 0 3.753686450378587 0.4066384915822992 0 5.756580439759532 7.611876586523969 0 4.757021777259643 5.715830646019577 0 4.714805951927466 4.213882654593545 0 5.291973143490596 7.604773984867996 0 3.779235259060064 1.088035041644451 0 3.476256532196866 0.793726829292048 0 5.50000000000001 8 0 4.688631409710294 5.366720609119779 0 4.590280800306655 5.003965088447396 0 4.569814558762029 4.687000499697567 0 4.527024268826194 4.449777018241759 0 4.596445427297674 3.912285829591303 0 4.578074105077839 3.654178301284298 0 4.03996671105378 2.558042279349706 0 4.145397654666458 2.846140347925739 0 4.329870697895147 3.054013323409627 0 4.43949011655772 3.479975597391491 0 4.668895809126504 6.698150225795658 0 4.753463315821364 7.105265480670413 0 4.821647953851218 7.608353263550661 0 4.58453228453783 6.324272430945993 0 4.50141222395171 5.966441231050394 0 3.944987848586274 2.276770905016313 0 3.839831296749625 1.986629912526481 0 3.715151156924878 1.679434698466518 0 3.575713808213361 1.361355184944067 0 3.499999999992435 -9.206555251914108e-18 0 3.259008993171065 0.4273714270735672 0 4.392437019110495 5.594905320323652 0 4.466822744864748 4.168877469282484 0 4.273124976433052 3.290845782111257 0 5.000000000000011 8 0 3.426059742768804 1.090501408310632 0 3.085658745486895 0.9071351914797066 0 4.390129059829571 5.275589884048077 0 4.36725690078523 4.803572447347826 0 4.262270912377653 4.601815675788242 0 4.329776272334112 4.340176740354469 0 4.373090362739769 3.97445955333652 0 4.384429161823769 3.744878240372072 0 3.747916985846896 2.492668800205561 0 3.820683646040637 2.751773153780801 0 4.094731835419834 3.115583819550718 0 4.16555423014202 3.582557643381048 0 4.309841795441545 6.587151796235934 0 4.36179359664779 6.966188938425594 0 4.456832658508034 7.380084959091751 0 4.500000000000012 8 0 4.238045363640494 6.219561297027677 0 4.158457153132888 5.876273453567601 0 3.650873191635555 2.220347448153738 0 3.508234755668459 1.936888721370079 0 3.356707762762738 1.633027545188473 0 3.20969712423891 1.308321297899055 0 2.999999999993896 -8.966206763089877e-18 0 2.779095566996289 0.4162143684503182 0 4.329399020458125 5.018557354363014 0 4.189007210967254 5.385371095113858 0 4.213025894036046 4.136270144057924 0 3.911301352300256 2.967846670468806 0 4.012523414052459 3.353947279357707 0 4.05797380964421 5.583944927923454 0 2.680125774997046 0.8769074867993113 0 4.1419072837992 5.163776659761916 0 4.109347940260798 4.88178785653938 0 4.120993948858681 4.392252749748288 0 4.180405117164721 3.864566491635991 0 3.474200076230443 2.4354465794352 0 3.55886836161342 2.699412672762509 0 3.65590506415271 2.965524589599136 0 3.839788561221646 3.160211441487641 0 3.900968868381259 3.566116261876763 0 3.988937881129535 6.466858766040667 0 4.061462205751818 6.819354823921686 0 3.941950632325267 7.152622212882802 0 4.125081993314518 7.624532687730065 0 3.906540341796006 6.115143008932932 0 3.831855475512297 5.794215502127923 0 3.360009130075493 2.175947490176508 0 3.12683599586247 1.925945233708759 0 2.83945397971778 1.240679011886942 0 2.979799133772143 1.587034448577886 0 2.499999999995357 -9.203524451307366e-18 0 2.508316846586378 0.6450241070867087 0 4.005603840590272 4.631862775738385 0 3.941341733918881 5.336644785482624 0 3.974927911983317 4.222520934826029 0 4 4 0 3.974927912326672 3.777479066678306 0 3.781831483399142 3.376510199308844 0 4.000000000000013 8 0 3.767291165310306 5.520163158236772 0 2.244164090013623 0.4272307362782549 0 2.469224714235631 1.188634580853627 0 2.329881954338552 0.8597438368189509 0 3.854611079204375 5.112930753362133 0 3.828889629720265 4.864093597128636 0 3.900968866924181 4.433883741148894 0 3.308688172739262 2.636580958224906 0 3.213189092482224 2.395461336117245 0 3.380833186015718 2.878926611763143 0 3.623489803213467 3.218168518612334 0 3.657795147733983 6.353155247296682 0 3.759942432413367 6.706786422829104 0 3.726626675739265 7.589956266675775 0 3.578982592961143 6.021689378044845 0 3.550725379166107 5.719699050317203 0 3.104858227193253 2.188726157039572 0 2.742921109103424 1.857724299257041 0 2.613617732497922 1.536476570208149 0 1.999999999996818 -8.766476891589241e-18 0 3.781831480358262 4.6234898045043 0 3.632833365310046 5.259516723074782 0 3.433883739943024 3.099031132495104 0 3.496681242859998 6.926033509290598 0 3.520339641237141 7.258771729793764 0 3.500000000000014 8 0 3.540720294512913 5.482960772082835 0 2.858484244054288 2.133017225766777 0 1.746994422055894 0.4069428398626089 0 2.244699193889176 1.493562477386037 0 2.10774576831511 1.141935604295447 0 1.947157230262766 0.7850941979703813 0 3.624193778014107 5.012431293582206 0 3.623489799678581 4.781831484206644 0 3.147081655474222 2.821837017084949 0 3.055698117101504 2.590280595361616 0 2.957055614808724 2.361997140482739 0 3.222520933986074 3.025072087824969 0 3.32104761344995 6.251196857329385 0 3.403917180989029 6.584296925583897 0 3.222035181135487 7.524682441109701 0 3.243213803068354 5.876715425649139 0 3.339197501865991 5.573260968085132 0 2.384003257111805 1.83532692032916 0 2.52653471785591 2.12216326612731 0 1.499999999998279 -8.969988457743047e-18 0 3.429845604899843 5.315334559267244 0 3.392252745987088 5.120993948511105 0 3.137099859041308 6.840520132047849 0 3.236588678404447 7.141769943896603 0 3.000000000000015 8 0 2.692699799501951 2.341547257985237 0 1.270893492284574 0.4163899160027369 0 1.514568946651135 0.7572455648817199 0 2.012299699700636 1.805449001282434 0 1.86483241827442 1.44891368503697 0 1.691173385167486 1.110364813098963 0 3.433883737537089 4.900968868663534 0 3 3 0 2.902272434341638 2.803794694879311 0 2.800754813104196 2.575081957184976 0 2.984006412695211 6.1334704982409 0 3.059146703902474 6.481801694747717 0 2.883049011526133 7.155668419572526 0 2.730961966947705 7.584068166638319 0 3.080305459125046 5.608724754738575 0 3.229474175994261 5.371740683016523 0 2.169792639266808 2.125726065227068 0 2.357978739275172 2.416326022695731 0 0.9999999999991849 -1.045266238481155e-17 0 3.222520933094208 4.974927912378595 0 2.890150623934604 5.822287573142483 0 2.800768461280498 6.722149876026385 0 2.500000000000017 8 0 2.56782873154404 2.564047630856566 0 0.7857849343895436 0.4852161441366847 0 1.142156956298641 0.7589790539590756 0 1.293189568672493 1.086790983523154 0 1.787267037930214 2.11938735649509 0 1.631947940426137 1.762731250175016 0 1.473769755350684 1.426624075889971 0 3.122344304492052 5.178255023993804 0 2.777479066678305 3.025072087673329 0 2.637509329656722 2.841846937116431 0 2.721670146678827 6.367639489998768 0 2.644020625610524 6.027450365943278 0 2.455321486571379 7.217081988543505 0 2.25870507972266 7.586217045070979 0 2.784031472367689 5.561257966885273 0 2.99443209600625 5.388792433074649 0 1.957085736453723 2.454615242375351 0 2.397255163882859 2.731708893032605 0 0.499999999999549 -7.885021997422444e-18 0 3 5.000000000000001 0 2.563791130336807 5.726096984853749 0 2.454139477403056 6.604379630196287 0 2.565880100914907 6.916033281331118 0 2.000000000000018 8 0 2.175674571019022 2.620694305121185 0 0.3660254037836835 0.3660254037843618 0 0.8463478394954579 1.049252661251083 0 1.133568695335164 1.379096002824955 0 1.397993387422528 2.106123779590221 0 1.594298554901821 2.43398870142953 0 1.222281322170842 1.730827727073484 0 2.866473994024417 5.173294674392906 0 2.566116261876763 3.099031131618741 0 2.390146044726072 6.255879345474075 0 2.319648365383661 5.915870957616946 0 2.053442340193747 7.188563323860095 0 2.236122067793469 6.880886492316897 0 1.77558802222653 7.577597725772307 0 2.692052001243948 5.344980233513027 0 2.502962360085735 5.484003566189987 0 2.384391306497315 2.973826942851795 0 1.991769928988633 2.68452626109862 0 2.177007812977386 2.828879965804927 0 -7.88502199740783e-18 4.762612923406642e-17 0 0.4042130693408499 0.7783249284787429 0 1.735793038696006 2.697470059200093 0 2.777479066197011 4.974927912216821 0 2.260669413250306 5.572851933329076 0 2.137894056293433 6.512881337306003 0 1.500000000000014 8 0 -8.707671408719901e-18 0.5000000000020811 0 0.4271202383764144 1.269455361694086 0 0.8204294060440179 1.535943533548363 0 1.133641047742398 2.028623332732612 0 1.304419534380104 2.461721080556487 0 1.397302145045836 2.719615853788193 0 2.610154607531336 5.113579255362112 0 2.376510199308844 3.218168516600858 0 2.061011139888974 6.146708398406134 0 1.992835975757477 5.801106824482812 0 1.53194299236119 7.149470796180264 0 1.893698757357193 6.790822491326927 0 1.275771960214567 7.590728839476059 0 2.384349957738889 5.27881584180014 0 2.148614815441286 3.107971410967682 0 1.926366212913818 2.881379058117842 0 -9.201144074487417e-18 1.000000000004161 0 0.8327327024518827 1.996533871017158 0 1.081556778924341 2.281007953249587 0 1.609646033453765 3.007996924071879 0 2.566116260661603 4.90096886779607 0 1.920767036544452 5.472733236803677 0 1.792246850591834 6.398611666115711 0 1.000000000000011 8 0 2.111278871144856 5.306541885720788 0 0.4212989822266344 1.754742260901158 0 -9.075740940390509e-18 1.500000000006242 0 1.080859704338863 2.657589967659251 0 1.20914471190454 3.005197004772774 0 2.371377556423802 5.000410018039184 0 2.218168518612334 3.376510196786533 0 1.721215724743272 6.035973351348053 0 1.657720080512493 5.684362397370211 0 1.110996812834994 7.240861540898258 0 1.506089301187673 6.683281319231879 0 0.7552805667340664 7.547854044814924 0 2.139416424132102 5.079582290723013 0 1.888479268380097 3.128178868130545 0 0.4049639683907549 2.245226469543613 0 0.7448778595366662 2.458057614649796 0 1.356345124970204 3.346346088532222 0 2.376510197752761 4.781831482158207 0 1.99779003792581 3.343144816046804 0 1.59263378668863 5.341786622052952 0 1.851191524058532 5.128726125948043 0 1.427062617755728 6.279344985391685 0 1.205037903751635 6.934192706690146 0 0.5000000000000036 8 0 1.720201034885621 3.329697154591456 0 -8.723847486842153e-18 2.000000000008324 0 0.7675323221995701 2.980634741406243 0 1.012282765898738 3.277955213863183 0 2.163362611525895 4.836445278320177 0 2.099031132495104 3.566116260056976 0 1.38372851513176 5.9175222052815 0 1.331881169361276 5.560377636096171 0 0.7869506411135121 6.982061317329899 0 1.120490895559351 6.570632635303762 0 0.366025403784088 7.633974596215354 0 1.930535731513372 4.85293620901207 0 -8.169815543700326e-18 2.500000000010403 0 0.3792456170958299 2.735343346033534 0 1.597452483339245 3.586614856807881 0 1.023071855803292 3.571807937538037 0 2.21816851754659 4.623489801877067 0 1.871493261244608 3.565901373959403 0 1.278201102070682 5.202619210951832 0 1.519512388908809 4.999325612901271 0 1.08267405013416 6.128524075540048 0 0.3827753171774667 7.234451520394942 0 7.885021997416545e-18 8 0 1.695639397190979 4.81604504438625 0 0.3803733190756627 3.206390574585822 0 0.7156219892846621 3.377744925607423 0 1.313259145124566 3.682242779606931 0 1.994396157909888 4.63186277246741 0 2.025072087824969 3.777479066013926 0 1.064863489986951 5.73947821249737 0 1.085237598502628 5.417432322928848 0 0.4004997828622767 6.726752168699504 0 0.7567368686429091 6.425168923352996 0 8.245853333701392e-18 7.499999999997917 0 1.764572034904078 4.596914722438549 0 -8.194108816313605e-18 3.000000000012484 0 1.523047847112293 3.818605149552686 0 1.781434147728519 3.836668201616242 0 1.047601835407007 3.844796707223599 0 0.7279387257720933 3.730226240180212 0 2.09903113192712 4.433883738763593 0 1.215768125788327 4.862872577255558 0 0.9798156161848458 5.120745495261786 0 1.488888987221905 4.622505124135057 0 0.7546772093439469 5.946200841499516 0 8.62767874902044e-18 6.999999999996009 0 -8.619347794380744e-18 3.500000000014565 0 0.4001130571135216 3.587833120189953 0 1.338402260219989 3.947682968694632 0 1.887784861078653 4.38139259296015 0 2 4 0 0.7714266149093866 5.463941059837085 0 8.511971927564732e-18 6.499999999999304 0 0.3951286328442077 6.196842501745255 0 1.65828989004748 4.338908019487815 0 1.584691199149144 4.039816941037743 0 1.120909438918378 4.178890293943498 0 0.7482466132006864 4.073505035627893 0 0.4559950805180736 3.938475062182379 0 2.025072087760013 4.222520933701485 0 1.819827262420687 4.132973531776828 0 0.8671316620585364 4.783434572528609 0 1.156675631774847 4.538453001594753 0 0.6895583523257517 5.070706886345975 0 0.4032695577372823 5.719443214850783 0 1.403974995510409 4.259845204578569 0 -8.696123392608631e-18 4.000000000016473 0 0.3964051665867739 5.235413304090955 0 8.68734601689727e-18 6.000000000002772 0 0.7972647901349059 4.433988503640182 0 0.4036770065040667 4.300810914897356 0 0.4330127018892156 4.750000000011442 0 8.539471375790234e-18 5.50000000000624 0 -9.328081177587559e-18 4.500000000013178 0 9.328081177587559e-18 5.00000000000971 0 </DataArray>
      </Points>
      <Cells>
        <DataArray type="Int32" Name="connectivity" format="ascii">0 1 2 0 2 3 1 4 2 5 0 3 2 6 3 1 7 4 2 4 8 9 6 2 10 5 3 6 10 3 4 7 11 4 12 8 9 2 8 9 13 6 14 5 10 10 6 15 7 16 11 4 11 12 8 12 17 18 9 8 9 19 13 6 13 15 14 10 20 21 10 15 11 16 22 12 11 23 17 12 24 18 8 17 18 19 9 13 19 25 13 26 15 27 14 20 10 21 20 26 21 15 16 28 22 23 11 22 12 23 24 29 17 24 30 18 17 31 19 18 19 32 25 13 25 26 33 27 20 20 21 34 35 21 26 28 36 22 23 22 37 23 38 24 29 30 17 38 29 24 31 18 30 31 32 19 32 39 25 25 40 26 41 27 33 33 20 34 21 42 34 35 42 21 40 35 26 28 43 36 22 36 37 38 23 37 29 44 30 38 45 29 46 31 30 31 47 32 32 48 39 39 40 25 41 33 49 50 33 34 42 50 34 35 51 42 40 52 35 36 43 53 37 36 54 38 37 55 45 44 29 44 46 30 56 45 38 46 47 31 32 47 48 39 48 57 39 58 40 59 41 49 33 50 49 42 60 50 35 52 51 51 60 42 40 58 52 43 61 53 62 36 53 36 62 54 55 37 54 56 38 55 45 63 44 44 64 46 56 65 45 46 66 47 48 47 67 57 48 68 39 57 58 69 59 49 50 69 49 60 70 50 51 52 71 60 51 72 52 58 73 53 61 74 75 62 53 62 76 54 77 55 54 77 56 55 45 65 63 44 63 64 46 64 66 78 65 56 47 66 67 68 48 67 57 68 79 58 57 80 70 69 50 81 70 60 52 73 71 72 51 71 81 60 72 58 80 73 61 82 74 75 53 74 75 83 62 62 83 76 76 77 54 78 56 77 63 65 84 64 63 85 66 64 86 78 87 65 67 66 88 89 68 67 57 79 80 79 68 90 71 73 91 92 72 71 93 81 72 80 94 73 82 95 74 95 75 74 75 96 83 76 83 97 77 76 97 78 77 98 65 87 84 85 63 84 64 85 86 88 66 86 99 87 78 89 67 88 90 68 89 79 100 80 79 90 101 73 94 91 92 71 91 92 93 72 100 94 80 82 102 95 95 96 75 83 96 103 83 104 97 98 77 97 99 78 98 84 87 105 85 84 106 86 85 107 108 88 86 99 109 87 89 88 110 90 89 111 79 101 100 101 90 112 94 113 91 92 91 114 115 93 92 100 116 94 95 102 117 95 118 96 96 119 103 104 83 103 104 98 97 120 99 98 87 109 105 106 84 105 85 106 107 108 86 107 110 88 108 121 109 99 89 110 111 112 90 111 100 101 122 123 101 112 94 116 113 91 113 114 115 92 114 100 122 116 102 124 117 118 95 117 118 119 96 119 125 103 126 104 103 104 120 98 121 99 120 109 127 105 106 105 128 107 106 129 108 107 130 110 108 131 132 109 121 110 133 111 112 111 134 122 101 123 123 112 135 113 116 136 113 137 114 138 115 114 116 122 139 124 140 117 118 117 141 142 119 118 143 125 119 125 126 103 126 120 104 121 120 144 132 127 109 105 127 128 106 128 129 145 107 129 146 108 130 107 145 130 133 110 131 131 108 146 132 121 147 111 133 134 135 112 134 122 123 148 149 123 135 116 139 136 137 113 136 137 138 114 122 148 139 124 150 140 117 140 141 142 118 141 143 119 142 151 125 143 152 126 125 144 120 126 121 144 147 153 127 132 127 154 128 128 155 129 156 145 129 145 146 130 157 133 131 158 131 146 159 132 147 133 160 134 161 135 134 148 123 149 149 135 162 139 163 136 163 137 136 164 138 137 148 165 139 140 150 166 140 167 141 142 141 168 143 142 169 152 125 151 151 143 170 144 126 152 147 144 171 153 154 127 153 132 159 154 155 128 155 156 129 156 172 145 145 172 146 157 160 133 158 157 131 172 158 146 173 159 147 160 161 134 135 161 162 148 149 174 175 149 162 165 163 139 163 164 137 148 174 165 150 176 166 167 140 166 141 167 168 169 142 168 170 143 169 152 151 177 178 151 170 144 152 171 173 147 171 179 154 153 153 159 180 181 155 154 182 156 155 183 172 156 184 160 157 185 157 158 186 158 172 187 159 173 188 161 160 161 189 162 174 149 175 190 175 162 163 165 191 192 164 163 165 174 193 176 194 166 194 167 166 167 195 168 195 169 168 196 170 169 152 177 171 177 151 178 197 178 170 198 173 171 181 154 179 179 153 180 159 187 180 182 155 181 183 156 182 186 172 183 188 160 184 184 157 185 185 158 186 199 187 173 188 189 161 189 190 162 200 174 175 175 190 201 192 163 191 165 193 191 193 174 200 194 202 167 202 195 167 195 196 169 196 197 170 177 198 171 177 178 203 204 178 197 199 173 198 181 179 205 206 179 180 180 187 207 182 181 208 183 182 209 186 183 210 188 184 211 184 185 212 185 186 213 199 214 187 215 189 188 189 216 190 200 175 217 190 218 201 217 175 201 219 192 191 191 193 220 193 200 221 202 222 195 222 196 195 196 223 197 177 203 198 203 178 224 178 204 224 225 204 197 226 199 198 181 205 208 205 179 206 206 180 207 187 227 207 182 208 209 210 183 209 186 210 213 215 188 211 184 212 211 212 185 213 228 214 199 187 214 227 215 216 189 190 216 218 200 217 229 218 217 201 219 191 220 220 193 221 200 230 221 222 223 196 223 225 197 203 226 198 231 203 224 204 232 224 225 233 204 228 199 226 205 234 208 205 206 235 236 206 207 227 236 207 208 237 209 210 209 238 213 210 239 240 215 211 211 212 241 212 213 242 228 243 214 227 214 244 245 216 215 216 246 218 230 200 229 217 247 229 248 217 218 249 219 220 250 220 221 230 250 221 226 203 231 232 231 224 233 232 204 228 226 251 205 235 234 234 237 208 235 206 236 227 252 236 209 237 253 210 238 239 238 209 253 213 239 242 245 215 240 240 211 241 212 242 241 254 243 228 214 243 244 252 227 244 245 246 216 246 248 218 255 230 229 217 248 247 247 255 229 250 249 220 256 250 230 251 226 231 232 251 231 233 257 232 254 228 251 234 235 258 234 259 237 260 235 236 252 260 236 237 261 253 239 238 262 263 238 253 239 264 242 245 240 265 266 240 241 242 267 241 268 243 254 243 269 244 270 252 244 271 246 245 246 272 248 255 256 230 248 273 247 274 255 247 275 249 250 250 256 276 232 277 251 232 257 277 254 251 278 258 235 260 234 258 259 237 259 261 279 260 252 261 263 253 238 263 262 264 239 262 264 267 242 271 245 265 265 240 280 240 266 280 267 266 241 268 269 243 268 254 281 269 270 244 279 252 270 271 272 246 248 272 273 282 256 255 273 274 247 282 255 274 275 250 276 256 283 276 251 277 278 257 284 277 281 254 278 258 260 285 259 258 286 261 259 287 285 260 279 261 288 263 263 289 262 289 264 262 264 290 267 291 271 265 265 280 292 266 293 280 267 294 266 295 269 268 296 268 281 269 297 270 298 279 270 299 272 271 272 300 273 282 283 256 301 274 273 302 282 274 303 275 276 283 304 276 277 305 278 284 305 277 305 281 278 258 285 286 287 259 286 261 287 288 285 279 306 263 288 307 263 307 289 289 290 264 267 290 294 299 271 291 291 265 292 280 293 292 266 294 293 295 297 269 295 268 296 308 296 281 297 298 270 306 279 298 299 300 272 300 301 273 282 309 283 301 302 274 302 309 282 304 303 276 304 283 310 284 311 305 305 308 281 285 312 286 287 286 313 288 287 314 285 306 312 307 288 315 289 307 316 289 316 290 294 290 317 299 291 318 319 291 292 293 320 292 293 294 321 322 297 295 323 295 296 308 324 296 325 298 297 306 298 326 327 300 299 300 328 301 283 309 310 301 329 302 302 330 309 331 303 304 332 304 310 311 308 305 286 312 313 314 287 313 288 314 315 312 306 333 307 315 334 316 307 334 290 316 317 294 317 321 327 299 318 291 319 318 320 319 292 335 320 293 335 293 321 325 297 322 322 295 323 324 323 296 308 336 324 326 298 325 306 326 333 327 328 300 301 328 329 310 309 337 302 329 330 309 330 337 332 331 304 338 332 310 311 336 308 313 312 339 314 313 340 314 341 315 312 333 339 315 342 334 343 316 334 316 344 317 317 344 321 345 327 318 319 346 318 320 347 319 335 347 320 348 335 321 325 322 349 322 323 350 351 323 324 336 352 324 326 325 353 326 354 333 327 355 328 329 328 356 338 310 337 330 329 357 330 358 337 359 331 332 332 338 360 361 313 339 341 314 340 313 361 340 341 342 315 339 333 362 342 363 334 344 316 343 363 343 334 344 348 321 345 355 327 346 345 318 346 319 364 319 347 364 365 347 335 348 365 335 353 325 349 322 350 349 350 323 351 352 351 324 326 353 354 354 366 333 328 355 356 357 329 356 358 338 337 330 357 358 359 332 360 338 367 360 368 361 339 369 341 340 361 369 340 370 342 341 333 366 362 368 339 362 370 363 342 371 344 343 363 371 343 371 348 344 345 372 355 373 345 346 374 346 364 347 375 364 365 375 347 348 376 365 353 349 377 349 350 378 350 351 379 351 352 380 354 353 381 354 382 366 355 383 356 384 357 356 358 385 338 358 357 386 387 359 360 338 385 367 360 367 388 368 369 361 369 389 341 389 370 341 366 390 362 390 368 362 391 363 370 363 392 371 393 348 371 373 372 345 355 372 383 373 346 374 375 374 364 394 375 365 393 376 348 376 394 365 381 353 377 377 349 378 350 379 378 379 351 380 352 395 380 354 381 382 366 382 396 383 384 356 386 357 384 358 386 385 397 387 360 367 385 398 367 399 388 397 360 388 400 369 368 401 389 369 389 402 370 366 396 390 400 368 390 391 392 363 402 391 370 392 393 371 373 403 372 383 372 404 405 373 374 375 406 374 394 406 375 407 381 377 408 377 378 379 408 378 409 379 380 395 409 380 382 381 410 382 411 396 384 383 412 413 386 384 385 386 414 415 387 397 385 414 398 367 398 399 399 397 388 401 369 400 416 389 401 416 402 389 396 417 390 417 400 390 405 403 373 372 403 404 383 404 412 418 405 374 406 418 374 410 381 407 408 407 377 408 379 419 409 420 379 395 421 409 382 410 411 396 411 422 384 412 423 414 386 413 413 384 423 424 415 397 414 425 398 398 426 399 427 397 399 428 401 400 429 416 401 417 396 422 428 400 417 405 430 403 403 431 404 404 432 412 418 433 405 410 407 434 435 407 408 435 408 419 379 420 419 409 436 420 409 421 436 411 410 437 422 411 438 412 432 423 414 413 439 440 413 423 441 415 424 424 397 427 414 439 425 425 426 398 426 427 399 428 429 401 417 422 442 428 417 443 405 433 430 403 430 431 431 432 404 410 434 437 434 407 435 444 435 419 419 420 445 420 436 445 421 446 436 411 437 438 442 422 438 432 447 423 439 413 440 447 440 423 441 424 448 449 424 427 425 439 450 425 451 426 427 426 452 453 429 428 443 417 442 453 428 443 433 454 430 430 455 431 431 456 432 434 457 437 434 435 458 458 435 444 444 419 445 436 459 445 446 460 436 437 461 438 462 442 438 432 456 447 439 440 463 464 440 447 465 441 448 448 424 449 449 427 452 450 439 463 425 450 451 426 451 452 462 443 442 466 453 443 454 455 430 431 455 456 434 458 457 437 457 467 458 444 468 459 444 445 436 460 459 446 469 460 461 437 467 461 462 438 456 470 447 463 440 464 470 464 447 471 465 448 448 449 472 449 452 473 474 450 463 451 450 475 451 476 452 462 477 443 477 466 443 454 478 455 456 455 479 457 458 480 457 481 467 480 458 468 444 459 468 460 482 459 460 469 483 461 467 484 485 462 461 456 479 470 486 463 464 487 464 470 488 465 471 471 448 472 449 473 472 452 476 473 475 450 474 486 474 463 451 475 476 485 477 462 489 466 477 455 478 479 457 480 481 481 490 467 491 480 468 468 459 492 460 483 482 459 482 492 469 493 483 485 461 484 467 490 484 479 487 470 486 464 494 464 487 494 488 471 495 496 471 472 473 496 472 473 476 497 475 474 498 499 474 486 476 475 500 501 477 485 489 477 501 478 502 479 481 480 503 481 504 490 503 480 491 491 468 492 482 483 505 482 506 492 493 507 483 508 485 484 484 490 509 479 510 487 486 494 511 487 512 494 513 488 495 471 514 495 471 496 514 496 473 497 476 500 497 475 498 500 498 474 499 499 486 515 501 485 508 516 489 501 502 510 479 481 503 504 490 504 517 503 491 518 506 491 492 483 507 505 482 505 506 493 519 507 508 484 509 490 517 509 487 510 512 515 486 511 494 512 511 520 513 495 514 520 495 496 521 514 522 496 497 500 522 497 500 498 523 498 499 524 499 515 525 526 501 508 516 501 526 502 527 510 504 503 528 504 529 517 528 503 518 518 491 506 505 507 530 505 531 506 507 519 532 533 508 509 517 533 509 512 510 534 535 515 511 512 535 511 536 520 514 522 521 496 521 536 514 537 522 500 498 538 523 537 500 523 538 498 524 499 525 524 525 515 539 533 526 508 540 516 526 510 527 534 504 528 529 529 541 517 542 528 518 531 518 506 507 532 530 531 505 530 519 543 532 533 517 544 512 534 535 539 515 535 545 521 522 546 536 521 537 545 522 538 537 523 547 538 524 525 547 524 525 539 548 549 526 533 549 540 526 527 550 534 529 528 551 529 552 541 517 541 544 551 528 542 531 542 518 530 532 553 554 531 530 543 555 532 556 533 544 534 557 535 557 539 535 546 521 545 558 545 537 537 538 559 538 547 559 525 548 547 548 539 560 549 533 556 561 540 549 550 562 534 529 551 552 541 552 563 541 564 544 551 542 565 554 542 531 532 555 553 566 530 553 566 554 530 543 567 555 564 556 544 534 562 557 539 557 568 569 546 545 558 569 545 558 537 559 547 570 559 547 548 570 560 539 568 548 560 571 572 549 556 561 549 572 550 573 562 552 551 574 563 552 575 541 563 564 551 565 574 565 542 554 555 576 553 576 566 553 577 554 566 555 567 578 579 556 564 557 562 568 580 569 558 581 558 559 570 581 559 548 571 570 582 560 568 571 560 583 572 556 579 584 561 572 562 573 585 575 552 574 563 575 586 563 587 564 565 588 574 565 554 577 555 589 576 577 566 576 567 590 578 589 555 578 579 564 591 562 585 568 580 558 581 592 581 570 570 571 593 560 582 594 585 582 568 560 594 583 571 583 593 595 572 579 595 584 572 573 596 585 575 574 597 563 586 587 586 575 598 564 587 591 565 577 588 574 588 597 589 599 576 577 576 600 590 601 578 601 589 578 602 579 591 603 580 581 592 603 581 592 570 593 594 582 604 585 605 582 594 606 583 583 607 593 595 579 602 608 584 595 585 596 605 575 597 598 587 586 609 610 586 598 587 611 591 588 577 600 588 612 597 613 599 589 576 599 600 601 613 589 611 602 591 614 603 592 615 592 593 582 605 604 616 594 604 616 606 594 606 607 583 607 615 593 617 595 602 608 595 617 596 618 605 597 619 598 609 586 610 587 609 611 619 610 598 612 588 600 612 619 597 613 620 599 599 621 600 602 611 622 614 592 615 605 623 604 623 616 604 616 624 606 606 625 607 607 626 615 617 602 622 627 608 617 618 628 605 609 610 629 611 609 630 610 619 631 621 612 600 632 619 612 599 620 621 611 633 622 634 614 615 605 628 623 633 616 623 633 624 616 606 624 625 607 625 626 626 634 615 628 617 622 628 627 617 618 627 628 630 609 629 629 610 631 611 630 633 619 635 631 621 632 612 632 635 619 620 636 621 633 623 622 623 628 622 633 630 624 625 624 637 625 638 626 638 634 626 637 630 629 639 629 631 635 639 631 636 632 621 632 640 635 624 630 637 638 625 637 641 634 638 639 637 629 642 639 635 636 640 632 640 642 635 639 638 637 639 641 638 642 641 639 </DataArray>
        <DataArray type="Int32" Name="offsets" format="ascii">3 6 9 12 15 18 21 24 27 30 33 36 39 42 45 48 51 54 57 60 63 66 69 72 75 78 81 84 87 90 93 96 99 102 105 108 111 114 117 120 123 126 129 132 135 138 141 144 147 150 153 156 159 162 165 168 171 174 177 180 183 186 189 192 195 198 201 204 207 210 213 216 219 222 225 228 231 234 237 240 243 246 249 252 255 258 261 264 267 270 273 276 279 282 285 288 291 294 297 300 303 306 309 312 315 318 321 324 327 330 333 336 339 342 345 348 351 354 357 360 363 366 369 372 375 378 381 384 387 390 393 396 399 402 405 408 411 414 417 420 423 426 429 432 435 438 441 444 447 450 453 456 459 462 465 468 471 474 477 480 483 486 489 492 495 498 501 504 507 510 513 516 519 522 525 528 531 534 537 540 543 546 549 552 555 558 561 564 567 570 573 576 579 582 585 588 591 594 597 600 603 606 609 612 615 618 621 624 627 630 633 636 639 642 645 648 651 654 657 660 663 666 669 672 675 678 681 684 687 690 693 696 699 702 705 708 711 714 717 720 723 726 729 732 735 738 741 744 747 750 753 756 759 762 765 768 771 774 777 780 783 786 789 792 795 798 801 804 807 810 813 816 819 822 825 828 831 834 837 840 843 846 849 852 855 858 861 864 867 870 873 876 879 882 885 888 891 894 897 900 903 906 909 912 915 918 921 924 927 930 933 936 939 942 945 948 951 954 957 960 963 966 969 972 975 978 981 984 987 990 993 996 999 1002 1005 1008 1011 1014 1017 1020 1023 1026 1029 1032 1035 1038 1041 1044 1047 1050 1053 1056 1059 1062 1065 1068 1071 1074 1077 1080 1083 1086 1089 1092 1095 1098 1101 1104 1107 1110 1113 1116 1119 1122 1125 1128 1131 1134 1137 1140 1143 1146 1149 1152 1155 1158 1161 1164 1167 1170 1173 1176 1179 1182 1185 1188 1191 1194 1197 1200 1203 1206 1209 1212 1215 1218 1221 1224 1227 1230 1233 1236 1239 1242 1245 1248 1251 1254 1257 1260 1263 1266 1269 1272 1275 1278 1281 1284 1287 1290 1293 1296 1299 1302 1305 1308 1311 1314 1317 1320 1323 1326 1329 1332 1335 1338 1341 1344 1347 1350 1353 1356 1359 1362 1365 1368 1371 1374 1377 1380 1383 1386 1389 1392 1395 1398 1401 1404 1407 1410 1413 1416 1419 1422 1425 1428 1431 1434 1437 1440 1443 1446 1449 1452 1455 1458 1461 1464 1467 1470 1473 1476 1479 1482 1485 1488 1491 1494 1497 1500 1503 1506 1509 1512 1515 1518 1521 1524 1527 1530 1533 1536 1539 1542 1545 1548 1551 1554 1557 1560 1563 1566 1569 1572 1575 1578 1581 1584 1587 1590 1593 1596 1599 1602 1605 1608 1611 1614 1617 1620 1623 1626 1629 1632 1635 1638 1641 1644 1647 1650 1653 1656 1659 1662 1665 1668 1671 1674 1677 1680 1683 1686 1689 1692 1695 1698 1701 1704 1707 1710 1713 1716 1719 1722 1725 1728 1731 1734 1737 1740 1743 1746 1749 1752 1755 1758 1761 1764 1767 1770 1773 1776 1779 1782 1785 1788 1791 1794 1797 1800 1803 1806 1809 1812 1815 1818 1821 1824 1827 1830 1833 1836 1839 1842 1845 1848 1851 1854 1857 1860 1863 1866 1869 1872 1875 1878 1881 1884 1887 1890 1893 1896 1899 1902 1905 1908 1911 1914 1917 1920 1923 1926 1929 1932 1935 1938 1941 1944 1947 1950 1953 1956 1959 1962 1965 1968 1971 1974 1977 1980 1983 1986 1989 1992 1995 1998 2001 2004 2007 2010 2013 2016 2019 2022 2025 2028 2031 2034 2037 2040 2043 2046 2049 2052 2055 2058 2061 2064 2067 2070 2073 2076 2079 2082 2085 2088 2091 2094 2097 2100 2103 2106 2109 2112 2115 2118 2121 2124 2127 2130 2133 2136 2139 2142 2145 2148 2151 2154 2157 2160 2163 2166 2169 2172 2175 2178 2181 2184 2187 2190 2193 2196 2199 2202 2205 2208 2211 2214 2217 2220 2223 2226 2229 2232 2235 2238 2241 2244 2247 2250 2253 2256 2259 2262 2265 2268 2271 2274 2277 2280 2283 2286 2289 2292 2295 2298 2301 2304 2307 2310 2313 2316 2319 2322 2325 2328 2331 2334 2337 2340 2343 2346 2349 2352 2355 2358 2361 2364 2367 2370 2373 2376 2379 2382 2385 2388 2391 2394 2397 2400 2403 2406 2409 2412 2415 2418 2421 2424 2427 2430 2433 2436 2439 2442 2445 2448 2451 2454 2457 2460 2463 2466 2469 2472 2475 2478 2481 2484 2487 2490 2493 2496 2499 2502 2505 2508 2511 2514 2517 2520 2523 2526 2529 2532 2535 2538 2541 2544 2547 2550 2553 2556 2559 2562 2565 2568 2571 2574 2577 2580 2583 2586 2589 2592 2595 2598 2601 2604 2607 2610 2613 2616 2619 2622 2625 2628 2631 2634 2637 2640 2643 2646 2649 2652 2655 2658 2661 2664 2667 2670 2673 2676 2679 2682 2685 2688 2691 2694 2697 2700 2703 2706 2709 2712 2715 2718 2721 2724 2727 2730 2733 2736 2739 2742 2745 2748 2751 2754 2757 2760 2763 2766 2769 2772 2775 2778 2781 2784 2787 2790 2793 2796 2799 2802 2805 2808 2811 2814 2817 2820 2823 2826 2829 2832 2835 2838 2841 2844 2847 2850 2853 2856 2859 2862 2865 2868 2871 2874 2877 2880 2883 2886 2889 2892 2895 2898 2901 2904 2907 2910 2913 2916 2919 2922 2925 2928 2931 2934 2937 2940 2943 2946 2949 2952 2955 2958 2961 2964 2967 2970 2973 2976 2979 2982 2985 2988 2991 2994 2997 3000 3003 3006 3009 3012 3015 3018 3021 3024 3027 3030 3033 3036 3039 3042 3045 3048 3051 3054 3057 3060 3063 3066 3069 3072 3075 3078 3081 3084 3087 3090 3093 3096 3099 3102 3105 3108 3111 3114 3117 3120 3123 3126 3129 3132 3135 3138 3141 3144 3147 3150 3153 3156 3159 3162 3165 3168 3171 3174 3177 3180 3183 3186 3189 3192 3195 3198 3201 3204 3207 3210 3213 3216 3219 3222 3225 3228 3231 3234 3237 3240 3243 3246 3249 3252 3255 3258 3261 3264 3267 3270 3273 3276 3279 3282 3285 3288 3291 3294 3297 3300 3303 3306 3309 3312 3315 3318 3321 3324 3327 3330 3333 3336 3339 3342 3345 3348 3351 3354 3357 3360 3363 3366 3369 3372 3375 3378 3381 3384 3387 3390 3393 3396 3399 3402 3405 3408 3411 3414 3417 3420 3423 3426 3429 3432 3435 3438 3441 3444 3447 3450 3453 3456 3459 3462 3465 3468 3471 3474 3477 3480 3483 3486 3489 3492 3495 3498 3501 3504 3507 3510 3513 3516 3519 3522 3525 3528 3531 3534 3537 3540 3543 3546 3549 3552 3555 3558 </DataArray>
        <DataArray type="Int8" Name="types" format="ascii">69 69 69 69 69 69 69 69 69 69 69 69 69 69 69 69 69 69 69 69 69 69 69 69 69 69 69 69 69 69 69 69 69 69 69 69 69 69 69 69 69 69 69 69 69 69 69 69 69 69 69 69 69 69 69 69 69 69 69 69 69 69 69 69 69 69 69 69 69 69 69 69 69 69 69 69 69 69 69 69 69 69 69 69 69 69 69 69 69 69 69 69 69 69 69 69 69 69 69 69 69 69 69 69 69 69 69 69 69 69 69 69 69 69 69 69 69 69 69 69 69 69 69 69 69 69 69 69 69 69 69 69 69 69 69 69 69 69 69 69 69 69 69 69 69 69 69 69 69 69 69 69 69 69 69 69 69 69 69 69 69 69 69 69 69 69 69 69 69 69 69 69 69 69 69 69 69 69 69 69 69 69 69 69 69 69 69 69 69 69 69 69 69 69 69 69 69 69 69 69 69 69 69 69 69 69 69 69 69 69 69 69 69 69 69 69 69 69 69 69 69 69 69 69 69 69 69 69 69 69 69 69 69 69 69 69 69 69 69 69 69 69 69 69 69 69 69 69 69 69 69 69 69 69 69 69 69 69 69 69 69 69 69 69 69 69 69 69 69 69 69 69 69 69 69 69 69 69 69 69 69 69 69 69 69 69 69 69 69 69 69 69 69 69 69 69 69 69 69 69 69 69 69 69 69 69 69 69 69 69 69 69 69 69 69 69 69 69 69 69 69 69 69 69 69 69 69 69 69 69 69 69 69 69 69 69 69 69 69 69 69 69 69 69 69 69 69 69 69 69 69 69 69 69 69 69 69 69 69 69 69 69 69 69 69 69 69 69 69 69 69 69 69 69 69 69 69 69 69 69 69 69 69 69 69 69 69 69 69 69 69 69 69 69 69 69 69 69 69 69 69 69 69 69 69 69 69 69 69 69 69 69 69 69 69 69 69 69 69 69 69 69 69 69 69 69 69 69 69 69 69 69 69 69 69 69 69 69 69 69 69 69 69 69 69 69 69 69 69 69 69 69 69 69 69 69 69 69 69 69 69 69 69 69 69 69 69 69 69 69 69 69 69 69 69 69 69 69 69 69 69 69 69 69 69 69 69 69 69 69 69 69 69 69 69 69 69 69 69 69 69 69 69 69 69 69 69 69 69 69 69 69 69 69 69 69 69 69 69 69 69 69 69 69 69 69 69 69 69 69 69 69 69 69 69 69 69 69 69 69 69 69 69 69 69 69 69 69 69 69 69 69 69 69 69 69 69 69 69 69 69 69 69 69 69 69 69 69 69 69 69 69 69 69 69 69 69 69 69 69 69 69 69 69 69 69 69 69 69 69 69 69 69 69 69 69 69 69 69 69 69 69 69 69 69 69 69 69 69 69 69 69 69 69 69 69 69 69 69 69 69 69 69 69 69 69 69 69 69 69 69 69 69 69 69 69 69 69 69 69 69 69 69 69 69 69 69 69 69 69 69 69 69 69 69 69 69 69 69 69 69 69 69 69 69 69 69 69 69 69 69 69 69 69 69 69 69 69 69 69 69 69 69 69 69 69 69 69 69 69 69 69 69 69 69 69 69 69 69 69 69 69 69 69 69 69 69 69 69 69 69 69 69 69 69 69 69 69 69 69 69 69 69 69 69 69 69 69 69 69 69 69 69 69 69 69 69 69 69 69 69 69 69 69 69 69 69 69 69 69 69 69 69 69 69 69 69 69 69 69 69 69 69 69 69 69 69 69 69 69 69 69 69 69 69 69 69 69 69 69 69 69 69 69 69 69 69 69 69 69 69 69 69 69 69 69 69 69 69 69 69 69 69 69 69 69 69 69 69 69 69 69 69 69 69 69 69 69 69 69 69 69 69 69 69 69 69 69 69 69 69 69 69 69 69 69 69 69 69 69 69 69 69 69 69 69 69 69 69 69 69 69 69 69 69 69 69 69 69 69 69 69 69 69 69 69 69 69 69 69 69 69 69 69 69 69 69 69 69 69 69 69 69 69 69 69 69 69 69 69 69 69 69 69 69 69 69 69 69 69 69 69 69 69 69 69 69 69 69 69 69 69 69 69 69 69 69 69 69 69 69 69 69 69 69 69 69 69 69 69 69 69 69 69 69 69 69 69 69 69 69 69 69 69 69 69 69 69 69 69 69 69 69 69 69 69 69 69 69 69 69 69 69 69 69 69 69 69 69 69 69 69 69 69 69 69 69 69 69 69 69 69 69 69 69 69 69 69 69 69 69 69 69 69 69 69 69 69 69 69 69 69 69 69 69 69 69 69 69 69 69 69 69 69 69 69 69 69 69 69 69 69 69 69 69 69 69 69 69 69 69 69 69 69 69 69 69 69 69 69 69 69 69 69 69 69 69 69 69 69 69 69 69 69 69 69 69 69 69 69 69 69 69 69 69 69 69 69 69 69 69 69 69 69 69 69 69 69 69 69 69 69 69 69 69 69 69 69 69 69 69 69 69 69 69 69 69 69 69 69 69 69 69 69 69 69 69 69 69 69 69 69 69 69 69 69 69 69 69 69 69 69 69 69 69 69 69 69 69 69 69 69 69 69 69 69 69 69 69 69 69 69 69 69 69 69 69 69 69 69 69 69 69 69 69 69 69 69 69 69 69 69 69 69 69 69 69 69 69 69 69 69 69 69 69 69 69 69 69 69 69 69 69 69 69 69 </DataArray>
      </Cells>
      <CellData>
        <DataArray type="UInt8" Name="vtkGhostType" format="ascii" RangeMin="0" RangeMax="1">0 0 0 0 0 0 0 0 0 0 0 0 0 0 0 0 0 0 0 0 0 0 0 0 0 0 0 0 0 0 0 0 0 0 0 0 0 0 0 0 0 0 0 0 0 0 0 0 0 0 0 0 0 0 0 0 0 0 0 0 0 0 0 0 0 0 0 0 0 0 0 0 0 0 0 0 0 0 0 0 0 0 0 0 0 0 0 0 0 0 0 0 0 0 0 0 0 0 0 0 0 0 0 0 0 0 0 0 0 0 0 0 0 0 0 0 0 0 0 0 0 0 0 0 0 0 0 0 0 0 0 0 0 0 0 0 0 0 0 0 0 0 0 0 0 0 0 0 0 0 0 0 0 0 0 0 0 0 0 0 0 0 0 0 0 0 0 0 0 0 0 0 0 0 0 0 0 0 0 0 0 0 0 0 0 0 0 0 0 0 0 0 0 0 0 0 0 0 0 0 0 0 0 0 0 0 0 0 0 0 0 0 0 0 0 0 0 0 0 0 0 0 0 0 0 0 0 0 0 0 0 0 0 0 0 0 0 0 0 0 0 0 0 0 0 0 0 0 0 0 0 0 0 0 0 0 0 0 0 0 0 0 0 0 0 0 0 0 0 0 0 0 0 0 0 0 0 0 0 0 0 0 0 0 0 0 0 0 0 0 0 0 0 0 0 0 0 0 0 0 0 0 0 0 0 0 0 0 0 0 0 0 0 0 0 0 0 0 0 0 0 0 0 0 0 0 0 0 0 0 0 0 0 0 0 0 0 0 0 0 0 0 0 0 0 0 0 0 0 0 0 0 0 0 0 0 0 0 0 0 0 0 0 0 0 0 0 0 0 0 0 0 0 0 0 0 0 0 0 0 0 0 0 0 0 0 0 0 0 0 0 0 0 0 0 0 0 0 0 0 0 0 0 0 0 0 0 0 0 0 0 0 0 0 0 0 0 0 0 0 0 0 0 0 0 0 0 0 0 0 0 0 0 0 0 0 0 0 0 0 0 0 0 0 0 0 0 0 0 0 0 0 0 0 0 0 0 0 0 0 0 0 0 0 0 0 0 0 0 0 0 0 0 0 0 0 0 0 0 0 0 0 0 0 0 0 0 0 0 0 0 0 0 0 0 0 0 0 0 0 0 0 0 0 0 0 0 0 0 0 0 0 0 0 0 0 0 0 0 0 0 0 0 0 0 0 0 0 0 0 0 0 0 0 0 0 0 0 0 0 0 0 0 0 0 0 0 0 0 0 0 0 0 0 0 0 0 0 0 0 0 0 0 0 0 0 0 0 0 0 0 0 0 0 0 0 0 0 0 0 0 0 0 0 0 0 0 0 0 0 0 0 0 0 0 0 0 0 0 0 0 0 0 0 0 0 0 0 0 0 0 0 0 0 0 0 0 0 0 0 0 0 0 0 0 0 0 0 0 0 0 0 0 0 0 0 0 0 0 0 0 0 0 0 0 0 0 0 0 0 0 0 0 0 0 0 0 0 0 0 0 0 0 0 0 0 0 0 0 0 0 0 0 0 0 0 0 0 0 0 0 0 0 0 0 0 0 0 0 0 0 0 0 0 0 0 0 0 0 0 0 0 0 0 0 0 0 0 0 0 0 0 0 0 0 0 0 0 0 0 0 0 0 0 0 0 0 0 0 0 0 0 0 0 0 0 0 0 0 0 0 0 0 0 0 0 0 0 0 0 0 0 0 0 0 0 0 0 0 0 0 0 0 0 0 0 0 0 0 0 0 0 0 0 0 0 0 0 0 0 0 0 0 0 0 0 0 0 0 0 0 0 0 0 0 0 0 0 0 0 0 0 0 0 0 0 0 0 0 0 0 0 0 0 0 0 0 0 0 0 0 0 0 0 0 0 0 0 0 0 0 0 0 0 0 0 0 0 0 0 0 0 0 0 0 0 0 0 0 0 0 0 0 0 0 0 0 0 0 0 0 0 0 0 0 0 0 0 0 0 0 0 0 0 0 0 0 0 0 0 0 0 0 0 0 0 0 0 0 0 0 0 0 0 0 0 0 0 0 0 0 0 0 0 0 0 0 0 0 0 0 0 0 0 0 0 0 0 0 0 0 0 0 0 0 0 0 0 0 0 0 0 0 0 0 0 0 0 0 0 0 0 0 0 0 0 0 0 0 0 0 0 0 0 0 0 0 0 0 0 0 0 0 0 0 0 0 0 0 0 0 0 0 0 0 0 0 0 0 0 0 0 0 0 0 0 0 0 0 0 0 0 0 0 0 0 0 0 0 0 0 0 0 0 0 0 0 0 0 0 0 0 0 0 0 0 0 0 0 0 0 0 0 0 0 0 0 0 0 0 0 0 0 0 0 0 0 0 0 0 0 0 0 0 0 0 0 0 0 0 0 0 0 0 0 0 0 0 0 0 0 0 0 0 0 0 0 0 0 0 0 0 0 0 0 0 0 0 0 0 0 0 0 0 0 0 0 0 0 0 0 0 0 0 0 0 0 0 0 0 0 0 0 0 0 0 0 0 0 0 0 0 0 0 0 0 0 0 0 0 0 0 0 0 0 0 0 0 0 0 0 0 0 0 0 0 0 0 0 0 0 0 0 0 0 0 0 0 0 0 0 0 0 0 0 0 0 0 0 0 0 0 0 0 0 0 0 0 0 0 0 0 0 0 0 0 0 0 0 0 0 0 0 0 0 0 </DataArray>
        <DataArray type="Int64" IdType="1" Name="vtkOriginalCellIds" format="ascii" RangeMin="0" RangeMax="1185">0 1 2 3 4 5 6 7 8 9 10 11 12 13 14 15 16 17 18 19 20 21 22 23 24 25 26 27 28 29 30 31 32 33 34 35 36 37 38 39 40 41 42 43 44 45 46 47 48 49 50 51 52 53 54 55 56 57 58 59 60 61 62 63 64 65 66 67 68 69 70 71 72 73 74 75 76 77 78 79 80 81 82 83 84 85 86 87 88 89 90 91 92 93 94 95 96 97 98 99 100 101 102 103 104 105 106 107 108 109 110 111 112 113 114 115 116 117 118 119 120 121 122 123 124 125 126 127 128 129 130 131 132 133 134 135 136 137 138 139 140 141 142 143 144 145 146 147 148 149 150 151 152 153 154 155 156 157 158 159 160 161 162 163 164 165 166 167 168 169 170 171 172 173 174 175 176 177 178 179 180 181 182 183 184 185 186 187 188 189 190 191 192 193 194 195 196 197 198 199 200 201 202 203 204 205 206 207 208 209 210 211 212 213 214 215 216 217 218 219 220 221 222 223 224 225 226 227 228 229 230 231 232 233 234 235 236 237 238 239 240 241 242 243 244 245 246 247 248 249 250 251 252 253 254 255 256 257 258 259 260 261 262 263 264 265 266 267 268 269 270 271 272 273 274 275 276 277 278 279 280 281 282 283 284 285 286 287 288 289 290 291 292 293 294 295 296 297 298 299 300 301 302 303 304 305 306 307 308 309 310 311 312 313 314 315 316 317 318 319 320 321 322 323 324 325 326 327 328 329 330 331 332 333 334 335 336 337 338 339 340 341 342 343 344 345 346 347 348 349 350 351 352 353 354 355 356 357 358 359 360 361 362 363 364 365 366 367 368 369 370 371 372 373 374 375 376 377 378 379 380 381 382 383 384 385 386 387 388 389 390 391 392 393 394 395 396 397 398 399 400 401 402 403 404 405 406 407 408 409 410 411 412 413 414 415 416 417 418 419 420 421 422 423 424 425 426 427 428 429 430 431 432 433 434 435 436 437 438 439 440 441 442 443 444 445 446 447 448 449 450 451 452 453 454 455 456 457 458 459 460 461 462 463 464 465 466 467 468 469 470 471 472 473 474 475 476 477 478 479 480 481 482 483 484 485 486 487 488 489 490 491 492 493 494 495 496 497 498 499 500 501 502 503 504 505 506 507 508 509 510 511 512 513 514 515 516 517 518 519 520 521 522 523 524 525 526 527 528 529 530 531 532 533 534 535 536 537 538 539 540 541 542 543 544 545 546 547 548 549 550 551 552 553 554 555 556 557 558 559 560 561 562 563 564 565 566 567 568 569 570 571 572 573 574 575 576 577 578 579 580 581 582 583 584 585 586 587 588 589 590 591 592 593 594 595 596 597 598 599 600 601 602 603 604 605 606 607 608 609 610 611 612 613 614 615 616 617 618 619 620 621 622 623 624 625 626 627 628 629 630 631 632 633 634 635 636 637 638 639 640 641 642 643 644 645 646 647 648 649 650 651 652 653 654 655 656 657 658 659 660 661 662 663 664 665 666 667 668 669 670 671 672 673 674 675 676 677 678 679 680 681 682 683 684 685 686 687 688 689 690 691 692 693 694 695 696 697 698 699 700 701 702 703 704 705 706 707 708 709 710 711 712 713 714 715 716 717 718 719 720 721 722 723 724 725 726 727 728 729 730 731 732 733 734 735 736 737 738 739 740 741 742 743 744 745 746 747 748 749 750 751 752 753 754 755 756 757 758 759 760 761 762 763 764 765 766 767 768 769 770 771 772 773 774 775 776 777 778 779 780 781 782 783 784 785 786 787 788 789 790 791 792 793 794 795 796 797 798 799 800 801 802 803 804 805 806 807 808 809 810 811 812 813 814 815 816 817 818 819 820 821 822 823 824 825 826 827 828 829 830 831 832 833 834 835 836 837 838 839 840 841 842 843 844 845 846 847 848 849 850 851 852 853 854 855 856 857 858 859 860 861 862 863 864 865 866 867 868 869 870 871 872 873 874 875 876 877 878 879 880 881 882 883 884 885 886 887 888 889 890 891 892 893 894 895 896 897 898 899 900 901 902 903 904 905 906 907 908 909 910 911 912 913 914 915 916 917 918 919 920 921 922 923 924 925 926 927 928 929 930 931 932 933 934 935 936 937 938 939 940 941 942 943 944 945 946 947 948 949 950 951 952 953 954 955 956 957 958 959 960 961 962 963 964 965 966 967 968 969 970 971 972 973 974 975 976 977 978 979 980 981 982 983 984 985 986 987 988 989 990 991 992 993 994 995 996 997 998 999 1000 1001 1002 1003 1004 1005 1006 1007 1008 1009 1010 1011 1012 1013 1014 1015 1016 1017 1018 1019 1020 1021 1022 1023 1024 1025 1026 1027 1028 1029 1030 1031 1032 1033 1034 1035 1036 1037 1038 1039 1040 1041 1042 1043 1044 1045 1046 1047 1048 1049 1050 1051 1052 1053 1054 1055 1056 1057 1058 1059 1060 1061 1062 1063 1064 1065 1066 1067 1068 1069 1070 1071 1072 1073 1074 1075 1076 1077 1078 1079 1080 1081 1082 1083 1084 1085 1086 1087 1088 1089 1090 1091 1092 1093 1094 1095 1096 1097 1098 1099 1100 1101 1102 1103 1104 1105 1106 1107 1108 1109 1110 1111 1112 1113 1114 1115 1116 1117 1118 1119 1120 1121 1122 1123 1124 1125 1126 1127 1128 1129 1130 1131 1132 1133 1134 1135 1136 1137 1138 1139 1140 1141 1142 1143 1144 1145 1146 1147 1148 1149 1150 1151 1152 1153 1154 1155 1156 1157 1158 1159 1160 1161 1162 1163 1164 1165 1166 1167 1168 1169 1170 1171 1172 1173 1174 1175 1176 1177 1178 1179 1180 1181 1182 1183 1184 1185 </DataArray>
      </CellData>
      <PointData Vectors="U">
        <DataArray type="Int64" IdType="1" Name="vtkOriginalPointIds" format="ascii" RangeMin="0" RangeMax="642">0 1 2 3 4 5 6 7 8 9 10 11 12 13 14 15 16 17 18 19 20 21 22 23 24 25 26 27 28 29 30 31 32 33 34 35 36 37 38 39 40 41 42 43 44 45 46 47 48 49 50 51 52 53 54 55 56 57 58 59 60 61 62 63 64 65 66 67 68 69 70 71 72 73 74 75 76 77 78 79 80 81 82 83 84 85 86 87 88 89 90 91 92 93 94 95 96 97 98 99 100 101 102 103 104 105 106 107 108 109 110 111 112 113 114 115 116 117 118 119 120 121 122 123 124 125 126 127 128 129 130 131 132 133 134 135 136 137 138 139 140 141 142 143 144 145 146 147 148 149 150 151 152 153 154 155 156 157 158 159 160 161 162 163 164 165 166 167 168 169 170 171 172 173 174 175 176 177 178 179 180 181 182 183 184 185 186 187 188 189 190 191 192 193 194 195 196 197 198 199 200 201 202 203 204 205 206 207 208 209 210 211 212 213 214 215 216 217 218 219 220 221 222 223 224 225 226 227 228 229 230 231 232 233 234 235 236 237 238 239 240 241 242 243 244 245 246 247 248 249 250 251 252 253 254 255 256 257 258 259 260 261 262 263 264 265 266 267 268 269 270 271 272 273 274 275 276 277 278 279 280 281 282 283 284 285 286 287 288 289 290 291 292 293 294 295 296 297 298 299 300 301 302 303 304 305 306 307 308 309 310 311 312 313 314 315 316 317 318 319 320 321 322 323 324 325 326 327 328 329 330 331 332 333 334 335 336 337 338 339 340 341 342 343 344 345 346 347 348 349 350 351 352 353 354 355 356 357 358 359 360 361 362 363 364 365 366 367 368 369 370 371 372 373 374 375 376 377 378 379 380 381 382 383 384 385 386 387 388 389 390 391 392 393 394 395 396 397 398 399 400 401 402 403 404 405 406 407 408 409 410 411 412 413 414 415 416 417 418 419 420 421 422 423 424 425 426 427 428 429 430 431 432 433 434 435 436 437 438 439 440 441 442 443 444 445 446 447 448 449 450 451 452 453 454 455 456 457 458 459 460 461 462 463 464 465 466 467 468 469 470 471 472 473 474 475 476 477 478 479 480 481 482 483 484 485 486 487 488 489 490 491 492 493 494 495 496 497 498 499 500 501 502 503 504 505 506 507 508 509 510 511 512 513 514 515 516 517 518 519 520 521 522 523 524 525 526 527 528 529 530 531 532 533 534 535 536 537 538 539 540 541 542 543 544 545 546 547 548 549 550 551 552 553 554 555 556 557 558 559 560 561 562 563 564 565 566 567 568 569 570 571 572 573 574 575 576 577 578 579 580 581 582 583 584 585 586 587 588 589 590 591 592 593 594 595 596 597 598 599 600 601 602 603 604 605 606 607 608 609 610 611 612 613 614 615 616 617 618 619 620 621 622 623 624 625 626 627 628 629 630 631 632 633 634 635 636 637 638 639 640 641 642 </DataArray>
        <DataArray type="UInt8" Name="vtkGhostType" format="ascii" RangeMin="0" RangeMax="0">0 0 0 0 0 0 0 0 0 0 0 0 0 0 0 0 0 0 0 0 0 0 0 0 0 0 0 0 0 0 0 0 0 0 0 0 0 0 0 0 0 0 0 0 0 0 0 0 0 0 0 0 0 0 0 0 0 0 0 0 0 0 0 0 0 0 0 0 0 0 0 0 0 0 0 0 0 0 0 0 0 0 0 0 0 0 0 0 0 0 0 0 0 0 0 0 0 0 0 0 0 0 0 0 0 0 0 0 0 0 0 0 0 0 0 0 0 0 0 0 0 0 0 0 0 0 0 0 0 0 0 0 0 0 0 0 0 0 0 0 0 0 0 0 0 0 0 0 0 0 0 0 0 0 0 0 0 0 0 0 0 0 0 0 0 0 0 0 0 0 0 0 0 0 0 0 0 0 0 0 0 0 0 0 0 0 0 0 0 0 0 0 0 0 0 0 0 0 0 0 0 0 0 0 0 0 0 0 0 0 0 0 0 0 0 0 0 0 0 0 0 0 0 0 0 0 0 0 0 0 0 0 0 0 0 0 0 0 0 0 0 0 0 0 0 0 0 0 0 0 0 0 0 0 0 0 0 0 0 0 0 0 0 0 0 0 0 0 0 0 0 0 0 0 0 0 0 0 0 0 0 0 0 0 0 0 0 0 0 0 0 0 0 0 0 0 0 0 0 0 0 0 0 0 0 0 0 0 0 0 0 0 0 0 0 0 0 0 0 0 0 0 0 0 0 0 0 0 0 0 0 0 0 0 0 0 0 0 0 0 0 0 0 0 0 0 0 0 0 0 0 0 0 0 0 0 0 0 0 0 0 0 0 0 0 0 0 0 0 0 0 0 0 0 0 0 0 0 0 0 0 0 0 0 0 0 0 0 0 0 0 0 0 0 0 0 0 0 0 0 0 0 0 0 0 0 0 0 0 0 0 0 0 0 0 0 0 0 0 0 0 0 0 0 0 0 0 0 0 0 0 0 0 0 0 0 0 0 0 0 0 0 0 0 0 0 0 0 0 0 0 0 0 0 0 0 0 0 0 0 0 0 0 0 0 0 0 0 0 0 0 0 0 0 0 0 0 0 0 0 0 0 0 0 0 0 0 0 0 0 0 0 0 0 0 0 0 0 0 0 0 0 0 0 0 0 0 0 0 0 0 0 0 0 0 0 0 0 0 0 0 0 0 0 0 0 0 0 0 0 0 0 0 0 0 0 0 0 0 0 0 0 0 0 0 0 0 0 0 0 0 0 0 0 0 0 0 0 0 0 0 0 0 0 0 0 0 0 0 0 0 0 0 0 0 0 0 0 0 0 0 0 0 0 0 0 0 0 0 0 0 0 0 0 0 0 0 0 0 0 0 0 0 0 0 0 0 0 0 0 0 0 0 0 0 0 0 0 0 0 0 0 0 0 0 0 0 0 0 0 0 0 0 0 0 0 0 0 0 0 0 0 0 </DataArray>
        <DataArray type="Float64" Name="U" format="ascii" NumberOfComponents="4">0.9999999909016883 2.999999968913665 7.645365934586473e-10 6.28569994036018 0.9999999866615459 2.999999954701009 6.768732619375288e-10 6.28569991452397 0.999999951813537 2.99999983551302 3.55722418578026e-09 6.285699687278624 0.9999999858996778 2.999999951580721 1.482796431420703e-09 6.285699906179081 0.9999999448185071 2.999999813038207 2.147972267522878e-09 6.28569965134332 0.9999999959844383 2.999999986155071 4.884285380336e-10 6.28569997281242 0.9999999280043343 2.999999752416387 8.045905574339571e-09 6.285699521015784 0.9999999834402151 2.999999944117795 3.794646931702532e-10 6.285699896226918 0.999999666398516 2.999998865195092 1.831295241066579e-08 6.28569788021928 0.9999996159052709 2.999998684992529 3.399785594494591e-08 6.285697504081101 0.9999999882316819 2.999999959227566 1.734305327545756e-09 6.285699919159015 0.9999999335386455 2.99999977579841 7.45549070008796e-10 6.285699586727041 0.9999996715566122 2.999998888872355 8.17549649869638e-09 6.28569795374035 0.9999995742295478 2.999998532240229 5.397208253506496e-08 6.285697162767885 0.999999997879804 2.999999992629067 3.451374342145315e-10 6.285699985190554 0.9999999215967519 2.99999972859308 1.167734028328017e-08 6.285699465741441 0.9999999794046401 2.999999930637349 -2.628245412018987e-11 6.285699871936762 0.9999982297726087 2.999993987126266 6.725412064423932e-08 6.28568892859218 0.9999978631703539 2.999992703082225 1.485192204051686e-07 6.285686389486919 0.9999976886694121 2.999992056945893 2.44963202171227e-07 6.285684929226861 0.9999999956584835 2.999999984839966 8.426105553591307e-10 6.285699969217545 0.9999999607647951 2.999999863291352 7.569122978411811e-09 6.28569972516388 0.9999999178261951 2.999999722680148 -1.218835578353812e-09 6.285699489075235 0.9999995582366428 2.999998507238161 -4.328050702357656e-10 6.285697265192717 0.9999985220662131 2.999994995718799 1.918695764500502e-08 6.285690858392712 0.999997835792007 2.999992514332268 3.192815363120833e-07 6.285685522195832 0.9999996637739852 2.999998833241441 5.7289548187384e-08 6.285697698895465 0.9999999991925907 2.999999997174014 1.686883803884963e-10 6.285699994202144 0.9999999773262822 2.999999923448794 -5.795268867636627e-10 6.285699857912533 0.9999930165731006 2.999976272741582 1.173974748152063e-07 6.285656810926796 0.9999902560322871 2.999966756453602 4.829674620602187e-07 6.285638951319237 0.9999884678799356 2.999960431833579 9.910272507080121e-07 6.28562625640699 0.9999882014254151 2.999959266014661 1.493973876765129e-06 6.285622683830912 0.9999999987914099 2.99999999575465 2.811116293398316e-10 6.285699991200408 0.9999999922832357 2.999999972968321 1.77539377593678e-09 6.285699944556438 0.999999768832291 2.999999193127272 5.086194092521332e-08 6.285698375785092 0.9999999133464013 2.999999706208333 -3.853529875336584e-09 6.285699452643978 0.9999994986073506 2.999998302836376 -1.342766503229614e-08 6.285696880915872 0.9999968237904115 2.99998922855872 -3.478994425655215e-08 6.285680366237377 0.999989916762646 2.999964979137792 1.74162407237624e-06 6.285632143849235 0.9999983414059272 2.999994228386757 3.233503331746425e-07 6.28568860129317 0.9999999997480657 2.99999999911175 5.684665623749198e-11 6.285699998134017 0.9999999690939819 2.999999891663155 7.703436191979954e-09 6.285699777519031 0.999999981644158 2.999999937755691 -9.803181768092763e-10 6.285699883156781 0.9999629257086168 2.999873372487633 1.001705774069771e-06 6.285470287791873 0.9999774599862772 2.999923210281673 -1.226842809556343e-07 6.285561002588922 0.9999506968538274 2.999830810539278 3.194286811895668e-06 6.28538976369367 0.999944098453897 2.999807043112838 5.967198967390223e-06 6.285340263558325 0.9999471020074099 2.999816346385272 8.064862012555529e-06 6.28535072792616 0.9999999994716572 2.999999998132179 1.089216166009602e-10 6.285699996046972 0.9999999967658848 2.999999988597537 7.993127164754079e-10 6.285699976024908 0.9999998581962377 2.999999502464911 3.942602357418602e-08 6.285698975487561 0.9999989358244623 2.999996277297824 2.670079473067577e-07 6.285692481249468 0.9999999647961104 2.999999879857711 -2.663303567123889e-09 6.285699771880904 0.9999993149859721 2.999997670239492 -3.647350871092081e-08 6.285695672748039 0.9999975149825473 2.999991558338052 -9.060416258122399e-08 6.285684523672154 0.9999871231976835 2.999956121923851 -4.353308502925066e-07 6.285620085461858 0.9999595006117603 2.999858666144909 8.27594271671354e-06 6.285425178693375 0.9999929780363832 2.999975480951186 1.590181238392978e-06 6.285651406279589 0.9999999998541731 2.999999999482668 0 6.285699998890427 0.9999999827343109 2.999999939172734 4.691339997857977e-09 6.285699871983137 0.9999999899417804 2.999999965595289 -8.698283426942092e-10 6.285699933998412 0.9999998004709392 2.999999318278057 -1.56981489217365e-08 6.285698711532982 0.9998753961058547 2.999572868774091 2.134959524733859e-07 6.284930921732853 0.9998181115145814 2.999374427997083 7.389037199056211e-06 6.284568126343512 0.9999271086333003 2.999750361177116 -2.27006837315887e-06 6.28524831438035 0.999771552245331 2.999210249337709 1.944179389972631e-05 6.284252155995878 0.9997614129871022 2.999170545962761 3.174346428441474e-05 6.2841506940979 0.9997951850648614 2.999284361097058 3.78885668970875e-05 6.284334181403507 0.9999999993609762 2.999999997735941 0 6.285699995146667 0.9999999964734814 2.999999987529551 0 6.285699973300233 0.9999994004093876 2.999997894880625 1.878067101264049e-07 6.285695649866183 0.9999999186245063 2.999999713459953 2.435884492049466e-08 6.28569939507822 0.9999959076245464 2.999985654193231 1.180371003680457e-06 6.285670893265397 0.999999982108287 2.99999993836755 -1.98288846033854e-09 6.285699880030023 0.9999999118368408 2.999999696183827 -1.019473100641657e-08 6.285699410984892 0.9999988382085802 2.999996028424089 -9.250664531228771e-08 6.285692555952462 0.9999945921705604 2.99998152719629 -3.389076700639338e-07 6.2856658325016 0.9999647517623675 2.99987913403461 -2.188828725084008e-06 6.285478527583532 0.9998600387632156 2.999509102759075 3.423882477537773e-05 6.284740236732352 0.999974581892408 2.999910939308309 6.736853132642322e-06 6.285522616608164 0.9999999820266704 2.999999936517061 0 6.285699863744508 0.9999999937216535 2.999999978261222 -8.068680813306338e-10 6.285699957029847 0.9999992676585137 2.999997476241031 -8.660101587031502e-08 6.285695154761285 0.999637358682278 2.998749259052145 -9.980018428891537e-06 6.28345077467273 0.9994153674934254 2.997979687106828 6.75918617295046e-06 6.28207743258886 0.9992069980535805 2.997248754489368 4.694663526441285e-05 6.280726870921308 0.9998109559339996 2.999348071030432 -1.186051847953011e-05 6.284514168407205 0.9990822305559355 2.996799195462724 0.0001023890970244734 6.279822832058244 0.9991276921628343 2.996942404483495 0.0001457128615943887 6.279967794471986 0.999335693652329 2.997663078196052 0.0001511420109244446 6.281212739091263 0.9999978528371378 2.999992460854379 7.633990507608111e-07 6.285684343134657 0.9999996594496903 2.999998802496458 1.122514361278206e-07 6.285697463074424 0.9999999145780929 2.999999698951775 0 6.285699352374062 0.9999862399428394 2.999951694191135 4.576472499550401e-06 6.285601478588018 0.9999999799706332 2.999999930368501 -3.205548743140168e-09 6.285699861193036 0.9999998091173996 2.999999337178541 -3.106257280451303e-08 6.285698692105603 0.9999962269313958 2.999987043338872 -3.626204619548977e-07 6.285675631641499 0.9999841918673777 2.999945622358011 -1.496701253099617e-06 6.285598506574798 0.9999161342110381 2.999710276136659 -8.298153637074233e-06 6.285163415053839 0.9999193786249445 2.999716680960969 2.517488317890565e-05 6.285132276419715 0.9995909206751896 2.998558591298825 0.0001211958801592572 6.282860862667553 0.9999999965047563 2.999999987812643 -6.213409028998119e-10 6.285699975385785 0.9999985126790842 2.999994833481924 -2.526612711409637e-07 6.285689885377785 0.999994769912963 2.999981922526489 -6.917358721500767e-07 6.2856654346919 0.9991282267404302 2.99697039543774 -5.524933018999099e-05 6.280224276414367 0.998396832039113 2.994418562273014 -3.804616865698398e-05 6.275712568999294 0.9976533923806965 2.991810355396777 5.728605516603363e-05 6.271052876168614 0.9970018974381916 2.989488451590331 0.000260005604252093 6.266671881871726 0.9995952532660752 2.998593245544022 -4.215213173508244e-05 6.28311289586617 0.9969088262112833 2.989109211393068 0.0004567015563202632 6.265619302653054 0.9973987274727993 2.990803947977835 0.0005503854428114908 6.268346243430386 0.9982238210818832 2.993712520378265 0.000502104729316755 6.273523785476782 0.9999934019394698 2.999976860856618 2.669742141338339e-06 6.285651683593542 0.9999987070985873 2.99999546684219 4.710310154966004e-07 6.285690362961343 0.9999996278841974 2.999998693737629 0 6.28569718582278 0.9999624472715074 2.999868163959279 1.449403292393335e-05 6.285429362867912 0.9999999938683296 2.999999978520935 -1.324939075768865e-09 6.285699956081642 0.9999999477106334 2.999999817204474 -1.093805412883803e-08 6.285699630239597 0.9999996003905287 2.999998603616121 -8.655600095320322e-08 6.28569719520598 0.9999688108122238 2.99989191129788 -4.3041283861593e-06 6.285495176785766 0.9998403435322761 2.99944413943457 -2.361010246100025e-05 6.284653754350611 0.9997990183681924 2.999292800441647 7.486405554367253e-05 6.284270959959418 0.9990165547788314 2.996524819515555 0.0003542456465286259 6.278794288047292 0.9999999988763528 2.99999999605421 -2.628631133754095e-10 6.285699991840321 0.9999973625933531 2.999990781074456 -5.996273205724511e-07 6.285681606740702 0.99999027796148 2.999966165454846 -1.76060706340796e-06 6.285634202545817 0.9982922570252433 2.994016781648653 -0.000189311707647778 6.274762426699722 0.996475706152667 2.987625903710724 -0.000237859882599446 6.263434615808061 0.9941687443478515 2.979470137579816 -0.0001304210792441995 6.249055363252301 0.9949216087417014 2.982133876682779 0.0002668077928112028 6.253677863764016 0.9903963880205865 2.965895349599823 0.001259026105912053 6.2236281967702 0.9992801645436997 2.997478426400793 -0.0001144621739230868 6.280985037215865 0.991386095281488 2.969327997990041 0.001692043815866728 6.228747556950154 0.9935113777168556 2.976875686817853 0.001741072964958076 6.241695736270154 0.9959747837858755 2.985686257981548 0.001397289598524061 6.257737911590446 0.9999805187177742 2.999931871772143 8.698975515027158e-06 6.285557764177316 0.9999952191051338 2.999983327668204 1.971170543359617e-06 6.285664592064201 0.9999985163100806 2.999994827566399 0 6.285688872687309 0.9999199015051523 2.999719681736417 3.61360842023955e-05 6.28512041782742 0.99999999823957 2.999999993788299 -4.584381824708256e-10 6.285699986980207 0.9999999868881145 2.999999953857203 -3.385253371972043e-09 6.285699904318268 0.9999999003211598 2.999999649888439 -2.5952247754915e-08 6.285699280592459 0.9999993660017745 2.99999777529165 -1.744517475058646e-07 6.285695455994132 0.9999473091151454 2.999816081049928 -1.021076546767796e-05 6.285344584659333 0.9913042255931495 2.969266732499691 0.0001816937454603869 6.230862151619293 0.9897979624695721 2.963840387305829 0.0007799782944306049 6.220721702408516 0.9997416581385576 2.999094333089784 -5.409181898504149e-05 6.283961169094974 0.999581959243008 2.998531883842891 0.0001847262773327071 6.282709839734839 0.9979937184829597 2.992911493404474 0.0008681205416987462 6.271501097476726 0.9999999996687892 2.999999998827427 -8.45396702055357e-11 6.285699997509072 0.9999961938178342 2.999986650543368 -1.107754083418642e-06 6.285672909861329 0.999984717282473 2.999946512035416 -3.67657867096906e-06 6.285593970966335 0.9971886995220911 2.990075183254994 -0.0004827604903571935 6.267250020284932 0.993545890429163 2.97714061451423 -0.0007938274559797242 6.24411086254443 0.9876771323118179 2.956167459026489 -0.000905241650799758 6.20708936580516 0.980973366910646 2.932039797415027 -0.000406588153881554 6.164617928003937 0.9753156477803937 2.911198938337677 0.004543391351141339 6.122998990194048 0.9738334826727857 2.906031199966752 0.002898993331117924 6.11643771122467 0.9988688073610135 2.996010364259137 -0.0002597901892495036 6.278084337166307 0.9797996464158121 2.927323520702265 0.005257462075811607 6.14956467343211 0.986180224550276 2.950423305900735 0.004681544508787603 6.190497887021582 0.9925999674607593 2.973648985194047 0.003117852657169683 6.233749944996024 0.9999804752452752 2.999932399934821 9.708274779068046e-06 6.285557361877695 0.9999952008902433 2.999983446074776 0 6.285664553857421 0.9998687627917919 2.999544321659866 6.791506082699484e-05 6.284753186106866 0.9999999993771074 2.999999997788755 -1.409939166599548e-10 6.285699995266821 0.9999999963187272 2.999999986965943 -9.888921213164987e-10 6.285699972265354 0.9999999747935109 2.999999911112647 -7.382044457214136e-09 6.285699813873149 0.9999998739786833 2.999999556430795 -3.921280591936185e-08 6.285699075351243 0.9999992840039635 2.99999748486726 -2.383067235033872e-07 6.285694786016688 0.9999192433522286 2.99971663996161 -2.087983011710351e-05 6.285141750787551 0.9757123396085919 2.912980822221588 0.001001435466398051 6.130475198488131 0.9996177546258982 2.998653464975551 -0.0001077277566391991 6.283061899154516 0.9992545783341116 2.997399199819177 0.0003811959713918562 6.280380209820724 0.996728054421804 2.988511658279709 0.001681072524939135 6.262539660929301 0.9999999998226852 2.999999999368543 0 6.285699998630635 0.9999802232710331 2.999930590793006 -6.06186557781102e-06 6.285559952442494 0.999996206668663 2.99998669228898 -1.369973554856685e-06 6.285672503621008 0.9900168305647674 2.964372768945777 -0.001928667150034878 6.21981504042745 0.995987152514926 2.985752942846258 -0.0009731980796782883 6.258688679730078 0.9793449369884686 2.925847932071832 -0.002885538430962079 6.151267427026477 0.9634225246660799 2.867804548167003 -0.002953611686384952 6.049073966008425 0.9494321918072699 2.81638908564259 -0.0004648825030814149 5.958791736191438 0.9475387701701725 2.808891812871697 0.01328678774452148 5.932649002260105 0.9409311580107926 2.784750909295576 0.009805044360829965 5.895544012427227 0.9426167773935354 2.791249268911224 0.004445335105409674 5.912311750325647 0.9982420863019379 2.993771878685489 -0.0005479150655973584 6.273569222046627 0.9607947009636679 2.857717441240486 0.01326389839779295 6.016807538611577 0.976117706779656 2.914021595002039 0.009938609554354046 6.119270236091458 0.9883880683079544 2.958708426288471 0.005617957284973898 6.203957557141966 0.9999654097978872 2.999882060495155 1.887703807490222e-05 6.285452953850708 0.9999904797114687 2.999967645549882 0 6.285631324623138 0.9997975728332367 2.999306413721611 0.0001143202986318144 6.284266910331287 0.9999999992192459 2.999999997224905 0 6.28569999399314 0.9999999802529906 2.9999999302916 -5.626503810873745e-09 6.285699851800788 0.9999998899311238 2.999999612856604 -3.51785152820767e-08 6.285699181326606 0.9999994944270829 2.999998226740081 -1.788998752722961e-07 6.285696259616016 0.9998980519328156 2.999641587791276 -3.336566822182202e-05 6.284981397920275 0.9995563373467489 2.99843592723491 -0.0001588693763809079 6.282577388331988 0.9990466136741625 2.996725584538577 0.0005339870883980271 6.27905079008987 0.9921941942301975 2.972511068605686 0.00415200284696943 6.230856944865131 0.9999999954923309 2.999999984041885 0 6.285699965609124 0.9999755251002296 2.999914117723165 -9.05620826283e-06 6.285524265769652 0.999998300092686 2.999994052971703 -6.571491918330357e-07 6.285687427838146 0.9704040091756831 2.892974947228581 -0.006646791933962023 6.0884255441745 0.9862597230013455 2.950703210174347 -0.003731006531311819 6.192870147217025 0.9940131112641103 2.978653238858 -0.001823812248402474 6.244728712631549 0.9440876445538158 2.796006460680224 -0.009171453797365704 5.916494273630293 0.9051969704190772 2.650780804207368 -0.008456823187750661 5.66079984542095 0.8930878808057354 2.605532493533835 0.001877775639148947 5.581998430743534 0.9104881157055953 2.670557002859482 0.03052785925409876 5.671698340504832 0.8900969512668737 2.593838943887206 0.02569509073522971 5.544391871683283 0.8861963917997535 2.579504738675048 0.01420293141585019 5.53003438538058 0.9984669649275941 2.994579503105111 -0.0006110776719592705 6.274900106446264 0.9379087929535423 2.773557491741968 0.02702651823351098 5.853915940779264 0.9661595988078853 2.878363862162117 0.01711088961313451 6.048615943317577 0.9952505581941177 2.983513394494955 0.002650032025219752 6.252810892914026 0.9842861723862775 2.944503298975322 0.008694701361349897 6.175940343533617 0.9999865756083551 2.999955478215097 0 6.285609030401122 0.9999586884684344 2.999862450957806 2.207118651955451e-05 6.285424123570829 0.9998144183946482 2.999375768475812 0.0001026060875543367 6.284448876575938 0.9999999748290214 2.999999911285555 0 6.285699809485966 0.9999998837937483 2.999999592003278 0 6.285699125642658 0.9999925841501198 2.999974034588141 -3.062721922404282e-06 6.285645941981359 0.9999995529310294 2.999998436364378 0 6.285696647467589 0.9998947555643687 2.999630556929977 -4.212330657201254e-05 6.284946917659332 0.9946882432936148 2.981086430164079 -0.001983677718629989 6.248736447564125 0.9996474709235474 2.998762483102977 -0.0001537773846904214 6.283182782823809 0.9983890940718112 2.994511678548989 0.0008687190690216319 6.274937171378731 0.9996170590555752 2.998718128684537 0.0001829050880988617 6.283264095005899 0.9999738946212913 2.999908644113504 -1.123480388912538e-05 6.28551084501121 0.9999933050901624 2.999976710771413 -2.989783228948359e-06 6.285650826232015 0.999998378970602 2.999994369770729 0 6.285687945704579 0.9270521130385465 2.732242082135096 -0.01969129659831501 5.79272321945369 0.9632743137977875 2.866700605188963 -0.01184254385559904 6.035119625506219 0.9844955906263173 2.944306707752418 -0.005505068756438981 6.178825820557467 0.8755307650582727 2.53778483051067 -0.02528452035234986 5.448526811300634 0.8173048667883029 2.314823958611935 -0.008714661412340705 5.061459146224773 0.813388431674705 2.300017774568256 0.0120464608179327 5.034008528419442 0.862609427173725 2.490393467326991 0.06264010484967558 5.329254173358522 0.8317777540832521 2.370968051681364 0.05420004850407166 5.129653095618279 0.8130251754980835 2.298446010884251 0.03583679014336855 5.018667221620911 0.998898431876634 2.996135185421363 -0.0005260806667938899 6.277870265375132 0.9957601222799899 2.984983783208691 -0.001924540003137184 6.255824127556702 0.9199171609232119 2.708331989333169 0.0436225558625258 5.725969702215955 0.9603561259692055 2.858671527958687 0.02323178802604815 6.010482335584802 0.9952632829859804 2.983781059575249 0.002447767500891977 6.254934876202006 0.985134428818438 2.948176564367078 0.008587628469325913 6.185045291893235 0.999989868544237 2.99996760277079 0 6.28564917980175 0.9999663373411427 2.99989063357381 3.076095394562956e-06 6.285539216690008 0.9999442347788905 2.999805596652982 -2.646892493758299e-05 6.285296362367489 0.9865248145511583 2.951813490770828 -0.005947153182250451 6.191427838383095 0.8178918089490439 2.316049268829982 -0.02640350479803845 5.057284221455411 0.9997544796632714 2.999145809403162 -0.0001238000298851698 6.283941568739078 0.9989384026527981 2.996430556561631 0.0003513054325271141 6.279511944209546 0.999934940200758 2.999780915149884 -0.0001035081183654276 6.285687270304949 0.9999958813152162 2.999985825394323 0 6.285669771540276 0.9183214936466542 2.699868376554408 -0.03169493148365228 5.72227725530764 0.8523133894187866 2.449006468456588 -0.04921097363067467 5.272000924508877 0.9632841105148761 2.867041393700204 -0.01545837401778629 6.030710351971591 0.7727322179510957 2.138740732658436 -0.05820301395647909 4.728037128658018 0.7337241158671423 1.98473127284087 0.0004293777201258742 4.475197219835186 0.7071045517983967 1.876410542618137 -0.0371938525940697 4.280020582887896 0.7202227945587923 1.931512985227331 0.0338978494454144 4.374554962452383 0.8446082369255592 2.425530790679827 0.093190295992888 5.200141315041917 0.7601792796630336 2.092640834527834 0.09974320762299069 4.615758713096842 0.728536158857775 1.965167757369263 0.07325828004915763 4.413900234726501 0.9993708295337913 2.997823083798715 -0.0003388609043701385 6.281258142042201 0.9972927730282608 2.990526963335004 -0.00141434933001577 6.266637206072042 0.990072144092532 2.964854557361388 -0.005124667006037387 6.216055556396005 0.9135489937420893 2.688148859827014 0.0554222716646883 5.689524203525449 0.962357323789196 2.867509979083054 0.02290300516300811 6.034764280124966 0.9884455976567592 2.960139300699851 0.005203965586336643 6.215028415110457 0.9975997200485454 2.991772943899642 9.151772529409281e-06 6.274118339047594 1.000013679009525 3.000043993828254 0 6.285840647588595 1.000052190646155 3.00016188375144 -8.547733358357605e-05 6.286200187254361 0.9999849214375531 2.999947991396343 -7.339247062605919e-06 6.285590549039077 0.9999374029209294 2.999783566209077 -3.273900795533554e-05 6.285249260032955 0.9698679583569525 2.891819742455714 -0.01539074876028527 6.074912737626738 0.7914598672591002 2.217692045113507 0.1089721481810263 4.827196109580684 0.9998679307945099 2.999547200293216 -7.290833856607432e-05 6.28476533052425 1.000094101220043 3.000206487233268 -0.0008535246212790018 6.288389731352604 1.000306128641722 3.000923024229625 -0.0005256267744039319 6.288441597753975 0.999991230551136 2.999970171817834 0 6.285636918453987 0.925197617763955 2.726917096505353 -0.03750378072614392 5.763644602477522 0.8491087427345148 2.438422039409851 -0.07098300101813075 5.234942727257131 0.7504717451410879 2.051679397032117 -0.1025737608786663 4.549564925114799 0.6559073290797071 1.664274590331398 -0.1047552033802998 3.891327394945235 0.6351356520269448 1.578827187716175 0.00489031280688279 3.767250318847332 0.6240280883919279 1.533194400429498 0.07368558498114376 3.675492030889877 0.8413445633050487 2.419091435897902 0.1153466899943905 5.198720678529249 0.7775113226190989 2.168334030346755 0.1527352704706249 4.733786111521867 0.6726557999033931 1.74197967329305 0.1852474856948862 3.985958368360815 0.6397126794899934 1.600891990761789 0.1382136716834149 3.765225773447452 0.9987243714888279 2.99561847726453 -0.0006987192193431524 6.276953683836441 0.9997644317732071 2.999202028702369 -0.000127259557051329 6.284103068859157 0.9945728388651809 2.98110270546222 -0.003002713233960103 6.248312915285358 0.9807185017002754 2.931826053535731 -0.010966816075971 6.152387137739519 0.9229974731197679 2.725482269365383 0.0510220742959542 5.781852701864967 0.974614955948833 2.910922171931553 0.01013149563569576 6.139229292186883 0.9964144261898114 2.986684802008595 -0.003862449745590177 6.27865975570388 1.001449199975598 3.004004035321502 -0.004412000255257216 6.303346907978778 1.000056390230688 3.000171665908846 0 6.286150676929492 1.000174942364651 3.0005190348856 -0.0002213511559704051 6.287068396728341 0.9999719310091569 2.999904323999067 -1.446022600615327e-05 6.285500278139056 0.9450402710386867 2.802113209615895 -0.03232678426327279 5.904081962515674 0.587270141990993 1.368976114109825 -0.06180587774491406 3.409846656762705 0.9999535558873318 2.999844071079719 -2.378138676442984e-05 6.285386755434669 1.001400845332584 3.004116282524627 -0.00238260277277026 6.297772486171072 1.00083905034255 3.002411156089902 -0.001189622465661857 6.292115542967785 0.999984468454362 2.999948070483117 0 6.285593888445689 0.8734472012500547 2.534631305415008 -0.07535542078911103 5.402366201987831 0.7528107337041683 2.065803177705724 -0.1451711933899798 4.553389143524472 0.6392779645507953 1.597111681970146 -0.1821028957281363 3.752038473959764 0.5616758982996333 1.249280488886231 -0.1720623382403788 3.20142621784003 0.5302854053288033 1.112543610323928 0.03598884466395952 2.995360725117864 0.5517065443342495 1.211699966098442 0.1328085011112194 3.138309321785514 0.8661924922497541 2.514336718052379 0.1024645225511451 5.427016134588584 0.7540997066310076 2.081002938762186 0.2135262791177392 4.610852143289892 0.6827331232499607 1.785290554034385 0.2322607798940461 4.06681274505236 0.5474018087640913 1.191108424504604 0.2252758125315605 3.092796076113681 0.9979768057479894 2.99310043061488 -0.0009626082111885801 6.272768092646494 0.9996553754268902 2.998843711393411 -0.0001378202205495211 6.283588835213653 0.9999619156689541 2.999874974342936 -6.870804660769858e-06 6.285504305714664 0.9912193580597446 2.969556262792079 -0.004686095744088403 6.228186569041419 0.9696542135907891 2.892868918332413 -0.01809875194817397 6.082995507815138 0.9522479185696622 2.827875874551078 0.01767188772957744 6.027484945134061 0.9953686085012805 2.978453508718896 -0.0161108648286908 6.303852838821268 1.006669212410751 3.017834768704714 -0.01713359446395183 6.355589018085309 1.005320211029499 3.015041197331009 -0.009345494851802002 6.330529433578521 1.000100241916524 3.000291686882942 0 6.286433239176583 1.000296880241176 3.000838664771916 -0.0003619568628004132 6.287828147767487 0.9134668964600994 2.688031999102489 -0.0583750194136671 5.697874448899508 0.4972599122340887 0.9461880017450762 -0.08352340972440407 2.745045756147667 0.5694684005408163 1.285438861977447 0.3077918922153405 3.25150140996875 0.9999851919674527 2.999951837480222 0 6.285618508026918 1.002794431781915 3.007869480525823 -0.004226324244740805 6.307265218183941 1.001565139985466 3.004258095367138 -0.002109809625948491 6.296721988044984 0.8185218191548932 2.328585898714972 -0.1286082136201179 5.027826820437314 0.629410746779542 1.552817108455718 -0.2522212275721681 3.680213993024518 0.537823561319224 1.127862680559769 -0.3179574657104586 3.021123699384678 0.4844364682188845 0.8602566624553815 -0.2154192652331869 2.637148835433815 0.4596361927456576 0.7338657546513376 0.023911478357781 2.466373516804493 0.4769360559287534 0.8336767678682657 0.1635801002291805 2.587415434929224 0.9216469028561505 2.705715552168257 0.03173957813247367 5.892503546411044 0.8051529192407652 2.271614644900496 0.1885508494699571 5.065510040743521 0.6248139651493965 1.531188212556148 0.3563296395806768 3.682013001866071 0.4599014667869002 0.6954886222869042 0.3490457884928835 2.453050608421914 0.9978882033953795 2.992720160316257 -4.649741430549715e-05 6.275358820042882 0.9997776730030645 2.999220764205821 0.0002529580890767495 6.285305828648399 0.9999902425309595 2.999961539868109 7.912932174492052e-05 6.285880632565656 1.000012401414348 3.000039107404343 0 6.28583754129394 0.9899366830765208 2.964838375841103 -0.003098211205424789 6.229013278016396 0.9647906688580469 2.875191324609936 -0.01814190606949934 6.072070265973597 0.9953635314186251 2.964825880103743 -0.04340925667852587 6.368766868541645 1.020168410251053 3.050342537891016 -0.05146008355148166 6.486865586968078 1.016152118843129 3.043067903167359 -0.0297417414959126 6.418585017903952 1.007047200208677 3.019000910322883 -0.01088405241263118 6.338427471730302 1.000103350973905 3.000284063427936 0 6.286391713938841 1.000251375000285 3.000667361983858 -0.0002819113314928662 6.287330761643869 0.7098084776443444 1.895991861825532 -0.2170407726066359 4.26063689573098 0.8497453799377508 2.45098273999301 -0.1160234645027658 5.277440239859693 0.4232661359406734 0.4789664110288629 -0.1238290405739166 2.188856732676105 0.6984874932695861 1.838089282199203 0.336264550874076 4.269970517224445 0.5149089881233824 0.9457794208840795 0.5033720433530262 2.876066993701281 0.9153072849707145 2.69526113950323 -0.05663822705744669 5.75539465106242 1.001376143309329 3.003566071502036 -0.001738946509172612 6.294690801695864 0.7516766876798628 2.068290190769946 -0.2165373364109973 4.592173207786868 0.6245909257001878 1.5237109197913 -0.3589600593408419 3.675942117493876 0.4503371293314824 0.6065174287489524 -0.3668667338369781 2.384197276368664 0.4192779258819024 0.4166301247638639 0.1549355157648214 2.157000801676403 0.9959248687115346 2.932727743547833 -0.09094262980359769 6.484543502646831 0.8848373396205949 2.538156413117555 0.077951761199235 5.741696290081942 0.7275489316045016 1.913699220912029 0.4128093128779911 4.57800013652113 0.6027241613144649 1.354609009085039 0.564181043988024 3.581561585848773 0.4568282028287248 0.312045057587737 0.6479682406048936 2.434286933220906 1.000144626231391 2.999411975685409 0.004678023084071774 6.29808314218746 1.000525917356156 3.00145550834068 0.001725899429901447 6.292520607112897 1.00043249667619 3.001287868582355 0.0007697575138322422 6.289605775858117 1.000075616328149 3.000229101221938 0.0001132128933672992 6.286377211767014 0.9955693197327413 2.981208643653826 0.009743605619465601 6.289583060103432 0.9759076393584747 2.907553568682066 0.006572180158108678 6.197227497177114 1.04060973931333 3.090672704820504 -0.1139570478697368 6.699763264596438 1.044074727834473 3.107599397993813 -0.08715357465122388 6.642308928139345 1.005985659116771 3.015371881076867 -0.008442984140494748 6.326635275037926 1.019768158634243 3.04982998860342 -0.03227479386015505 6.430226264696261 1.000066793858272 3.000175228546888 0 6.286116416235416 1.000474987013297 3.001217091049303 -0.0005585445151625034 6.288685820721385 0.5152479689423258 0.9403446188339388 -0.5146498164711146 2.881285884527673 0.8365893721618758 2.397667340315026 -0.1433450120404529 5.24564824217662 0.4144457230031895 0.07928811830516166 -0.3473839424806126 2.111589384105633 0.4032515064787088 0 0.0001771348533752621 2.02887420196046 0.4178917191597643 0.08807258249539383 0.3858711973912147 2.135948876566523 0.5312725270033418 0.6954766631796713 0.8721001540690654 3.029058495493451 1.000053945771831 3.000162606428396 0 6.28613381562317 0.9246134059097877 2.717317574001417 -0.03530032543646188 5.898695631807872 1.000133167154269 3.000337440182216 -0.000138750481857237 6.286504402305633 1.004107099224134 3.010048099250281 -0.005280077415707894 6.311507145050189 1.000863786713279 3.00214179627447 -0.001006433576224545 6.290944381417232 0.739341515151296 2.003886866461105 -0.2941003974177127 4.57542305601077 0.6166107871730854 1.425156531493821 -0.5321974109190838 3.679008133667165 0.4573067081589928 0.317767283004525 -0.6598505584838557 2.442531605278674 0.9972733150556516 2.867834893500429 -0.1385326222293666 6.628376420529713 1.070251853252579 3.12281241449478 -0.2272991004843529 7.037753504114161 0.8634865567008112 2.381338015698075 0.2223498922047953 5.681781881446764 0.6361190788196904 1.218075799404243 0.9713830391194823 3.882903253762833 1.00776134640699 3.020888301117414 0.01821943809133796 6.362380862011817 1.002595076164125 3.007446130237381 0.004991384019928467 6.309268812835686 1.000173715102454 3.000509762706153 0.0002191957785609191 6.287040767644395 1.014378062680211 3.032549878825156 0.04660239239767965 6.454344145763187 1.005331348252638 2.986691244715153 0.06714164504594183 6.466897717822143 1.077203044268703 3.170318023452225 -0.180361953778839 6.955876622900247 1.046375332804553 3.105818461641928 -0.08011958581780999 6.615362539145652 1.016158253807425 3.038468827573435 -0.02376564426527798 6.392587559925701 1.000030710170972 3.000077425544386 0 6.285880056407468 0.5310057015739271 0.6963414884752703 -0.8731846019556557 3.028614460837638 0.8525993121857574 2.431323457382883 -0.1421956565772565 5.473346059066163 0.7570705437463615 1.790031725554466 0.8620338479076426 4.862628291163666 1.002268117253797 3.006455041741583 0.003515471647856653 6.303654184936748 1.000691155486186 3.001989275114285 0.0009787349387440094 6.291001146876027 1.000089955111443 3.000259979223952 0 6.286352723226345 0.9591931425327545 2.812131878755379 0.02615999602666069 6.220357970867338 1.090870883690406 3.194459336504718 -0.1844390521704311 6.985460263208328 1.000051472873273 3.000125051441795 -4.863101823973746e-05 6.285990057190814 1.009916380054843 3.022509374897307 -0.0128963508552823 6.345289353178797 1.002083252238494 3.004903870145582 -0.002409329323416403 6.297821744385345 1.000352566614468 3.000849043102495 -0.0003772999903089063 6.287720206565067 0.7318130970403312 1.912951627848726 -0.4497167500616165 4.613303391865505 0.6319506451934126 1.204451575107236 -0.9605180738509078 3.842550564907046 1.01879206425865 2.822315849570407 -0.1503216577742887 6.894946001720614 1.115014975932219 3.139550859421269 -0.3861661549742553 7.495246303631202 1.132695392887911 3.249922970580661 -0.3334516230677043 7.435566677158127 0.9166003814473347 2.420502386719189 0.5524638745921728 6.138292918058552 1.022945518146266 3.05944088889321 0.04517555237652757 6.478787805351248 1.008148634998576 3.022381801981648 0.0138806448592737 6.351330620678391 1.000289270474704 3.000809351066125 0.0003527042861694405 6.287743623889239 1.051790328408909 3.119271662526893 0.1258150004781144 6.760189969884641 1.034577555824495 3.037297155590987 0.1545809972441763 6.768272631248394 1.036605531734916 3.078341578340294 -0.05567894392790486 6.518342649081273 1.094651310781124 3.186160715788236 -0.1721285262489215 6.938924760244003 1.000010592326407 3.000025712646815 0 6.285758457104889 0.9399230824415763 2.701403108731128 -0.002257752892831152 6.177107662508678 0.8725818442988167 2.425303394423065 -0.212181616626529 5.74056527307477 1.004383299550552 3.01180303911685 0.006373471070147609 6.317427070008103 1.001336925405239 3.003699281333623 0.001831299280933553 6.295350439782462 1.000089100951304 3.000244678255805 0 6.286296125479339 1.16211795054798 3.288092255065548 -0.353439853044087 7.524496846717248 1.000015443201603 3.000036139274041 -1.308618079123175e-05 6.285781600553765 1.000121510938166 3.000282612981628 -0.0001172788751564089 6.286352316838817 1.020434208202903 3.042093612811824 -0.02639313551300254 6.402030918001484 1.004371896703796 3.009633942653164 -0.004927383818575975 6.309811264923548 1.0008072268338 3.001839135730859 -0.0008320268723441496 6.29007717956271 0.7641878321963933 1.822007048409918 -0.8774323458652608 4.913367434484254 1.094873727997966 2.920097270358161 0 7.511710007033962 1.178442984959584 3.120554903697257 -0.5721081550482514 8.078039570140669 1.210715211340776 3.292554364553702 -0.5749903786724551 8.117287093282512 1.044430355632426 3.105902028760694 0.08314262280829378 6.626900764393449 1.015343587721175 3.039513499128367 0.0248868014869482 6.399271877137942 1.00120931031289 3.003205100013442 0.001550364799866903 6.293815028070805 1.000210117639201 3.000556799267866 0.0002347650135366725 6.287060602360384 1.102061683244669 3.193007374975381 0.2789314197190509 7.242210808252796 1.035018096032196 2.969621362552297 0.2021052729179747 6.904157314214173 1.071169843056496 3.131434485562711 -0.110103298969385 6.718382169034661 1.181095356254901 3.283256257851481 -0.3498739546962818 7.522832351174021 1.000002996730289 3.000007061389542 0 6.285715742537398 0.9216694784466378 2.449037709980295 -0.5589768735599504 6.167832503899987 1.098209303251928 3.206560391572059 0.2115545206586549 7.070000825919026 1.00644902645678 3.016378657200001 0.009074601086372558 6.32934592832248 1.00005893522838 3.00015428130626 0 6.28606683542753 1.254330551278585 3.340090996942261 -0.6086009727128012 8.271250351140903 1.000005710285654 3.000013030136421 -4.646536520520341e-06 6.285728922354373 1.000042521334115 3.000096180412206 -3.732206846242342e-05 6.285916895483343 1.00023803577202 3.000528404280292 -0.0002155086256173067 6.286910336064272 1.0350038643088 3.064021216886341 -0.04318362535609324 6.472035363952119 1.007821212433147 3.015926074013875 -0.008325332149568739 6.32610451819226 1.001548811903211 3.003330091261037 -0.001505452081753396 6.29363143059296 1.032886333848644 2.872010001865586 0.1563135236900833 6.994350055204436 1.27474703897495 3.144721895522208 -0.717762249271102 8.851585024047004 1.332498901280804 3.243178531443847 -0.9747033287164928 9.15568152892504 1.02276268818681 3.054290377071658 0.03544312366608586 6.441471902152083 1.063895515127322 3.137434593132742 0.112998514053728 6.73367161910959 1.000676642284152 3.001708143923636 0.0008043313915898486 6.289903603542445 1.000120138494972 3.000302733537943 0.0001246807456296625 6.286421136295005 1.17689313849436 3.301732289709964 0.4311498673379943 7.74391110445031 1.141973156739891 3.192740823214923 0.4364569382426197 7.684284769043527 1.12259929740422 3.181639819263729 -0.1865773539118576 6.994189175591513 1.350268126564617 3.331041502347866 -0.8411589501742539 8.955948892445466 1.000000699444871 3.000001617086121 0 6.285703543402244 1.098016238921911 2.957714578796199 -1.31492039479042e-15 7.540745886516222 1.139400134818318 3.252923490123425 0.2799420307475981 7.293305664960316 1.008286365055567 3.019705873342112 0.01107926483751652 6.337717690243371 1.002714765563117 3.006797943157067 0.003484494108273597 6.303051921137719 1.000029615545423 3.000074364521165 0 6.285872761130808 1.24593242742348 3.297848135892393 -0.4720110222418313 7.920606629319458 1.000000957835089 3.000002137034756 -6.569325138879212e-07 6.285704655597629 1.000049820427177 3.000108734837261 -4.018258303920171e-05 6.28594205316347 1.000442166821951 3.000940868420957 -0.0003788564634691055 6.287855506549461 1.011824928694044 3.022208890520707 -0.01133908514972502 6.342471803726415 1.053893196175492 3.085336518491764 -0.06150665367394959 6.554062233080023 1.001911159118194 3.003899468488919 -0.001636371884257077 6.294825456465212 1.202787020122441 3.173696711820231 0.6227960694426085 8.266893416604564 1.452133185357464 3.010017024294109 -1.449547796986318 10.12988989601743 1.026696114244582 3.058788593656747 0.03900877528777139 6.453695388539346 1.073973503925321 3.142886960998173 0.1208988934752332 6.757711866444675 1.000424797383796 3.001020832513793 0.0004620657742321257 6.288142991904341 1.00202753092122 3.004849222733354 0.002391215205508708 6.297721826989903 1.00005863390943 3.000141733083821 5.592222885434208e-05 6.286028487070221 1.262249429797512 3.329417636461148 0.7019438366324315 8.499550780948045 1.235908965115297 3.334223988572234 0.5309752342938121 8.059623388523136 1.499453048609649 3.109321531154544 -1.364380635204913 10.27774899065184 1.2331054979897 3.259935541202762 -0.3862445718479646 7.694702622495816 1.407314809616995 3.267527808314314 -0.8649573570225764 9.157998050237259 1 3 0 6.2857 1.000004790278458 3.000010445881942 -3.501016695136678e-06 6.285722718626816 1.148871510385945 3.179632239474322 -0.1980082668673231 7.0774420900031 1.286412674479926 3.206349868188498 0.731828433495212 8.953967547629022 1.174265359668641 3.265110710078831 0.3205034779480534 7.430171987557799 1.007466514616795 3.016772817037487 0.009175581671307598 6.329010363744999 1.00001123861938 3.000027232328003 0 6.285761752033766 1 3 0 6.2857 1.0000262379369 3.00005562883748 -1.852315912676785e-05 6.285821494556853 1.000261365697709 3.000544422387461 -0.0002002253738889133 6.286922468925198 1.004070656816673 3.007785958724438 -0.003439911737903869 6.304588163533802 1.025185170682229 3.041659498762929 -0.02312345420397264 6.401538448572598 1.067139134974231 3.0933415010969 -0.0653144749089168 6.595688744211937 1.36986868775579 3.259602688747905 1.073600353604786 9.447025781081559 1.635893978837044 2.504348278266614 -1.997151102292645 11.37498606738954 1.02450195405772 3.050215523258585 0.03223231951410454 6.426129506863713 1.066522641509316 3.117120953866129 0.09469822267430084 6.664943923736767 1.000179222130293 3.000412755074567 0.0001711184457247847 6.286650671824896 1.001469872512629 3.003358642910371 0.001584801313081289 6.293827317610514 1.000016818843288 3.000039243635809 1.400206321320141e-05 6.285788164118259 1.346940999956148 3.342845361009161 0.8116169556020927 8.893362884272971 1.604514883651044 2.933244741247694 -1.356037715429598 10.74856873510243 1.335473045717797 3.240901000874929 -0.5448004092490859 8.326884083471805 1 3 0 6.2857 1.001220667486795 3.002383772049817 -0.0009054883741639532 6.291206009852762 1.006856245935955 3.012402802245303 -0.005445211389886183 6.316388030428897 1.209514365376694 3.173125760358339 -0.2384219410322227 7.350281472128575 1.475041280818923 3.085475845356431 1.485886854999039 10.31273408211746 1.144217184220227 3.195162466611132 0.2207448123154437 7.114590847604193 1.005598424273743 3.011976668184068 0.006116219136846138 6.315651986960342 1.000003088428624 3.000007242886022 0 6.285716067168371 1.279053623651664 3.285718483265189 0.5231783530486447 8.103569858465558 1.000126100219944 3.000255902957329 -8.230436836439937e-05 6.286262230316657 1 3 0 6.2857 1.018003102461071 3.029333269660301 -0.01281002453300026 6.36233935679864 1.06020135572514 3.079376252202317 -0.04233135956583603 6.537978910423337 1.521976835217018 3.130209041007908 1.399679702581905 10.43127987983353 1.785652287222199 1.756027960466747 -2.201989406424706 12.35257208117267 1.017311477118731 3.033806726714376 0.01946756411896723 6.375710156137462 1.04515985910932 3.076291065038661 0.0524414622161478 6.514499634389109 1.000037805047109 3.000084537436106 3.184479835617432e-05 6.285888925665043 1.00092902191153 3.00204083778528 0.0008863821995792522 6.290482775228117 1.000004483070399 3.000010120544879 3.43359758038442e-06 6.285722234309149 1.448535386715926 3.228791275660062 0.9383682531173991 9.432300525986445 1.464176689114595 3.091260825200314 -0.7422473252049104 9.214820847632856 1.000484148502236 3.000924980957631 -0.0002727505905810576 6.287752072101734 1.003267876162488 3.005925270890181 -0.002003870564808604 6.299511418198069 1.170167407939116 3.138451181677705 -0.1193174734719128 7.040865611178901 1.655668136816062 2.578790056086456 2.056516447339909 11.55174702276627 1.73863409390663 2.491245056015444 -1.34338681847308 11.57668044990313 1.094652814026124 3.12807968563025 0.1083782812442566 6.752072574444327 1.269741244721789 3.229430157162918 0.406113078809368 7.837755629460539 1.00311616120624 3.006445369414648 0.002895528060669943 6.301095709404875 1.0001693723262 3.000373005184074 0.0001459005072223227 6.286544110638826 1.00000061633268 3.000001408877252 0 6.285703066966054 1.436420889543641 3.060485941642572 -0.503509932522321 8.785449797446191 1 3 0 6.2857 1.009412642148383 3.015858706300207 -0.004249971871328383 6.323168073854514 1.044391481690665 3.059342625913326 -0.0210926813765352 6.461705317634484 1.660038793754373 2.826948545922483 1.523755454797485 11.23714321474882 1.923256222347244 0.8963874883608822 -1.861367794838579 13.2112644623346 1.009503978208898 3.018170156443421 0.008750786547171364 6.331002832853948 1.02401920620837 3.040865897905965 0.02156932621620753 6.395652129915518 1.000033234314953 3.000072576082302 2.533645450498174e-05 6.285859244918425 1.000405944138529 3.000863495619714 0.000332686051981769 6.287654373352359 1.000000794063409 3.000001764573991 5.257206633066325e-07 6.285703822227787 1.513062611892362 3.065545446472248 0.8671040105062812 9.622312205174618 1 3 0 6.2857 1.001145502806931 3.002110582687546 -0.0004771005965368747 6.29033693905955 1.448185107314544 3.000614022912307 -0.3280824691611504 8.703786213236556 1.057826384398042 3.070434936845593 -0.01517223220647821 6.505355116888827 1.819189114679181 1.789678111389726 2.244185368757854 12.61386902631611 1.801353401072741 2.247506194542039 -0.9371232801024092 11.7775045168485 1.04939585846365 3.071002013889736 0.04075256866834705 6.502271711663083 1.161192936075132 3.152092317901095 0.1679210444648167 7.065718632276557 1.001542827010599 3.00310695766676 0.001214647059539587 6.29285912333561 1.000003689166326 3.00000803339793 2.626380695068608e-06 6.28571737645734 1 3 0 6.2857 1.340238483001131 3.150508854852752 0.4199374219328084 8.165601119203091 1.001846565343 3.003266115823794 -0.0004853229315713776 6.292883862278664 1.012118032338087 3.01931933624209 -0.003648110347208209 6.332274110480821 1.193792419183131 3.128383893960276 -0.06838732154790444 7.112138186523854 1.767699574823377 2.464086646548158 1.354759169814913 11.76893037236959 2.018197747056123 0.2493376094655091 -1.092419444177486 13.78065155229336 1.004869696218955 3.009104385966429 0.003616374153999105 6.307372937672454 1.013490485969428 3.022971295232228 0.009733641790211498 6.343984509653819 1.000020505500412 3.000043252152503 1.387840977964493e-05 6.285793854885549 1.000186062949734 3.000387391133044 0.0001343766710358919 6.286558050210564 1 3 0 6.2857 1.552217762575172 2.912486778296067 0.651318509109226 9.632733425728174 1 3 0 6.2857 1.436575862349426 2.985838040542524 -0.1319212251610785 8.542666798686211 1.826003687044398 2.166956750143427 -0.3672107276273357 11.72768057825288 1.069140436148022 3.079745822889271 -0.005378783313450345 6.546955463802965 1.015901977064396 3.02436933936345 -0.001886520118165292 6.345360662857654 1.95303287114428 0.9278325614758839 1.926664168277493 13.43853430622016 1.073262867832579 3.091557194871391 0.04824690901985082 6.589796712983079 1.01648923434824 3.027017454185153 0.00975627883073075 6.353495802381973 1.252483964830597 3.143717083764701 0.1990590194739735 7.488150481218309 1.000813194698035 3.001599933698807 0.0005483232383794391 6.289303524724923 1 3 0 6.2857 1 3 0 6.2857 1.002374241020435 3.004127634502312 -0.0003061542077108035 6.294771579954578 1.228484323281244 3.121401562897577 -0.008359667451134044 7.272782014776645 1.861537958491318 2.061616090251456 0.9573354897257824 12.25561021866649 2.058621260164707 0 -0.08549214262972836 14.02342089575156 1.002889139890875 3.005336580133341 0.001738072270031527 6.297957916656777 1 3 0 6.2857 1.000089374847167 3.000181449685185 5.527219333756394e-05 6.286094778169593 1.536402611380824 2.870773767468294 0.3510868380595553 9.319733323031169 1.5229607004621 2.863165542242721 0.05913684067480482 9.127326221910719 1.092476089368642 3.093162577861706 0.01594953938980737 6.648312211214566 1.018841680874507 3.02826014451774 0.0006697009705882457 6.355873594357337 1.003900093546029 3.006555240311473 -9.85096958290586e-05 6.300460615871096 2.040825829924458 0.2482004585607863 1.087437261998418 13.95661160252597 1.87573959811912 1.954432163290358 0.2985017589161956 12.17080067102144 1.018455574535353 3.028847858928611 0.00776548990601965 6.357748645106148 1.086999292839225 3.096160295291758 0.03816011441247874 6.631541364009452 1.005238408190785 3.009066650359695 0.002496286568489836 6.306821781136465 1.000336615582014 3.00065438302339 0.0001845027674095867 6.287131776508779 1.269186369891151 3.109209789403779 0.1009061167094512 7.523515204653592 1 3 0 6.2857 1.000984533014399 3.001803627904911 0.0004403066185710216 6.289697602429706 1 3 0 6.2857 1.019531787376136 3.029350951568103 0.00492181094608825 6.359510035000431 1.003028770571041 3.005200198099743 0.0003563800669030942 6.297208473223261 1.002413928943151 3.004318678507636 0.0007466845616671473 6.295158264180323 1 3 0 6.2857 1 3 0 6.2857 1 3 0 6.2857 </DataArray>
      </PointData>
    </Piece>
  </UnstructuredGrid>
</VTKFile>
