<?xml version="1.0"?>
<VTKFile type="UnstructuredGrid" version="2.2">
  <UnstructuredGrid>
    <Piece NumberOfPoints="2113" NumberOfCells="4023">
      <Points>
        <DataArray type="Float64" NumberOfComponents="3" format="ascii">-1.077114035788043e-19 0.195 0 -1.077114035788043e-19 0.2 0 0.005000000000000001 0.2 0 0.005000000000000001 0.195 0 -1.077114035788043e-19 0.19 0 0.01 0.2 0 0.005000000000000001 0.19 0 0.01 0.195 0 -1.077114035788043e-19 0.185 0 0.015 0.2 0 0.005000000000000001 0.185 0 0.01 0.19 0 0.015 0.195 0 -1.077114035788043e-19 0.18 0 0.02 0.2 0 0.005000000000000001 0.18 0 0.01 0.185 0 0.015 0.19 0 0.02 0.195 0 -1.077114035788043e-19 0.175 0 0.025 0.2 0 0.005000000000000001 0.175 0 0.01 0.18 0 0.015 0.185 0 0.02 0.19 0 0.025 0.195 0 -1.077114035788043e-19 0.17 0 0.03 0.2 0 0.005000000000000001 0.17 0 0.01 0.175 0 0.015 0.18 0 0.02 0.185 0 0.025 0.19 0 0.03 0.195 0 -1.077114035788043e-19 0.165 0 0.03500000000000001 0.2 0 0.005000000000000001 0.165 0 0.01 0.17 0 0.015 0.175 0 0.02 0.18 0 0.025 0.185 0 0.03 0.19 0 0.03500000000000001 0.195 0 -1.077114035788043e-19 0.16 0 0.04000000000000001 0.2 0 0.005000000000000001 0.16 0 0.01 0.165 0 0.015 0.17 0 0.02 0.175 0 0.025 0.18 0 0.03 0.185 0 0.03500000000000001 0.19 0 0.04000000000000001 0.195 0 -1.077114035788043e-19 0.155 0 0.04500000000000001 0.2 0 0.005000000000000001 0.155 0 0.01 0.16 0 0.015 0.165 0 0.02 0.17 0 0.025 0.175 0 0.03 0.18 0 0.03500000000000001 0.185 0 0.04000000000000001 0.19 0 0.04500000000000001 0.195 0 -1.077114035788043e-19 0.15 0 0.05000000000000001 0.2 0 0.005000000000000001 0.15 0 0.01 0.155 0 0.015 0.16 0 0.02 0.165 0 0.025 0.17 0 0.03 0.175 0 0.03500000000000001 0.18 0 0.04000000000000001 0.185 0 0.04500000000000001 0.19 0 0.05000000000000001 0.195 0 -1.077114035788043e-19 0.145 0 0.05500000000000001 0.2 0 0.005000000000000001 0.145 0 0.01 0.15 0 0.015 0.155 0 0.02 0.16 0 0.025 0.165 0 0.03 0.17 0 0.03500000000000001 0.175 0 0.04000000000000001 0.18 0 0.04500000000000001 0.185 0 0.05000000000000001 0.19 0 0.05500000000000001 0.195 0 -1.077114035788043e-19 0.14 0 0.06 0.2 0 0.005000000000000001 0.14 0 0.01 0.145 0 0.015 0.15 0 0.02 0.155 0 0.025 0.16 0 0.03 0.165 0 0.03500000000000001 0.17 0 0.04000000000000001 0.175 0 0.04500000000000001 0.18 0 0.05000000000000001 0.185 0 0.05500000000000001 0.19 0 0.06 0.195 0 -1.077114035788043e-19 0.135 0 0.06500000000000002 0.2 0 0.005000000000000001 0.135 0 0.01 0.14 0 0.015 0.145 0 0.02 0.15 0 0.025 0.155 0 0.03 0.16 0 0.03500000000000001 0.165 0 0.04000000000000001 0.17 0 0.04500000000000001 0.175 0 0.05000000000000001 0.18 0 0.05500000000000001 0.185 0 0.06 0.19 0 0.06500000000000002 0.195 0 -1.077114035788043e-19 0.13 0 0.07000000000000002 0.2 0 0.005000000000000001 0.13 0 0.01 0.135 0 0.015 0.14 0 0.02 0.145 0 0.025 0.15 0 0.03 0.155 0 0.03500000000000001 0.16 0 0.04000000000000001 0.165 0 0.04500000000000001 0.17 0 0.05000000000000001 0.175 0 0.05500000000000001 0.18 0 0.06 0.185 0 0.06500000000000002 0.19 0 0.07000000000000002 0.195 0 -1.077114035788043e-19 0.125 0 0.07500000000000001 0.2 0 0.005000000000000001 0.125 0 0.01 0.13 0 0.015 0.135 0 0.02 0.14 0 0.025 0.145 0 0.03 0.15 0 0.03500000000000001 0.155 0 0.04000000000000001 0.16 0 0.04500000000000001 0.165 0 0.05000000000000001 0.17 0 0.05500000000000001 0.175 0 0.06 0.18 0 0.06500000000000002 0.185 0 0.07000000000000002 0.19 0 0.07500000000000001 0.195 0 -1.077114035788043e-19 0.12 0 0.08000000000000002 0.2 0 0.005000000000000001 0.12 0 0.01 0.125 0 0.015 0.13 0 0.02 0.135 0 0.025 0.14 0 0.03 0.145 0 0.03500000000000001 0.15 0 0.04000000000000001 0.155 0 0.04500000000000001 0.16 0 0.05000000000000001 0.165 0 0.05500000000000001 0.17 0 0.06 0.175 0 0.06500000000000002 0.18 0 0.07000000000000002 0.185 0 0.07500000000000001 0.19 0 0.08000000000000002 0.195 0 -1.077114035788043e-19 0.115 0 0.08500000000000002 0.2 0 0.005000000000000001 0.115 0 0.01 0.12 0 0.015 0.125 0 0.02 0.13 0 0.025 0.135 0 0.03 0.14 0 0.03500000000000001 0.145 0 0.04000000000000001 0.15 0 0.04500000000000001 0.155 0 0.05000000000000001 0.16 0 0.05500000000000001 0.165 0 0.06 0.17 0 0.06500000000000002 0.175 0 0.07000000000000002 0.18 0 0.07500000000000001 0.185 0 0.08000000000000002 0.19 0 0.08500000000000002 0.195 0 -1.077114035788043e-19 0.11 0 0.09000000000000001 0.2 0 0.005000000000000001 0.11 0 0.01 0.115 0 0.015 0.12 0 0.02 0.125 0 0.025 0.13 0 0.03 0.135 0 0.03500000000000001 0.14 0 0.04000000000000001 0.145 0 0.04500000000000001 0.15 0 0.05000000000000001 0.155 0 0.05500000000000001 0.16 0 0.06 0.165 0 0.06500000000000002 0.17 0 0.07000000000000002 0.175 0 0.07500000000000001 0.18 0 0.08000000000000002 0.185 0 0.08500000000000002 0.19 0 0.09000000000000001 0.195 0 -1.077114035788043e-19 0.105 0 0.09500000000000001 0.2 0 0.005000000000000001 0.105 0 0.01 0.11 0 0.015 0.115 0 0.02 0.12 0 0.025 0.125 0 0.03 0.13 0 0.03500000000000001 0.135 0 0.04000000000000001 0.14 0 0.04500000000000001 0.145 0 0.05000000000000001 0.15 0 0.05500000000000001 0.155 0 0.06 0.16 0 0.06500000000000002 0.165 0 0.07000000000000002 0.17 0 0.07500000000000001 0.175 0 0.08000000000000002 0.18 0 0.08500000000000002 0.185 0 0.09000000000000001 0.19 0 0.09500000000000001 0.195 0 -1.077114035788043e-19 0.1 0 0.1 0.2 0 0.005000000000000001 0.1 0 0.01 0.105 0 0.015 0.11 0 0.02 0.115 0 0.025 0.12 0 0.03 0.125 0 0.03500000000000001 0.13 0 0.04000000000000001 0.135 0 0.04500000000000001 0.14 0 0.05000000000000001 0.145 0 0.05500000000000001 0.15 0 0.06 0.155 0 0.06500000000000002 0.16 0 0.07000000000000002 0.165 0 0.07500000000000001 0.17 0 0.08000000000000002 0.175 0 0.08500000000000002 0.18 0 0.09000000000000001 0.185 0 0.09500000000000001 0.19 0 0.1 0.195 0 -1.077114035788043e-19 0.09500000000000001 0 0.105 0.2 0 0.005000000000000001 0.09500000000000001 0 0.01 0.1 0 0.015 0.105 0 0.02 0.11 0 0.025 0.115 0 0.03 0.12 0 0.03500000000000001 0.125 0 0.04000000000000001 0.13 0 0.04500000000000001 0.135 0 0.05000000000000001 0.14 0 0.05500000000000001 0.145 0 0.06 0.15 0 0.06500000000000002 0.155 0 0.07000000000000002 0.16 0 0.07500000000000001 0.165 0 0.08000000000000002 0.17 0 0.08500000000000002 0.175 0 0.09000000000000001 0.18 0 0.09500000000000001 0.185 0 0.1 0.19 0 0.105 0.195 0 -1.077114035788043e-19 0.09000000000000001 0 0.11 0.2 0 0.005000000000000001 0.09000000000000001 0 0.01 0.09500000000000001 0 0.015 0.1 0 0.02 0.105 0 0.025 0.11 0 0.03 0.115 0 0.03500000000000001 0.12 0 0.04000000000000001 0.125 0 0.04500000000000001 0.13 0 0.05000000000000001 0.135 0 0.05500000000000001 0.14 0 0.06 0.145 0 0.06500000000000002 0.15 0 0.07000000000000002 0.155 0 0.07500000000000001 0.16 0 0.08000000000000002 0.165 0 0.08500000000000002 0.17 0 0.09000000000000001 0.175 0 0.09500000000000001 0.18 0 0.1 0.185 0 0.105 0.19 0 0.11 0.195 0 -1.077114035788043e-19 0.08500000000000002 0 0.115 0.2 0 0.005000000000000001 0.08500000000000002 0 0.01 0.09000000000000001 0 0.015 0.09500000000000001 0 0.02 0.1 0 0.025 0.105 0 0.03 0.11 0 0.03500000000000001 0.115 0 0.04000000000000001 0.12 0 0.04500000000000001 0.125 0 0.05000000000000001 0.13 0 0.05500000000000001 0.135 0 0.06 0.14 0 0.06500000000000002 0.145 0 0.07000000000000002 0.15 0 0.07500000000000001 0.155 0 0.08000000000000002 0.16 0 0.08500000000000002 0.165 0 0.09000000000000001 0.17 0 0.09500000000000001 0.175 0 0.1 0.18 0 0.105 0.185 0 0.11 0.19 0 0.115 0.195 0 -1.077114035788043e-19 0.08000000000000002 0 0.12 0.2 0 0.005000000000000001 0.08000000000000002 0 0.01 0.08500000000000002 0 0.015 0.09000000000000001 0 0.02 0.09500000000000001 0 0.025 0.1 0 0.03 0.105 0 0.03500000000000001 0.11 0 0.04000000000000001 0.115 0 0.04500000000000001 0.12 0 0.05000000000000001 0.125 0 0.05500000000000001 0.13 0 0.06 0.135 0 0.06500000000000002 0.14 0 0.07000000000000002 0.145 0 0.07500000000000001 0.15 0 0.08000000000000002 0.155 0 0.08500000000000002 0.16 0 0.09000000000000001 0.165 0 0.09500000000000001 0.17 0 0.1 0.175 0 0.105 0.18 0 0.11 0.185 0 0.115 0.19 0 0.12 0.195 0 -1.077114035788043e-19 0.07500000000000001 0 0.125 0.2 0 0.005000000000000001 0.07500000000000001 0 0.01 0.08000000000000002 0 0.015 0.08500000000000002 0 0.02 0.09000000000000001 0 0.025 0.09500000000000001 0 0.03 0.1 0 0.03500000000000001 0.105 0 0.04000000000000001 0.11 0 0.04500000000000001 0.115 0 0.05000000000000001 0.12 0 0.05500000000000001 0.125 0 0.06 0.13 0 0.06500000000000002 0.135 0 0.07000000000000002 0.14 0 0.07500000000000001 0.145 0 0.08000000000000002 0.15 0 0.08500000000000002 0.155 0 0.09000000000000001 0.16 0 0.09500000000000001 0.165 0 0.1 0.17 0 0.105 0.175 0 0.11 0.18 0 0.115 0.185 0 0.12 0.19 0 0.125 0.195 0 -1.077114035788043e-19 0.07000000000000002 0 0.13 0.2 0 0.005000000000000001 0.07000000000000002 0 0.01 0.07500000000000001 0 0.015 0.08000000000000002 0 0.02 0.08500000000000002 0 0.025 0.09000000000000001 0 0.03 0.09500000000000001 0 0.03500000000000001 0.1 0 0.04000000000000001 0.105 0 0.04500000000000001 0.11 0 0.05000000000000001 0.115 0 0.05500000000000001 0.12 0 0.06 0.125 0 0.06500000000000002 0.13 0 0.07000000000000002 0.135 0 0.07500000000000001 0.14 0 0.08000000000000002 0.145 0 0.08500000000000002 0.15 0 0.09000000000000001 0.155 0 0.09500000000000001 0.16 0 0.1 0.165 0 0.105 0.17 0 0.11 0.175 0 0.115 0.18 0 0.12 0.185 0 0.125 0.19 0 0.13 0.195 0 -1.077114035788043e-19 0.065 0 0.135 0.2 0 0.005000000000000001 0.065 0 0.01 0.07000000000000002 0 0.015 0.07500000000000001 0 0.02 0.08000000000000002 0 0.025 0.08500000000000002 0 0.03 0.09000000000000001 0 0.03500000000000001 0.09500000000000001 0 0.04000000000000001 0.1 0 0.04500000000000001 0.105 0 0.05000000000000001 0.11 0 0.05500000000000001 0.115 0 0.06 0.12 0 0.06500000000000002 0.125 0 0.07000000000000002 0.13 0 0.07500000000000001 0.135 0 0.08000000000000002 0.14 0 0.08500000000000002 0.145 0 0.09000000000000001 0.15 0 0.09500000000000001 0.155 0 0.1 0.16 0 0.105 0.165 0 0.11 0.17 0 0.115 0.175 0 0.12 0.18 0 0.125 0.185 0 0.13 0.19 0 0.135 0.195 0 -1.077114035788043e-19 0.06 0 0.14 0.2 0 0.005000000000000001 0.06 0 0.01 0.065 0 0.015 0.07000000000000002 0 0.02 0.07500000000000001 0 0.025 0.08000000000000002 0 0.03 0.08500000000000002 0 0.03500000000000001 0.09000000000000001 0 0.04000000000000001 0.09500000000000001 0 0.04500000000000001 0.1 0 0.05000000000000001 0.105 0 0.05500000000000001 0.11 0 0.06 0.115 0 0.06500000000000002 0.12 0 0.07000000000000002 0.125 0 0.07500000000000001 0.13 0 0.08000000000000002 0.135 0 0.08500000000000002 0.14 0 0.09000000000000001 0.145 0 0.09500000000000001 0.15 0 0.1 0.155 0 0.105 0.16 0 0.11 0.165 0 0.115 0.17 0 0.12 0.175 0 0.125 0.18 0 0.13 0.185 0 0.135 0.19 0 0.14 0.195 0 -1.077114035788043e-19 0.05500000000000001 0 0.145 0.2 0 0.005000000000000001 0.05500000000000001 0 0.01 0.06 0 0.015 0.065 0 0.02 0.07000000000000002 0 0.025 0.07500000000000001 0 0.03 0.08000000000000002 0 0.03500000000000001 0.08500000000000002 0 0.04000000000000001 0.09000000000000001 0 0.04500000000000001 0.09500000000000001 0 0.05000000000000001 0.1 0 0.05500000000000001 0.105 0 0.06 0.11 0 0.06500000000000002 0.115 0 0.07000000000000002 0.12 0 0.07500000000000001 0.125 0 0.08000000000000002 0.13 0 0.08500000000000002 0.135 0 0.09000000000000001 0.14 0 0.09500000000000001 0.145 0 0.1 0.15 0 0.105 0.155 0 0.11 0.16 0 0.115 0.165 0 0.12 0.17 0 0.125 0.175 0 0.13 0.18 0 0.135 0.185 0 0.14 0.19 0 0.145 0.195 0 -1.077114035788043e-19 0.05000000000000001 0 0.15 0.2 0 0.005000000000000001 0.05000000000000001 0 0.01 0.05500000000000001 0 0.015 0.06 0 0.02 0.065 0 0.025 0.07000000000000002 0 0.03 0.07500000000000001 0 0.03500000000000001 0.08000000000000002 0 0.04000000000000001 0.08500000000000002 0 0.04500000000000001 0.09000000000000001 0 0.05000000000000001 0.09500000000000001 0 0.05500000000000001 0.1 0 0.06 0.105 0 0.06500000000000002 0.11 0 0.07000000000000002 0.115 0 0.07500000000000001 0.12 0 0.08000000000000002 0.125 0 0.08500000000000002 0.13 0 0.09000000000000001 0.135 0 0.09500000000000001 0.14 0 0.1 0.145 0 0.105 0.15 0 0.11 0.155 0 0.115 0.16 0 0.12 0.165 0 0.125 0.17 0 0.13 0.175 0 0.135 0.18 0 0.14 0.185 0 0.145 0.19 0 0.15 0.195 0 -1.077114035788043e-19 0.04500000000000001 0 0.155 0.2 0 0.005000000000000001 0.04500000000000001 0 0.01 0.05000000000000001 0 0.015 0.05500000000000001 0 0.02 0.06 0 0.025 0.065 0 0.03 0.07000000000000002 0 0.03500000000000001 0.07500000000000001 0 0.04000000000000001 0.08000000000000002 0 0.04500000000000001 0.08500000000000002 0 0.05000000000000001 0.09000000000000001 0 0.05500000000000001 0.09500000000000001 0 0.06 0.1 0 0.06500000000000002 0.105 0 0.07000000000000002 0.11 0 0.07500000000000001 0.115 0 0.08000000000000002 0.12 0 0.08500000000000002 0.125 0 0.09000000000000001 0.13 0 0.09500000000000001 0.135 0 0.1 0.14 0 0.105 0.145 0 0.11 0.15 0 0.115 0.155 0 0.12 0.16 0 0.125 0.165 0 0.13 0.17 0 0.135 0.175 0 0.14 0.18 0 0.145 0.185 0 0.15 0.19 0 0.155 0.195 0 -1.077114035788043e-19 0.04000000000000001 0 0.16 0.2 0 0.005000000000000001 0.04000000000000001 0 0.01 0.04500000000000001 0 0.015 0.05000000000000001 0 0.02 0.05500000000000001 0 0.025 0.06 0 0.03 0.065 0 0.03500000000000001 0.07000000000000002 0 0.04000000000000001 0.07500000000000001 0 0.04500000000000001 0.08000000000000002 0 0.05000000000000001 0.08500000000000002 0 0.05500000000000001 0.09000000000000001 0 0.06 0.09500000000000001 0 0.06500000000000002 0.1 0 0.07000000000000002 0.105 0 0.07500000000000001 0.11 0 0.08000000000000002 0.115 0 0.08500000000000002 0.12 0 0.09000000000000001 0.125 0 0.09500000000000001 0.13 0 0.1 0.135 0 0.105 0.14 0 0.11 0.145 0 0.115 0.15 0 0.12 0.155 0 0.125 0.16 0 0.13 0.165 0 0.135 0.17 0 0.14 0.175 0 0.145 0.18 0 0.15 0.185 0 0.155 0.19 0 0.16 0.195 0 -1.077114035788043e-19 0.035 0 0.165 0.2 0 0.005000000000000001 0.035 0 0.01 0.04000000000000001 0 0.015 0.04500000000000001 0 0.02 0.05000000000000001 0 0.025 0.05500000000000001 0 0.03 0.06 0 0.03500000000000001 0.065 0 0.04000000000000001 0.07000000000000002 0 0.04500000000000001 0.07500000000000001 0 0.05000000000000001 0.08000000000000002 0 0.05500000000000001 0.08500000000000002 0 0.06 0.09000000000000001 0 0.06500000000000002 0.09500000000000001 0 0.07000000000000002 0.1 0 0.07500000000000001 0.105 0 0.08000000000000002 0.11 0 0.08500000000000002 0.115 0 0.09000000000000001 0.12 0 0.09500000000000001 0.125 0 0.1 0.13 0 0.105 0.135 0 0.11 0.14 0 0.115 0.145 0 0.12 0.15 0 0.125 0.155 0 0.13 0.16 0 0.135 0.165 0 0.14 0.17 0 0.145 0.175 0 0.15 0.18 0 0.155 0.185 0 0.16 0.19 0 0.165 0.195 0 -1.077114035788043e-19 0.03 0 0.17 0.2 0 0.005000000000000001 0.03 0 0.01 0.035 0 0.015 0.04000000000000001 0 0.02 0.04500000000000001 0 0.025 0.05000000000000001 0 0.03 0.05500000000000001 0 0.03500000000000001 0.06 0 0.04000000000000001 0.065 0 0.04500000000000001 0.07000000000000002 0 0.05000000000000001 0.07500000000000001 0 0.05500000000000001 0.08000000000000002 0 0.06 0.08500000000000002 0 0.06500000000000002 0.09000000000000001 0 0.07000000000000002 0.09500000000000001 0 0.07500000000000001 0.1 0 0.08000000000000002 0.105 0 0.08500000000000002 0.11 0 0.09000000000000001 0.115 0 0.09500000000000001 0.12 0 0.1 0.125 0 0.105 0.13 0 0.11 0.135 0 0.115 0.14 0 0.12 0.145 0 0.125 0.15 0 0.13 0.155 0 0.135 0.16 0 0.14 0.165 0 0.145 0.17 0 0.15 0.175 0 0.155 0.18 0 0.16 0.185 0 0.165 0.19 0 0.17 0.195 0 -1.077114035788043e-19 0.025 0 0.175 0.2 0 0.005000000000000001 0.025 0 0.01 0.03 0 0.015 0.035 0 0.02 0.04000000000000001 0 0.025 0.04500000000000001 0 0.03 0.05000000000000001 0 0.03500000000000001 0.05500000000000001 0 0.04000000000000001 0.06 0 0.04500000000000001 0.065 0 0.05000000000000001 0.07000000000000002 0 0.05500000000000001 0.07500000000000001 0 0.06 0.08000000000000002 0 0.06500000000000002 0.08500000000000002 0 0.07000000000000002 0.09000000000000001 0 0.07500000000000001 0.09500000000000001 0 0.08000000000000002 0.1 0 0.08500000000000002 0.105 0 0.09000000000000001 0.11 0 0.09500000000000001 0.115 0 0.1 0.12 0 0.105 0.125 0 0.11 0.13 0 0.115 0.135 0 0.12 0.14 0 0.125 0.145 0 0.13 0.15 0 0.135 0.155 0 0.14 0.16 0 0.145 0.165 0 0.15 0.17 0 0.155 0.175 0 0.16 0.18 0 0.165 0.185 0 0.17 0.19 0 0.175 0.195 0 -1.077114035788043e-19 0.02 0 0.18 0.2 0 0.005000000000000001 0.02 0 0.01 0.025 0 0.015 0.03 0 0.02 0.035 0 0.025 0.04000000000000001 0 0.03 0.04500000000000001 0 0.03500000000000001 0.05000000000000001 0 0.04000000000000001 0.05500000000000001 0 0.04500000000000001 0.06 0 0.05000000000000001 0.065 0 0.05500000000000001 0.07000000000000002 0 0.06 0.07500000000000001 0 0.06500000000000002 0.08000000000000002 0 0.07000000000000002 0.08500000000000002 0 0.07500000000000001 0.09000000000000001 0 0.08000000000000002 0.09500000000000001 0 0.08500000000000002 0.1 0 0.09000000000000001 0.105 0 0.09500000000000001 0.11 0 0.1 0.115 0 0.105 0.12 0 0.11 0.125 0 0.115 0.13 0 0.12 0.135 0 0.125 0.14 0 0.13 0.145 0 0.135 0.15 0 0.14 0.155 0 0.145 0.16 0 0.15 0.165 0 0.155 0.17 0 0.16 0.175 0 0.165 0.18 0 0.17 0.185 0 0.175 0.19 0 0.18 0.195 0 -1.077114035788043e-19 0.015 0 0.185 0.2 0 0.005000000000000001 0.015 0 0.01 0.02 0 0.015 0.025 0 0.02 0.03 0 0.025 0.035 0 0.03 0.04000000000000001 0 0.03500000000000001 0.04500000000000001 0 0.04000000000000001 0.05000000000000001 0 0.04500000000000001 0.05500000000000001 0 0.05000000000000001 0.06 0 0.05500000000000001 0.065 0 0.06 0.07000000000000002 0 0.06500000000000002 0.07500000000000001 0 0.07000000000000002 0.08000000000000002 0 0.07500000000000001 0.08500000000000002 0 0.08000000000000002 0.09000000000000001 0 0.08500000000000002 0.09500000000000001 0 0.09000000000000001 0.1 0 0.09500000000000001 0.105 0 0.1 0.11 0 0.105 0.115 0 0.11 0.12 0 0.115 0.125 0 0.12 0.13 0 0.125 0.135 0 0.13 0.14 0 0.135 0.145 0 0.14 0.15 0 0.145 0.155 0 0.15 0.16 0 0.155 0.165 0 0.16 0.17 0 0.165 0.175 0 0.17 0.18 0 0.175 0.185 0 0.18 0.19 0 0.185 0.195 0 -1.077114035788043e-19 0.01 0 0.19 0.2 0 0.005000000000000001 0.01 0 0.01 0.015 0 0.015 0.02 0 0.02 0.025 0 0.025 0.03 0 0.03 0.035 0 0.03500000000000001 0.04000000000000001 0 0.04000000000000001 0.04500000000000001 0 0.04500000000000001 0.05000000000000001 0 0.05000000000000001 0.05500000000000001 0 0.05500000000000001 0.06 0 0.06 0.065 0 0.06500000000000002 0.07000000000000002 0 0.07000000000000002 0.07500000000000001 0 0.07500000000000001 0.08000000000000002 0 0.08000000000000002 0.08500000000000002 0 0.08500000000000002 0.09000000000000001 0 0.09000000000000001 0.09500000000000001 0 0.09500000000000001 0.1 0 0.1 0.105 0 0.105 0.11 0 0.11 0.115 0 0.115 0.12 0 0.12 0.125 0 0.125 0.13 0 0.13 0.135 0 0.135 0.14 0 0.14 0.145 0 0.145 0.15 0 0.15 0.155 0 0.155 0.16 0 0.16 0.165 0 0.165 0.17 0 0.17 0.175 0 0.175 0.18 0 0.18 0.185 0 0.185 0.19 0 0.19 0.195 0 -1.077114035788043e-19 0.005 0 0.195 0.2 0 0.005000000000000001 0.005 0 0.01 0.01 0 0.015 0.015 0 0.02 0.02 0 0.025 0.025 0 0.03 0.03 0 0.03500000000000001 0.035 0 0.04000000000000001 0.04000000000000001 0 0.04500000000000001 0.04500000000000001 0 0.05000000000000001 0.05000000000000001 0 0.05500000000000001 0.05500000000000001 0 0.06 0.06 0 0.06500000000000002 0.065 0 0.07000000000000002 0.07000000000000002 0 0.07500000000000001 0.07500000000000001 0 0.08000000000000002 0.08000000000000002 0 0.08500000000000002 0.08500000000000002 0 0.09000000000000001 0.09000000000000001 0 0.09500000000000001 0.09500000000000001 0 0.1 0.1 0 0.105 0.105 0 0.11 0.11 0 0.115 0.115 0 0.12 0.12 0 0.125 0.125 0 0.13 0.13 0 0.135 0.135 0 0.14 0.14 0 0.145 0.145 0 0.15 0.15 0 0.155 0.155 0 0.16 0.16 0 0.165 0.165 0 0.17 0.17 0 0.175 0.175 0 0.18 0.18 0 0.185 0.185 0 0.19 0.19 0 0.195 0.195 0 1.077114035788043e-19 1.077114035788043e-19 0 0.2 0.2 0 0.005 1.077114035788043e-19 0 0.01 0.005 0 0.015 0.01 0 0.02 0.015 0 0.025 0.02 0 0.03 0.025 0 0.03500000000000001 0.03 0 0.04000000000000001 0.035 0 0.04500000000000001 0.04000000000000001 0 0.05000000000000001 0.04500000000000001 0 0.05500000000000001 0.05000000000000001 0 0.06 0.05500000000000001 0 0.06500000000000002 0.06 0 0.07000000000000002 0.065 0 0.07500000000000001 0.07000000000000002 0 0.08000000000000002 0.07500000000000001 0 0.08500000000000002 0.08000000000000002 0 0.09000000000000001 0.08500000000000002 0 0.09500000000000001 0.09000000000000001 0 0.1 0.09500000000000001 0 0.105 0.1 0 0.11 0.105 0 0.115 0.11 0 0.12 0.115 0 0.125 0.12 0 0.13 0.125 0 0.135 0.13 0 0.14 0.135 0 0.145 0.14 0 0.15 0.145 0 0.155 0.15 0 0.16 0.155 0 0.165 0.16 0 0.17 0.165 0 0.175 0.17 0 0.18 0.175 0 0.185 0.18 0 0.19 0.185 0 0.195 0.19 0 0.2 0.195 0 0.205 0.2 0 0.01 1.077114035788043e-19 0 0.015 0.005 0 0.02 0.01 0 0.025 0.015 0 0.03 0.02 0 0.03500000000000001 0.025 0 0.04000000000000001 0.03 0 0.04500000000000001 0.035 0 0.05000000000000001 0.04000000000000001 0 0.05500000000000001 0.04500000000000001 0 0.06 0.05000000000000001 0 0.06500000000000002 0.05500000000000001 0 0.07000000000000002 0.06 0 0.07500000000000001 0.065 0 0.08000000000000002 0.07000000000000002 0 0.08500000000000002 0.07500000000000001 0 0.09000000000000001 0.08000000000000002 0 0.09500000000000001 0.08500000000000002 0 0.1 0.09000000000000001 0 0.105 0.09500000000000001 0 0.11 0.1 0 0.115 0.105 0 0.12 0.11 0 0.125 0.115 0 0.13 0.12 0 0.135 0.125 0 0.14 0.13 0 0.145 0.135 0 0.15 0.14 0 0.155 0.145 0 0.16 0.15 0 0.165 0.155 0 0.17 0.16 0 0.175 0.165 0 0.18 0.17 0 0.185 0.175 0 0.19 0.18 0 0.195 0.185 0 0.2 0.19 0 0.205 0.195 0 0.21 0.2 0 0.015 1.077114035788043e-19 0 0.02 0.005 0 0.025 0.01 0 0.03 0.015 0 0.03500000000000001 0.02 0 0.04000000000000001 0.025 0 0.04500000000000001 0.03 0 0.05000000000000001 0.035 0 0.05500000000000001 0.04000000000000001 0 0.06 0.04500000000000001 0 0.06500000000000002 0.05000000000000001 0 0.07000000000000002 0.05500000000000001 0 0.07500000000000001 0.06 0 0.08000000000000002 0.065 0 0.08500000000000002 0.07000000000000002 0 0.09000000000000001 0.07500000000000001 0 0.09500000000000001 0.08000000000000002 0 0.1 0.08500000000000002 0 0.105 0.09000000000000001 0 0.11 0.09500000000000001 0 0.115 0.1 0 0.12 0.105 0 0.125 0.11 0 0.13 0.115 0 0.135 0.12 0 0.14 0.125 0 0.145 0.13 0 0.15 0.135 0 0.155 0.14 0 0.16 0.145 0 0.165 0.15 0 0.17 0.155 0 0.175 0.16 0 0.18 0.165 0 0.185 0.17 0 0.19 0.175 0 0.195 0.18 0 0.2 0.185 0 0.205 0.19 0 0.21 0.195 0 0.215 0.2 0 0.02 1.077114035788043e-19 0 0.025 0.005 0 0.03 0.01 0 0.03500000000000001 0.015 0 0.04000000000000001 0.02 0 0.04500000000000001 0.025 0 0.05000000000000001 0.03 0 0.05500000000000001 0.035 0 0.06 0.04000000000000001 0 0.06500000000000002 0.04500000000000001 0 0.07000000000000002 0.05000000000000001 0 0.07500000000000001 0.05500000000000001 0 0.08000000000000002 0.06 0 0.08500000000000002 0.065 0 0.09000000000000001 0.07000000000000002 0 0.09500000000000001 0.07500000000000001 0 0.1 0.08000000000000002 0 0.105 0.08500000000000002 0 0.11 0.09000000000000001 0 0.115 0.09500000000000001 0 0.12 0.1 0 0.125 0.105 0 0.13 0.11 0 0.135 0.115 0 0.14 0.12 0 0.145 0.125 0 0.15 0.13 0 0.155 0.135 0 0.16 0.14 0 0.165 0.145 0 0.17 0.15 0 0.175 0.155 0 0.18 0.16 0 0.185 0.165 0 0.19 0.17 0 0.195 0.175 0 0.2 0.18 0 0.205 0.185 0 0.21 0.19 0 0.215 0.195 0 0.22 0.2 0 0.025 1.077114035788043e-19 0 0.03 0.005 0 0.03500000000000001 0.01 0 0.04000000000000001 0.015 0 0.04500000000000001 0.02 0 0.05000000000000001 0.025 0 0.05500000000000001 0.03 0 0.06 0.035 0 0.06500000000000002 0.04000000000000001 0 0.07000000000000002 0.04500000000000001 0 0.07500000000000001 0.05000000000000001 0 0.08000000000000002 0.05500000000000001 0 0.08500000000000002 0.06 0 0.09000000000000001 0.065 0 0.09500000000000001 0.07000000000000002 0 0.1 0.07500000000000001 0 0.105 0.08000000000000002 0 0.11 0.08500000000000002 0 0.115 0.09000000000000001 0 0.12 0.09500000000000001 0 0.125 0.1 0 0.13 0.105 0 0.135 0.11 0 0.14 0.115 0 0.145 0.12 0 0.15 0.125 0 0.155 0.13 0 0.16 0.135 0 0.165 0.14 0 0.17 0.145 0 0.175 0.15 0 0.18 0.155 0 0.185 0.16 0 0.19 0.165 0 0.195 0.17 0 0.2 0.175 0 0.205 0.18 0 0.21 0.185 0 0.215 0.19 0 0.22 0.195 0 0.225 0.2 0 0.03 1.077114035788043e-19 0 0.03500000000000001 0.005 0 0.04000000000000001 0.01 0 0.04500000000000001 0.015 0 0.05000000000000001 0.02 0 0.05500000000000001 0.025 0 0.06 0.03 0 0.06500000000000002 0.035 0 0.07000000000000002 0.04000000000000001 0 0.07500000000000001 0.04500000000000001 0 0.08000000000000002 0.05000000000000001 0 0.08500000000000002 0.05500000000000001 0 0.09000000000000001 0.06 0 0.09500000000000001 0.065 0 0.1 0.07000000000000002 0 0.105 0.07500000000000001 0 0.11 0.08000000000000002 0 0.115 0.08500000000000002 0 0.12 0.09000000000000001 0 0.125 0.09500000000000001 0 0.13 0.1 0 0.135 0.105 0 0.14 0.11 0 0.145 0.115 0 0.15 0.12 0 0.155 0.125 0 0.16 0.13 0 0.165 0.135 0 0.17 0.14 0 0.175 0.145 0 0.18 0.15 0 0.185 0.155 0 0.19 0.16 0 0.195 0.165 0 0.2 0.17 0 0.205 0.175 0 0.21 0.18 0 0.215 0.185 0 0.22 0.19 0 0.225 0.195 0 0.23 0.2 0 0.035 1.077114035788043e-19 0 0.04000000000000001 0.005 0 0.04500000000000001 0.01 0 0.05000000000000001 0.015 0 0.05500000000000001 0.02 0 0.06 0.025 0 0.06500000000000002 0.03 0 0.07000000000000002 0.035 0 0.07500000000000001 0.04000000000000001 0 0.08000000000000002 0.04500000000000001 0 0.08500000000000002 0.05000000000000001 0 0.09000000000000001 0.05500000000000001 0 0.09500000000000001 0.06 0 0.1 0.065 0 0.105 0.07000000000000002 0 0.11 0.07500000000000001 0 0.115 0.08000000000000002 0 0.12 0.08500000000000002 0 0.125 0.09000000000000001 0 0.13 0.09500000000000001 0 0.135 0.1 0 0.14 0.105 0 0.145 0.11 0 0.15 0.115 0 0.155 0.12 0 0.16 0.125 0 0.165 0.13 0 0.17 0.135 0 0.175 0.14 0 0.18 0.145 0 0.185 0.15 0 0.19 0.155 0 0.195 0.16 0 0.2 0.165 0 0.205 0.17 0 0.21 0.175 0 0.215 0.18 0 0.22 0.185 0 0.225 0.19 0 0.23 0.195 0 0.235 0.2 0 0.04 1.077114035788043e-19 0 0.04500000000000001 0.005 0 0.05000000000000001 0.01 0 0.05500000000000001 0.015 0 0.06 0.02 0 0.06500000000000002 0.025 0 0.07000000000000002 0.03 0 0.07500000000000001 0.035 0 0.08000000000000002 0.04000000000000001 0 0.08500000000000002 0.04500000000000001 0 0.09000000000000001 0.05000000000000001 0 0.09500000000000001 0.05500000000000001 0 0.1 0.06 0 0.105 0.065 0 0.11 0.07000000000000002 0 0.115 0.07500000000000001 0 0.12 0.08000000000000002 0 0.125 0.08500000000000002 0 0.13 0.09000000000000001 0 0.135 0.09500000000000001 0 0.14 0.1 0 0.145 0.105 0 0.15 0.11 0 0.155 0.115 0 0.16 0.12 0 0.165 0.125 0 0.17 0.13 0 0.175 0.135 0 0.18 0.14 0 0.185 0.145 0 0.19 0.15 0 0.195 0.155 0 0.2 0.16 0 0.205 0.165 0 0.21 0.17 0 0.215 0.175 0 0.22 0.18 0 0.225 0.185 0 0.23 0.19 0 0.235 0.195 0 0.24 0.2 0 0.045 1.077114035788043e-19 0 0.05000000000000001 0.005 0 0.05500000000000001 0.01 0 0.06 0.015 0 0.06500000000000002 0.02 0 0.07000000000000002 0.025 0 0.07500000000000001 0.03 0 0.08000000000000002 0.035 0 0.08500000000000002 0.04000000000000001 0 0.09000000000000001 0.04500000000000001 0 0.09500000000000001 0.05000000000000001 0 0.1 0.05500000000000001 0 0.105 0.06 0 0.11 0.065 0 0.115 0.07000000000000002 0 0.12 0.07500000000000001 0 0.125 0.08000000000000002 0 0.13 0.08500000000000002 0 0.135 0.09000000000000001 0 0.14 0.09500000000000001 0 0.145 0.1 0 0.15 0.105 0 0.155 0.11 0 0.16 0.115 0 0.165 0.12 0 0.17 0.125 0 0.175 0.13 0 0.18 0.135 0 0.185 0.14 0 0.19 0.145 0 0.195 0.15 0 0.2 0.155 0 0.205 0.16 0 0.21 0.165 0 0.215 0.17 0 0.22 0.175 0 0.225 0.18 0 0.23 0.185 0 0.235 0.19 0 0.24 0.195 0 0.245 0.2 0 0.05 1.077114035788043e-19 0 0.05500000000000001 0.005 0 0.06 0.01 0 0.06500000000000002 0.015 0 0.07000000000000002 0.02 0 0.07500000000000001 0.025 0 0.08000000000000002 0.03 0 0.08500000000000002 0.035 0 0.09000000000000001 0.04000000000000001 0 0.09500000000000001 0.04500000000000001 0 0.1 0.05000000000000001 0 0.105 0.05500000000000001 0 0.11 0.06 0 0.115 0.065 0 0.12 0.07000000000000002 0 0.125 0.07500000000000001 0 0.13 0.08000000000000002 0 0.135 0.08500000000000002 0 0.14 0.09000000000000001 0 0.145 0.09500000000000001 0 0.15 0.1 0 0.155 0.105 0 0.16 0.11 0 0.165 0.115 0 0.17 0.12 0 0.175 0.125 0 0.18 0.13 0 0.185 0.135 0 0.19 0.14 0 0.195 0.145 0 0.2 0.15 0 0.205 0.155 0 0.21 0.16 0 0.215 0.165 0 0.22 0.17 0 0.225 0.175 0 0.23 0.18 0 0.235 0.185 0 0.24 0.19 0 0.245 0.195 0 0.25 0.2 0 0.055 1.077114035788043e-19 0 0.06 0.005 0 0.06500000000000002 0.01 0 0.07000000000000002 0.015 0 0.07500000000000001 0.02 0 0.08000000000000002 0.025 0 0.08500000000000002 0.03 0 0.09000000000000001 0.035 0 0.09500000000000001 0.04000000000000001 0 0.1 0.04500000000000001 0 0.105 0.05000000000000001 0 0.11 0.05500000000000001 0 0.115 0.06 0 0.12 0.065 0 0.125 0.07000000000000002 0 0.13 0.07500000000000001 0 0.135 0.08000000000000002 0 0.14 0.08500000000000002 0 0.145 0.09000000000000001 0 0.15 0.09500000000000001 0 0.155 0.1 0 0.16 0.105 0 0.165 0.11 0 0.17 0.115 0 0.175 0.12 0 0.18 0.125 0 0.185 0.13 0 0.19 0.135 0 0.195 0.14 0 0.2 0.145 0 0.205 0.15 0 0.21 0.155 0 0.215 0.16 0 0.22 0.165 0 0.225 0.17 0 0.23 0.175 0 0.235 0.18 0 0.24 0.185 0 0.245 0.19 0 0.25 0.195 0 0.2550000000000001 0.2 0 0.06 1.077114035788043e-19 0 0.06500000000000002 0.005 0 0.07000000000000002 0.01 0 0.07500000000000001 0.015 0 0.08000000000000002 0.02 0 0.08500000000000002 0.025 0 0.09000000000000001 0.03 0 0.09500000000000001 0.035 0 0.1 0.04000000000000001 0 0.105 0.04500000000000001 0 0.11 0.05000000000000001 0 0.115 0.05500000000000001 0 0.12 0.06 0 0.125 0.065 0 0.13 0.07000000000000002 0 0.135 0.07500000000000001 0 0.14 0.08000000000000002 0 0.145 0.08500000000000002 0 0.15 0.09000000000000001 0 0.155 0.09500000000000001 0 0.16 0.1 0 0.165 0.105 0 0.17 0.11 0 0.175 0.115 0 0.18 0.12 0 0.185 0.125 0 0.19 0.13 0 0.195 0.135 0 0.2 0.14 0 0.205 0.145 0 0.21 0.15 0 0.215 0.155 0 0.22 0.16 0 0.225 0.165 0 0.23 0.17 0 0.235 0.175 0 0.24 0.18 0 0.245 0.185 0 0.25 0.19 0 0.2550000000000001 0.195 0 0.2600000000000001 0.2 0 0.065 1.077114035788043e-19 0 0.07000000000000002 0.005 0 0.07500000000000001 0.01 0 0.08000000000000002 0.015 0 0.08500000000000002 0.02 0 0.09000000000000001 0.025 0 0.09500000000000001 0.03 0 0.1 0.035 0 0.105 0.04000000000000001 0 0.11 0.04500000000000001 0 0.115 0.05000000000000001 0 0.12 0.05500000000000001 0 0.125 0.06 0 0.13 0.065 0 0.135 0.07000000000000002 0 0.14 0.07500000000000001 0 0.145 0.08000000000000002 0 0.15 0.08500000000000002 0 0.155 0.09000000000000001 0 0.16 0.09500000000000001 0 0.165 0.1 0 0.17 0.105 0 0.175 0.11 0 0.18 0.115 0 0.185 0.12 0 0.19 0.125 0 0.195 0.13 0 0.2 0.135 0 0.205 0.14 0 0.21 0.145 0 0.215 0.15 0 0.22 0.155 0 0.225 0.16 0 0.23 0.165 0 0.235 0.17 0 0.24 0.175 0 0.245 0.18 0 0.25 0.185 0 0.2550000000000001 0.19 0 0.2600000000000001 0.195 0 0.2650000000000001 0.2 0 0.07000000000000001 1.077114035788043e-19 0 0.07500000000000001 0.005 0 0.08000000000000002 0.01 0 0.08500000000000002 0.015 0 0.09000000000000001 0.02 0 0.09500000000000001 0.025 0 0.1 0.03 0 0.105 0.035 0 0.11 0.04000000000000001 0 0.115 0.04500000000000001 0 0.12 0.05000000000000001 0 0.125 0.05500000000000001 0 0.13 0.06 0 0.135 0.065 0 0.14 0.07000000000000002 0 0.145 0.07500000000000001 0 0.15 0.08000000000000002 0 0.155 0.08500000000000002 0 0.16 0.09000000000000001 0 0.165 0.09500000000000001 0 0.17 0.1 0 0.175 0.105 0 0.18 0.11 0 0.185 0.115 0 0.19 0.12 0 0.195 0.125 0 0.2 0.13 0 0.205 0.135 0 0.21 0.14 0 0.215 0.145 0 0.22 0.15 0 0.225 0.155 0 0.23 0.16 0 0.235 0.165 0 0.24 0.17 0 0.245 0.175 0 0.25 0.18 0 0.2550000000000001 0.185 0 0.2600000000000001 0.19 0 0.2650000000000001 0.195 0 0.2700000000000001 0.2 0 0.075 1.077114035788043e-19 0 0.08000000000000002 0.005 0 0.08500000000000002 0.01 0 0.09000000000000001 0.015 0 0.09500000000000001 0.02 0 0.1 0.025 0 0.105 0.03 0 0.11 0.035 0 0.115 0.04000000000000001 0 0.12 0.04500000000000001 0 0.125 0.05000000000000001 0 0.13 0.05500000000000001 0 0.135 0.06 0 0.14 0.065 0 0.145 0.07000000000000002 0 0.15 0.07500000000000001 0 0.155 0.08000000000000002 0 0.16 0.08500000000000002 0 0.165 0.09000000000000001 0 0.17 0.09500000000000001 0 0.175 0.1 0 0.18 0.105 0 0.185 0.11 0 0.19 0.115 0 0.195 0.12 0 0.2 0.125 0 0.205 0.13 0 0.21 0.135 0 0.215 0.14 0 0.22 0.145 0 0.225 0.15 0 0.23 0.155 0 0.235 0.16 0 0.24 0.165 0 0.245 0.17 0 0.25 0.175 0 0.2550000000000001 0.18 0 0.2600000000000001 0.185 0 0.2650000000000001 0.19 0 0.2700000000000001 0.195 0 0.2750000000000001 0.2 0 0.08 1.077114035788043e-19 0 0.08500000000000002 0.005 0 0.09000000000000001 0.01 0 0.09500000000000001 0.015 0 0.1 0.02 0 0.105 0.025 0 0.11 0.03 0 0.115 0.035 0 0.12 0.04000000000000001 0 0.125 0.04500000000000001 0 0.13 0.05000000000000001 0 0.135 0.05500000000000001 0 0.14 0.06 0 0.145 0.065 0 0.15 0.07000000000000002 0 0.155 0.07500000000000001 0 0.16 0.08000000000000002 0 0.165 0.08500000000000002 0 0.17 0.09000000000000001 0 0.175 0.09500000000000001 0 0.18 0.1 0 0.185 0.105 0 0.19 0.11 0 0.195 0.115 0 0.2 0.12 0 0.205 0.125 0 0.21 0.13 0 0.215 0.135 0 0.22 0.14 0 0.225 0.145 0 0.23 0.15 0 0.235 0.155 0 0.24 0.16 0 0.245 0.165 0 0.25 0.17 0 0.2550000000000001 0.175 0 0.2600000000000001 0.18 0 0.2650000000000001 0.185 0 0.2700000000000001 0.19 0 0.2750000000000001 0.195 0 0.2800000000000001 0.2 0 0.08500000000000001 1.077114035788043e-19 0 0.09000000000000001 0.005 0 0.09500000000000001 0.01 0 0.1 0.015 0 0.105 0.02 0 0.11 0.025 0 0.115 0.03 0 0.12 0.035 0 0.125 0.04000000000000001 0 0.13 0.04500000000000001 0 0.135 0.05000000000000001 0 0.14 0.05500000000000001 0 0.145 0.06 0 0.15 0.065 0 0.155 0.07000000000000002 0 0.16 0.07500000000000001 0 0.165 0.08000000000000002 0 0.17 0.08500000000000002 0 0.175 0.09000000000000001 0 0.18 0.09500000000000001 0 0.185 0.1 0 0.19 0.105 0 0.195 0.11 0 0.2 0.115 0 0.205 0.12 0 0.21 0.125 0 0.215 0.13 0 0.22 0.135 0 0.225 0.14 0 0.23 0.145 0 0.235 0.15 0 0.24 0.155 0 0.245 0.16 0 0.25 0.165 0 0.2550000000000001 0.17 0 0.2600000000000001 0.175 0 0.2650000000000001 0.18 0 0.2700000000000001 0.185 0 0.2750000000000001 0.19 0 0.2800000000000001 0.195 0 0.2850000000000001 0.2 0 0.09 1.077114035788043e-19 0 0.09500000000000001 0.005 0 0.1 0.01 0 0.105 0.015 0 0.11 0.02 0 0.115 0.025 0 0.12 0.03 0 0.125 0.035 0 0.13 0.04000000000000001 0 0.135 0.04500000000000001 0 0.14 0.05000000000000001 0 0.145 0.05500000000000001 0 0.15 0.06 0 0.155 0.065 0 0.16 0.07000000000000002 0 0.165 0.07500000000000001 0 0.17 0.08000000000000002 0 0.175 0.08500000000000002 0 0.18 0.09000000000000001 0 0.185 0.09500000000000001 0 0.19 0.1 0 0.195 0.105 0 0.2 0.11 0 0.205 0.115 0 0.21 0.12 0 0.215 0.125 0 0.22 0.13 0 0.225 0.135 0 0.23 0.14 0 0.235 0.145 0 0.24 0.15 0 0.245 0.155 0 0.25 0.16 0 0.2550000000000001 0.165 0 0.2600000000000001 0.17 0 0.2650000000000001 0.175 0 0.2700000000000001 0.18 0 0.2750000000000001 0.185 0 0.2800000000000001 0.19 0 0.2850000000000001 0.195 0 0.29 0.2 0 0.095 1.077114035788043e-19 0 0.1 0.005 0 0.105 0.01 0 0.11 0.015 0 0.115 0.02 0 0.12 0.025 0 0.125 0.03 0 0.13 0.035 0 0.135 0.04000000000000001 0 0.14 0.04500000000000001 0 0.145 0.05000000000000001 0 0.15 0.05500000000000001 0 0.155 0.06 0 0.16 0.065 0 0.165 0.07000000000000002 0 0.17 0.07500000000000001 0 0.175 0.08000000000000002 0 0.18 0.08500000000000002 0 0.185 0.09000000000000001 0 0.19 0.09500000000000001 0 0.195 0.1 0 0.2 0.105 0 0.205 0.11 0 0.21 0.115 0 0.215 0.12 0 0.22 0.125 0 0.225 0.13 0 0.23 0.135 0 0.235 0.14 0 0.24 0.145 0 0.245 0.15 0 0.25 0.155 0 0.2550000000000001 0.16 0 0.2600000000000001 0.165 0 0.2650000000000001 0.17 0 0.2700000000000001 0.175 0 0.2750000000000001 0.18 0 0.2800000000000001 0.185 0 0.2850000000000001 0.19 0 0.29 0.195 0 0.295 0.2 0 0.1 1.077114035788043e-19 0 0.105 0.005 0 0.11 0.01 0 0.115 0.015 0 0.12 0.02 0 0.125 0.025 0 0.13 0.03 0 0.135 0.035 0 0.14 0.04000000000000001 0 0.145 0.04500000000000001 0 0.15 0.05000000000000001 0 0.155 0.05500000000000001 0 0.16 0.06 0 0.165 0.065 0 0.17 0.07000000000000002 0 0.175 0.07500000000000001 0 0.18 0.08000000000000002 0 0.185 0.08500000000000002 0 0.19 0.09000000000000001 0 0.195 0.09500000000000001 0 0.2 0.1 0 0.205 0.105 0 0.21 0.11 0 0.215 0.115 0 0.22 0.12 0 0.225 0.125 0 0.23 0.13 0 0.235 0.135 0 0.24 0.14 0 0.245 0.145 0 0.25 0.15 0 0.2550000000000001 0.155 0 0.2600000000000001 0.16 0 0.2650000000000001 0.165 0 0.2700000000000001 0.17 0 0.2750000000000001 0.175 0 0.2800000000000001 0.18 0 0.285 0.185 0 0.29 0.19 0 0.295 0.195 0 0.2999999999999999 0.2 0 0.105 1.077114035788043e-19 0 0.11 0.005 0 0.115 0.01 0 0.12 0.015 0 0.125 0.02 0 0.13 0.025 0 0.135 0.03 0 0.14 0.035 0 0.145 0.04000000000000001 0 0.15 0.04500000000000001 0 0.155 0.05000000000000001 0 0.16 0.05500000000000001 0 0.165 0.06 0 0.17 0.065 0 0.175 0.07000000000000002 0 0.18 0.07500000000000001 0 0.185 0.08000000000000002 0 0.19 0.08500000000000002 0 0.195 0.09000000000000001 0 0.2 0.09500000000000001 0 0.205 0.1 0 0.21 0.105 0 0.215 0.11 0 0.22 0.115 0 0.225 0.12 0 0.23 0.125 0 0.235 0.13 0 0.24 0.135 0 0.245 0.14 0 0.25 0.145 0 0.2550000000000001 0.15 0 0.2600000000000001 0.155 0 0.2650000000000001 0.16 0 0.2700000000000001 0.165 0 0.2750000000000001 0.17 0 0.2800000000000001 0.175 0 0.285 0.18 0 0.11 1.077114035788043e-19 0 0.115 0.005 0 0.12 0.01 0 0.125 0.015 0 0.13 0.02 0 0.135 0.025 0 0.14 0.03 0 0.145 0.035 0 0.15 0.04000000000000001 0 0.155 0.04500000000000001 0 0.16 0.05000000000000001 0 0.165 0.05500000000000001 0 0.17 0.06 0 0.175 0.065 0 0.18 0.07000000000000002 0 0.185 0.07500000000000001 0 0.19 0.08000000000000002 0 0.195 0.08500000000000002 0 0.2 0.09000000000000001 0 0.205 0.09500000000000001 0 0.21 0.1 0 0.215 0.105 0 0.22 0.11 0 0.225 0.115 0 0.23 0.12 0 0.235 0.125 0 0.24 0.13 0 0.245 0.135 0 0.25 0.14 0 0.2550000000000001 0.145 0 0.2600000000000001 0.15 0 0.2650000000000001 0.155 0 0.2700000000000001 0.16 0 0.2750000000000001 0.165 0 0.285 0.175 0 0.115 1.077114035788043e-19 0 0.12 0.005 0 0.125 0.01 0 0.13 0.015 0 0.135 0.02 0 0.14 0.025 0 0.145 0.03 0 0.15 0.035 0 0.155 0.04000000000000001 0 0.16 0.04500000000000001 0 0.165 0.05000000000000001 0 0.17 0.05500000000000001 0 0.175 0.06 0 0.18 0.065 0 0.185 0.07000000000000002 0 0.19 0.07500000000000001 0 0.195 0.08000000000000002 0 0.2 0.08500000000000002 0 0.205 0.09000000000000001 0 0.21 0.09500000000000001 0 0.215 0.1 0 0.22 0.105 0 0.225 0.11 0 0.23 0.115 0 0.235 0.12 0 0.24 0.125 0 0.245 0.13 0 0.25 0.135 0 0.2550000000000001 0.14 0 0.2600000000000001 0.145 0 0.2650000000000001 0.15 0 0.2700000000000001 0.155 0 0.2750000000000001 0.16 0 0.12 1.077114035788043e-19 0 0.125 0.005 0 0.13 0.01 0 0.135 0.015 0 0.14 0.02 0 0.145 0.025 0 0.15 0.03 0 0.155 0.035 0 0.16 0.04000000000000001 0 0.165 0.04500000000000001 0 0.17 0.05000000000000001 0 0.175 0.05500000000000001 0 0.18 0.06 0 0.185 0.065 0 0.19 0.07000000000000002 0 0.195 0.07500000000000001 0 0.2 0.08000000000000002 0 0.205 0.08500000000000002 0 0.21 0.09000000000000001 0 0.215 0.09500000000000001 0 0.22 0.1 0 0.225 0.105 0 0.23 0.11 0 0.235 0.115 0 0.24 0.12 0 0.245 0.125 0 0.25 0.13 0 0.2550000000000001 0.135 0 0.2600000000000001 0.14 0 0.2650000000000001 0.145 0 0.27 0.15 0 0.275 0.155 0 0.28 0.16 0 0.125 1.077114035788043e-19 0 0.13 0.005 0 0.135 0.01 0 0.14 0.015 0 0.145 0.02 0 0.15 0.025 0 0.155 0.03 0 0.16 0.035 0 0.165 0.04000000000000001 0 0.17 0.04500000000000001 0 0.175 0.05000000000000001 0 0.18 0.05500000000000001 0 0.185 0.06 0 0.19 0.065 0 0.195 0.07000000000000002 0 0.2 0.07500000000000001 0 0.205 0.08000000000000002 0 0.21 0.08500000000000002 0 0.215 0.09000000000000001 0 0.22 0.09500000000000001 0 0.225 0.1 0 0.23 0.105 0 0.235 0.11 0 0.24 0.115 0 0.245 0.12 0 0.25 0.125 0 0.255 0.13 0 0.27 0.145 0 0.13 1.077114035788043e-19 0 0.135 0.005 0 0.14 0.01 0 0.145 0.015 0 0.15 0.02 0 0.155 0.025 0 0.16 0.03 0 0.165 0.035 0 0.17 0.04000000000000001 0 0.175 0.04500000000000001 0 0.18 0.05000000000000001 0 0.185 0.05500000000000001 0 0.19 0.06 0 0.195 0.065 0 0.2 0.07000000000000002 0 0.205 0.07500000000000001 0 0.21 0.08000000000000002 0 0.215 0.08500000000000002 0 0.22 0.09000000000000001 0 0.225 0.09500000000000001 0 0.23 0.1 0 0.235 0.105 0 0.24 0.11 0 0.245 0.115 0 0.25 0.12 0 0.135 1.077114035788043e-19 0 0.14 0.005 0 0.145 0.01 0 0.15 0.015 0 0.155 0.02 0 0.16 0.025 0 0.165 0.03 0 0.17 0.035 0 0.175 0.04000000000000001 0 0.18 0.04500000000000001 0 0.185 0.05000000000000001 0 0.19 0.05500000000000001 0 0.195 0.06 0 0.2 0.065 0 0.205 0.07000000000000002 0 0.21 0.07500000000000001 0 0.215 0.08000000000000002 0 0.22 0.08500000000000002 0 0.225 0.09000000000000001 0 0.23 0.09500000000000001 0 0.235 0.1 0 0.24 0.105 0 0.245 0.11 0 0.25 0.115 0 0.14 1.077114035788043e-19 0 0.145 0.005 0 0.15 0.01 0 0.155 0.015 0 0.16 0.02 0 0.165 0.025 0 0.17 0.03 0 0.175 0.035 0 0.18 0.04000000000000001 0 0.185 0.04500000000000001 0 0.19 0.05000000000000001 0 0.195 0.05500000000000001 0 0.2 0.06 0 0.205 0.065 0 0.21 0.07000000000000002 0 0.215 0.07500000000000001 0 0.22 0.08000000000000002 0 0.225 0.08500000000000002 0 0.23 0.09000000000000001 0 0.235 0.09500000000000001 0 0.24 0.1 0 0.245 0.105 0 0.145 1.077114035788043e-19 0 0.15 0.005 0 0.155 0.01 0 0.16 0.015 0 0.165 0.02 0 0.17 0.025 0 0.175 0.03 0 0.18 0.035 0 0.185 0.04000000000000001 0 0.19 0.04500000000000001 0 0.195 0.05000000000000001 0 0.2 0.05500000000000001 0 0.205 0.06 0 0.21 0.065 0 0.215 0.07000000000000002 0 0.22 0.07500000000000001 0 0.225 0.08000000000000002 0 0.23 0.08500000000000002 0 0.235 0.09000000000000001 0 0.24 0.09500000000000001 0 0.245 0.1 0 0.25 0.105 0 0.15 1.077114035788043e-19 0 0.155 0.005 0 0.16 0.01 0 0.165 0.015 0 0.17 0.02 0 0.175 0.025 0 0.18 0.03 0 0.185 0.035 0 0.19 0.04000000000000001 0 0.195 0.04500000000000001 0 0.2 0.05000000000000001 0 0.205 0.05500000000000001 0 0.21 0.06 0 0.215 0.065 0 0.22 0.07000000000000002 0 0.225 0.07500000000000001 0 0.23 0.08000000000000002 0 0.235 0.08500000000000002 0 0.24 0.09 0 0.245 0.095 0 0.155 1.077114035788043e-19 0 0.16 0.005 0 0.165 0.01 0 0.17 0.015 0 0.175 0.02 0 0.18 0.025 0 0.185 0.03 0 0.19 0.035 0 0.195 0.04000000000000001 0 0.2 0.04500000000000001 0 0.205 0.05000000000000001 0 0.21 0.05500000000000001 0 0.215 0.06 0 0.22 0.065 0 0.225 0.07000000000000002 0 0.23 0.07500000000000001 0 0.235 0.08000000000000002 0 0.24 0.08500000000000001 0 0.16 1.077114035788043e-19 0 0.165 0.005 0 0.17 0.01 0 0.175 0.015 0 0.18 0.02 0 0.185 0.025 0 0.19 0.03 0 0.195 0.035 0 0.2 0.04000000000000001 0 0.205 0.04500000000000001 0 0.21 0.05000000000000001 0 0.215 0.05500000000000001 0 0.22 0.06 0 0.225 0.065 0 0.23 0.07000000000000002 0 0.235 0.07500000000000001 0 0.165 1.077114035788043e-19 0 0.17 0.005 0 0.175 0.01 0 0.18 0.015 0 0.185 0.02 0 0.19 0.025 0 0.195 0.03 0 0.2 0.035 0 0.205 0.04000000000000001 0 0.21 0.04500000000000001 0 0.215 0.05000000000000001 0 0.22 0.05500000000000001 0 0.225 0.06 0 0.23 0.065 0 0.235 0.07000000000000002 0 0.17 1.077114035788043e-19 0 0.175 0.005 0 0.18 0.01 0 0.185 0.015 0 0.19 0.02 0 0.195 0.025 0 0.2 0.03 0 0.205 0.035 0 0.21 0.04000000000000001 0 0.215 0.04500000000000001 0 0.22 0.05000000000000001 0 0.225 0.05500000000000001 0 0.23 0.06 0 0.235 0.065 0 0.24 0.07000000000000001 0 0.175 1.077114035788043e-19 0 0.18 0.005 0 0.185 0.01 0 0.19 0.015 0 0.195 0.02 0 0.2 0.025 0 0.205 0.03 0 0.21 0.035 0 0.215 0.04000000000000001 0 0.22 0.04500000000000001 0 0.225 0.05000000000000001 0 0.23 0.05500000000000001 0 0.235 0.06 0 0.24 0.065 0 0.18 1.077114035788043e-19 0 0.185 0.005 0 0.19 0.01 0 0.195 0.015 0 0.2 0.02 0 0.205 0.025 0 0.21 0.03 0 0.215 0.035 0 0.23 0.05 0 0.185 1.077114035788043e-19 0 0.19 0.005 0 0.195 0.01 0 0.2 0.015 0 0.205 0.02 0 0.21 0.025 0 0.215 0.03 0 0.19 1.077114035788043e-19 0 0.195 0.005 0 0.2 0.01 0 0.205 0.015 0 0.21 0.02 0 0.215 0.025 0 0.195 1.077114035788043e-19 0 0.2 0.005 0 0.205 0.01 0 0.215 0.02 0 0.2 1.077114035788043e-19 0 0.205 0.005 0 0.28 0.17 0 0.28 0.165 0 0.26 0.135 0 0.265 0.14 0 0.255 0.125 0 0.25 0.11 0 0.25 0.1 0 0.24 0.08 0 0.24 0.075 0 0.22 0.04 0 0.225 0.045 0 0.235 0.055 0 0.22 0.035 0 0.21 0.015 0 0.21 0.01 0 0.205 1.077114035788043e-19 0 0.21 0.005 0 0.21 -1.077114035788043e-19 0 0.215 0.01 0 0.215 0.015 0 0.22 0.025 0 0.22 0.03 0 0.225 0.04000000000000001 0 0.23 0.04500000000000001 0 0.235 0.05000000000000001 0 0.24 0.06 0 0.245 0.06999999999999999 0 0.245 0.07499999999999998 0 0.245 0.07999999999999999 0 0.245 0.08499999999999999 0 0.245 0.09000000000000001 0 0.25 0.09500000000000001 0 0.255 0.105 0 0.255 0.11 0 0.255 0.115 0 0.255 0.12 0 0.2600000000000001 0.13 0 0.2650000000000001 0.135 0 0.2700000000000001 0.14 0 0.2750000000000001 0.15 0 0.2800000000000001 0.155 0 0.285 0.165 0 0.2850000000000001 0.17 0 0.2899999999999999 0.18 0 0.29 0.185 0 0.295 0.19 0 0.3 0.195 0 </DataArray>
      </Points>
      <Cells>
        <DataArray type="Int32" Name="connectivity" format="ascii">0 1 2 0 3 2 4 0 3 3 2 5 4 6 3 3 7 5 8 4 6 6 3 7 7 5 9 8 10 6 6 11 7 7 12 9 13 8 10 10 6 11 11 7 12 12 9 14 13 15 10 10 16 11 11 17 12 12 18 14 19 13 15 15 10 16 16 11 17 17 12 18 18 14 20 19 21 15 15 22 16 16 23 17 17 24 18 18 25 20 26 19 21 21 15 22 22 16 23 23 17 24 24 18 25 25 20 27 26 28 21 21 29 22 22 30 23 23 31 24 24 32 25 25 33 27 34 26 28 28 21 29 29 22 30 30 23 31 31 24 32 32 25 33 33 27 35 34 36 28 28 37 29 29 38 30 30 39 31 31 40 32 32 41 33 33 42 35 43 34 36 36 28 37 37 29 38 38 30 39 39 31 40 40 32 41 41 33 42 42 35 44 43 45 36 36 46 37 37 47 38 38 48 39 39 49 40 40 50 41 41 51 42 42 52 44 53 43 45 45 36 46 46 37 47 47 38 48 48 39 49 49 40 50 50 41 51 51 42 52 52 44 54 53 55 45 45 56 46 46 57 47 47 58 48 48 59 49 49 60 50 50 61 51 51 62 52 52 63 54 64 53 55 55 45 56 56 46 57 57 47 58 58 48 59 59 49 60 60 50 61 61 51 62 62 52 63 63 54 65 64 66 55 55 67 56 56 68 57 57 69 58 58 70 59 59 71 60 60 72 61 61 73 62 62 74 63 63 75 65 76 64 66 66 55 67 67 56 68 68 57 69 69 58 70 70 59 71 71 60 72 72 61 73 73 62 74 74 63 75 75 65 77 76 78 66 66 79 67 67 80 68 68 81 69 69 82 70 70 83 71 71 84 72 72 85 73 73 86 74 74 87 75 75 88 77 89 76 78 78 66 79 79 67 80 80 68 81 81 69 82 82 70 83 83 71 84 84 72 85 85 73 86 86 74 87 87 75 88 88 77 90 89 91 78 78 92 79 79 93 80 80 94 81 81 95 82 82 96 83 83 97 84 84 98 85 85 99 86 86 100 87 87 101 88 88 102 90 103 89 91 91 78 92 92 79 93 93 80 94 94 81 95 95 82 96 96 83 97 97 84 98 98 85 99 99 86 100 100 87 101 101 88 102 102 90 104 103 105 91 91 106 92 92 107 93 93 108 94 94 109 95 95 110 96 96 111 97 97 112 98 98 113 99 99 114 100 100 115 101 101 116 102 102 117 104 118 103 105 105 91 106 106 92 107 107 93 108 108 94 109 109 95 110 110 96 111 111 97 112 112 98 113 113 99 114 114 100 115 115 101 116 116 102 117 117 104 119 118 120 105 105 121 106 106 122 107 107 123 108 108 124 109 109 125 110 110 126 111 111 127 112 112 128 113 113 129 114 114 130 115 115 131 116 116 132 117 117 133 119 134 118 120 120 105 121 121 106 122 122 107 123 123 108 124 124 109 125 125 110 126 126 111 127 127 112 128 128 113 129 129 114 130 130 115 131 131 116 132 132 117 133 133 119 135 134 136 120 120 137 121 121 138 122 122 139 123 123 140 124 124 141 125 125 142 126 126 143 127 127 144 128 128 145 129 129 146 130 130 147 131 131 148 132 132 149 133 133 150 135 151 134 136 136 120 137 137 121 138 138 122 139 139 123 140 140 124 141 141 125 142 142 126 143 143 127 144 144 128 145 145 129 146 146 130 147 147 131 148 148 132 149 149 133 150 150 135 152 151 153 136 136 154 137 137 155 138 138 156 139 139 157 140 140 158 141 141 159 142 142 160 143 143 161 144 144 162 145 145 163 146 146 164 147 147 165 148 148 166 149 149 167 150 150 168 152 169 151 153 153 136 154 154 137 155 155 138 156 156 139 157 157 140 158 158 141 159 159 142 160 160 143 161 161 144 162 162 145 163 163 146 164 164 147 165 165 148 166 166 149 167 167 150 168 168 152 170 169 171 153 153 172 154 154 173 155 155 174 156 156 175 157 157 176 158 158 177 159 159 178 160 160 179 161 161 180 162 162 181 163 163 182 164 164 183 165 165 184 166 166 185 167 167 186 168 168 187 170 188 169 171 171 153 172 172 154 173 173 155 174 174 156 175 175 157 176 176 158 177 177 159 178 178 160 179 179 161 180 180 162 181 181 163 182 182 164 183 183 165 184 184 166 185 185 167 186 186 168 187 187 170 189 188 190 171 171 191 172 172 192 173 173 193 174 174 194 175 175 195 176 176 196 177 177 197 178 178 198 179 179 199 180 180 200 181 181 201 182 182 202 183 183 203 184 184 204 185 185 205 186 186 206 187 187 207 189 208 188 190 190 171 191 191 172 192 192 173 193 193 174 194 194 175 195 195 176 196 196 177 197 197 178 198 198 179 199 199 180 200 200 181 201 201 182 202 202 183 203 203 184 204 204 185 205 205 186 206 206 187 207 207 189 209 208 210 190 190 211 191 191 212 192 192 213 193 193 214 194 194 215 195 195 216 196 196 217 197 197 218 198 198 219 199 199 220 200 200 221 201 201 222 202 202 223 203 203 224 204 204 225 205 205 226 206 206 227 207 207 228 209 229 208 210 210 190 211 211 191 212 212 192 213 213 193 214 214 194 215 215 195 216 216 196 217 217 197 218 218 198 219 219 199 220 220 200 221 221 201 222 222 202 223 223 203 224 224 204 225 225 205 226 226 206 227 227 207 228 228 209 230 229 231 210 210 232 211 211 233 212 212 234 213 213 235 214 214 236 215 215 237 216 216 238 217 217 239 218 218 240 219 219 241 220 220 242 221 221 243 222 222 244 223 223 245 224 224 246 225 225 247 226 226 248 227 227 249 228 228 250 230 251 229 231 231 210 232 232 211 233 233 212 234 234 213 235 235 214 236 236 215 237 237 216 238 238 217 239 239 218 240 240 219 241 241 220 242 242 221 243 243 222 244 244 223 245 245 224 246 246 225 247 247 226 248 248 227 249 249 228 250 250 230 252 251 253 231 231 254 232 232 255 233 233 256 234 234 257 235 235 258 236 236 259 237 237 260 238 238 261 239 239 262 240 240 263 241 241 264 242 242 265 243 243 266 244 244 267 245 245 268 246 246 269 247 247 270 248 248 271 249 249 272 250 250 273 252 274 251 253 253 231 254 254 232 255 255 233 256 256 234 257 257 235 258 258 236 259 259 237 260 260 238 261 261 239 262 262 240 263 263 241 264 264 242 265 265 243 266 266 244 267 267 245 268 268 246 269 269 247 270 270 248 271 271 249 272 272 250 273 273 252 275 274 276 253 253 277 254 254 278 255 255 279 256 256 280 257 257 281 258 258 282 259 259 283 260 260 284 261 261 285 262 262 286 263 263 287 264 264 288 265 265 289 266 266 290 267 267 291 268 268 292 269 269 293 270 270 294 271 271 295 272 272 296 273 273 297 275 298 274 276 276 253 277 277 254 278 278 255 279 279 256 280 280 257 281 281 258 282 282 259 283 283 260 284 284 261 285 285 262 286 286 263 287 287 264 288 288 265 289 289 266 290 290 267 291 291 268 292 292 269 293 293 270 294 294 271 295 295 272 296 296 273 297 297 275 299 298 300 276 276 301 277 277 302 278 278 303 279 279 304 280 280 305 281 281 306 282 282 307 283 283 308 284 284 309 285 285 310 286 286 311 287 287 312 288 288 313 289 289 314 290 290 315 291 291 316 292 292 317 293 293 318 294 294 319 295 295 320 296 296 321 297 297 322 299 323 298 300 300 276 301 301 277 302 302 278 303 303 279 304 304 280 305 305 281 306 306 282 307 307 283 308 308 284 309 309 285 310 310 286 311 311 287 312 312 288 313 313 289 314 314 290 315 315 291 316 316 292 317 317 293 318 318 294 319 319 295 320 320 296 321 321 297 322 322 299 324 323 325 300 300 326 301 301 327 302 302 328 303 303 329 304 304 330 305 305 331 306 306 332 307 307 333 308 308 334 309 309 335 310 310 336 311 311 337 312 312 338 313 313 339 314 314 340 315 315 341 316 316 342 317 317 343 318 318 344 319 319 345 320 320 346 321 321 347 322 322 348 324 349 323 325 325 300 326 326 301 327 327 302 328 328 303 329 329 304 330 330 305 331 331 306 332 332 307 333 333 308 334 334 309 335 335 310 336 336 311 337 337 312 338 338 313 339 339 314 340 340 315 341 341 316 342 342 317 343 343 318 344 344 319 345 345 320 346 346 321 347 347 322 348 348 324 350 349 351 325 325 352 326 326 353 327 327 354 328 328 355 329 329 356 330 330 357 331 331 358 332 332 359 333 333 360 334 334 361 335 335 362 336 336 363 337 337 364 338 338 365 339 339 366 340 340 367 341 341 368 342 342 369 343 343 370 344 344 371 345 345 372 346 346 373 347 347 374 348 348 375 350 376 349 351 351 325 352 352 326 353 353 327 354 354 328 355 355 329 356 356 330 357 357 331 358 358 332 359 359 333 360 360 334 361 361 335 362 362 336 363 363 337 364 364 338 365 365 339 366 366 340 367 367 341 368 368 342 369 369 343 370 370 344 371 371 345 372 372 346 373 373 347 374 374 348 375 375 350 377 376 378 351 351 379 352 352 380 353 353 381 354 354 382 355 355 383 356 356 384 357 357 385 358 358 386 359 359 387 360 360 388 361 361 389 362 362 390 363 363 391 364 364 392 365 365 393 366 366 394 367 367 395 368 368 396 369 369 397 370 370 398 371 371 399 372 372 400 373 373 401 374 374 402 375 375 403 377 404 376 378 378 351 379 379 352 380 380 353 381 381 354 382 382 355 383 383 356 384 384 357 385 385 358 386 386 359 387 387 360 388 388 361 389 389 362 390 390 363 391 391 364 392 392 365 393 393 366 394 394 367 395 395 368 396 396 369 397 397 370 398 398 371 399 399 372 400 400 373 401 401 374 402 402 375 403 403 377 405 404 406 378 378 407 379 379 408 380 380 409 381 381 410 382 382 411 383 383 412 384 384 413 385 385 414 386 386 415 387 387 416 388 388 417 389 389 418 390 390 419 391 391 420 392 392 421 393 393 422 394 394 423 395 395 424 396 396 425 397 397 426 398 398 427 399 399 428 400 400 429 401 401 430 402 402 431 403 403 432 405 433 404 406 406 378 407 407 379 408 408 380 409 409 381 410 410 382 411 411 383 412 412 384 413 413 385 414 414 386 415 415 387 416 416 388 417 417 389 418 418 390 419 419 391 420 420 392 421 421 393 422 422 394 423 423 395 424 424 396 425 425 397 426 426 398 427 427 399 428 428 400 429 429 401 430 430 402 431 431 403 432 432 405 434 433 435 406 406 436 407 407 437 408 408 438 409 409 439 410 410 440 411 411 441 412 412 442 413 413 443 414 414 444 415 415 445 416 416 446 417 417 447 418 418 448 419 419 449 420 420 450 421 421 451 422 422 452 423 423 453 424 424 454 425 425 455 426 426 456 427 427 457 428 428 458 429 429 459 430 430 460 431 431 461 432 432 462 434 463 433 435 435 406 436 436 407 437 437 408 438 438 409 439 439 410 440 440 411 441 441 412 442 442 413 443 443 414 444 444 415 445 445 416 446 446 417 447 447 418 448 448 419 449 449 420 450 450 421 451 451 422 452 452 423 453 453 424 454 454 425 455 455 426 456 456 427 457 457 428 458 458 429 459 459 430 460 460 431 461 461 432 462 462 434 464 463 465 435 435 466 436 436 467 437 437 468 438 438 469 439 439 470 440 440 471 441 441 472 442 442 473 443 443 474 444 444 475 445 445 476 446 446 477 447 447 478 448 448 479 449 449 480 450 450 481 451 451 482 452 452 483 453 453 484 454 454 485 455 455 486 456 456 487 457 457 488 458 458 489 459 459 490 460 460 491 461 461 492 462 462 493 464 494 463 465 465 435 466 466 436 467 467 437 468 468 438 469 469 439 470 470 440 471 471 441 472 472 442 473 473 443 474 474 444 475 475 445 476 476 446 477 477 447 478 478 448 479 479 449 480 480 450 481 481 451 482 482 452 483 483 453 484 484 454 485 485 455 486 486 456 487 487 457 488 488 458 489 489 459 490 490 460 491 491 461 492 492 462 493 493 464 495 494 496 465 465 497 466 466 498 467 467 499 468 468 500 469 469 501 470 470 502 471 471 503 472 472 504 473 473 505 474 474 506 475 475 507 476 476 508 477 477 509 478 478 510 479 479 511 480 480 512 481 481 513 482 482 514 483 483 515 484 484 516 485 485 517 486 486 518 487 487 519 488 488 520 489 489 521 490 490 522 491 491 523 492 492 524 493 493 525 495 526 494 496 496 465 497 497 466 498 498 467 499 499 468 500 500 469 501 501 470 502 502 471 503 503 472 504 504 473 505 505 474 506 506 475 507 507 476 508 508 477 509 509 478 510 510 479 511 511 480 512 512 481 513 513 482 514 514 483 515 515 484 516 516 485 517 517 486 518 518 487 519 519 488 520 520 489 521 521 490 522 522 491 523 523 492 524 524 493 525 525 495 527 526 528 496 496 529 497 497 530 498 498 531 499 499 532 500 500 533 501 501 534 502 502 535 503 503 536 504 504 537 505 505 538 506 506 539 507 507 540 508 508 541 509 509 542 510 510 543 511 511 544 512 512 545 513 513 546 514 514 547 515 515 548 516 516 549 517 517 550 518 518 551 519 519 552 520 520 553 521 521 554 522 522 555 523 523 556 524 524 557 525 525 558 527 559 526 528 528 496 529 529 497 530 530 498 531 531 499 532 532 500 533 533 501 534 534 502 535 535 503 536 536 504 537 537 505 538 538 506 539 539 507 540 540 508 541 541 509 542 542 510 543 543 511 544 544 512 545 545 513 546 546 514 547 547 515 548 548 516 549 549 517 550 550 518 551 551 519 552 552 520 553 553 521 554 554 522 555 555 523 556 556 524 557 557 525 558 558 527 560 559 561 528 528 562 529 529 563 530 530 564 531 531 565 532 532 566 533 533 567 534 534 568 535 535 569 536 536 570 537 537 571 538 538 572 539 539 573 540 540 574 541 541 575 542 542 576 543 543 577 544 544 578 545 545 579 546 546 580 547 547 581 548 548 582 549 549 583 550 550 584 551 551 585 552 552 586 553 553 587 554 554 588 555 555 589 556 556 590 557 557 591 558 558 592 560 593 559 561 561 528 562 562 529 563 563 530 564 564 531 565 565 532 566 566 533 567 567 534 568 568 535 569 569 536 570 570 537 571 571 538 572 572 539 573 573 540 574 574 541 575 575 542 576 576 543 577 577 544 578 578 545 579 579 546 580 580 547 581 581 548 582 582 549 583 583 550 584 584 551 585 585 552 586 586 553 587 587 554 588 588 555 589 589 556 590 590 557 591 591 558 592 592 560 594 593 595 561 561 596 562 562 597 563 563 598 564 564 599 565 565 600 566 566 601 567 567 602 568 568 603 569 569 604 570 570 605 571 571 606 572 572 607 573 573 608 574 574 609 575 575 610 576 576 611 577 577 612 578 578 613 579 579 614 580 580 615 581 581 616 582 582 617 583 583 618 584 584 619 585 585 620 586 586 621 587 587 622 588 588 623 589 589 624 590 590 625 591 591 626 592 592 627 594 628 593 595 595 561 596 596 562 597 597 563 598 598 564 599 599 565 600 600 566 601 601 567 602 602 568 603 603 569 604 604 570 605 605 571 606 606 572 607 607 573 608 608 574 609 609 575 610 610 576 611 611 577 612 612 578 613 613 579 614 614 580 615 615 581 616 616 582 617 617 583 618 618 584 619 619 585 620 620 586 621 621 587 622 622 588 623 623 589 624 624 590 625 625 591 626 626 592 627 627 594 629 628 630 595 595 631 596 596 632 597 597 633 598 598 634 599 599 635 600 600 636 601 601 637 602 602 638 603 603 639 604 604 640 605 605 641 606 606 642 607 607 643 608 608 644 609 609 645 610 610 646 611 611 647 612 612 648 613 613 649 614 614 650 615 615 651 616 616 652 617 617 653 618 618 654 619 619 655 620 620 656 621 621 657 622 622 658 623 623 659 624 624 660 625 625 661 626 626 662 627 627 663 629 664 628 630 630 595 631 631 596 632 632 597 633 633 598 634 634 599 635 635 600 636 636 601 637 637 602 638 638 603 639 639 604 640 640 605 641 641 606 642 642 607 643 643 608 644 644 609 645 645 610 646 646 611 647 647 612 648 648 613 649 649 614 650 650 615 651 651 616 652 652 617 653 653 618 654 654 619 655 655 620 656 656 621 657 657 622 658 658 623 659 659 624 660 660 625 661 661 626 662 662 627 663 663 629 665 664 666 630 630 667 631 631 668 632 632 669 633 633 670 634 634 671 635 635 672 636 636 673 637 637 674 638 638 675 639 639 676 640 640 677 641 641 678 642 642 679 643 643 680 644 644 681 645 645 682 646 646 683 647 647 684 648 648 685 649 649 686 650 650 687 651 651 688 652 652 689 653 653 690 654 654 691 655 655 692 656 656 693 657 657 694 658 658 695 659 659 696 660 660 697 661 661 698 662 662 699 663 663 700 665 701 664 666 666 630 667 667 631 668 668 632 669 669 633 670 670 634 671 671 635 672 672 636 673 673 637 674 674 638 675 675 639 676 676 640 677 677 641 678 678 642 679 679 643 680 680 644 681 681 645 682 682 646 683 683 647 684 684 648 685 685 649 686 686 650 687 687 651 688 688 652 689 689 653 690 690 654 691 691 655 692 692 656 693 693 657 694 694 658 695 695 659 696 696 660 697 697 661 698 698 662 699 699 663 700 700 665 702 701 703 666 666 704 667 667 705 668 668 706 669 669 707 670 670 708 671 671 709 672 672 710 673 673 711 674 674 712 675 675 713 676 676 714 677 677 715 678 678 716 679 679 717 680 680 718 681 681 719 682 682 720 683 683 721 684 684 722 685 685 723 686 686 724 687 687 725 688 688 726 689 689 727 690 690 728 691 691 729 692 692 730 693 693 731 694 694 732 695 695 733 696 696 734 697 697 735 698 698 736 699 699 737 700 700 738 702 739 701 703 703 666 704 704 667 705 705 668 706 706 669 707 707 670 708 708 671 709 709 672 710 710 673 711 711 674 712 712 675 713 713 676 714 714 677 715 715 678 716 716 679 717 717 680 718 718 681 719 719 682 720 720 683 721 721 684 722 722 685 723 723 686 724 724 687 725 725 688 726 726 689 727 727 690 728 728 691 729 729 692 730 730 693 731 731 694 732 732 695 733 733 696 734 734 697 735 735 698 736 736 699 737 737 700 738 738 702 740 739 741 703 703 742 704 704 743 705 705 744 706 706 745 707 707 746 708 708 747 709 709 748 710 710 749 711 711 750 712 712 751 713 713 752 714 714 753 715 715 754 716 716 755 717 717 756 718 718 757 719 719 758 720 720 759 721 721 760 722 722 761 723 723 762 724 724 763 725 725 764 726 726 765 727 727 766 728 728 767 729 729 768 730 730 769 731 731 770 732 732 771 733 733 772 734 734 773 735 735 774 736 736 775 737 737 776 738 738 777 740 778 739 741 741 703 742 742 704 743 743 705 744 744 706 745 745 707 746 746 708 747 747 709 748 748 710 749 749 711 750 750 712 751 751 713 752 752 714 753 753 715 754 754 716 755 755 717 756 756 718 757 757 719 758 758 720 759 759 721 760 760 722 761 761 723 762 762 724 763 763 725 764 764 726 765 765 727 766 766 728 767 767 729 768 768 730 769 769 731 770 770 732 771 771 733 772 772 734 773 773 735 774 774 736 775 775 737 776 776 738 777 777 740 779 778 780 741 741 781 742 742 782 743 743 783 744 744 784 745 745 785 746 746 786 747 747 787 748 748 788 749 749 789 750 750 790 751 751 791 752 752 792 753 753 793 754 754 794 755 755 795 756 756 796 757 757 797 758 758 798 759 759 799 760 760 800 761 761 801 762 762 802 763 763 803 764 764 804 765 765 805 766 766 806 767 767 807 768 768 808 769 769 809 770 770 810 771 771 811 772 772 812 773 773 813 774 774 814 775 775 815 776 776 816 777 777 817 779 818 778 780 780 741 781 781 742 782 782 743 783 783 744 784 784 745 785 785 746 786 786 747 787 787 748 788 788 749 789 789 750 790 790 751 791 791 752 792 792 753 793 793 754 794 794 755 795 795 756 796 796 757 797 797 758 798 798 759 799 799 760 800 800 761 801 801 762 802 802 763 803 803 764 804 804 765 805 805 766 806 806 767 807 807 768 808 808 769 809 809 770 810 810 771 811 811 772 812 812 773 813 813 774 814 814 775 815 815 776 816 816 777 817 817 779 819 818 820 780 780 821 781 781 822 782 782 823 783 783 824 784 784 825 785 785 826 786 786 827 787 787 828 788 788 829 789 789 830 790 790 831 791 791 832 792 792 833 793 793 834 794 794 835 795 795 836 796 796 837 797 797 838 798 798 839 799 799 840 800 800 841 801 801 842 802 802 843 803 803 844 804 804 845 805 805 846 806 806 847 807 807 848 808 808 849 809 809 850 810 810 851 811 811 852 812 812 853 813 813 854 814 814 855 815 815 856 816 816 857 817 817 858 819 859 818 820 820 780 821 821 781 822 822 782 823 823 783 824 824 784 825 825 785 826 826 786 827 827 787 828 828 788 829 829 789 830 830 790 831 831 791 832 832 792 833 833 793 834 834 794 835 835 795 836 836 796 837 837 797 838 838 798 839 839 799 840 840 800 841 841 801 842 842 802 843 843 803 844 844 804 845 845 805 846 846 806 847 847 807 848 848 808 849 849 809 850 850 810 851 851 811 852 852 812 853 853 813 854 854 814 855 855 815 856 856 816 857 857 817 858 858 819 860 859 861 820 820 862 821 821 863 822 822 864 823 823 865 824 824 866 825 825 867 826 826 868 827 827 869 828 828 870 829 829 871 830 830 872 831 831 873 832 832 874 833 833 875 834 834 876 835 835 877 836 836 878 837 837 879 838 838 880 839 839 881 840 840 882 841 841 883 842 842 884 843 843 885 844 844 886 845 845 887 846 846 888 847 847 889 848 848 890 849 849 891 850 850 892 851 851 893 852 852 894 853 853 895 854 854 896 855 855 897 856 856 898 857 857 899 858 858 900 860 861 820 862 862 821 863 863 822 864 864 823 865 865 824 866 866 825 867 867 826 868 868 827 869 869 828 870 870 829 871 871 830 872 872 831 873 873 832 874 874 833 875 875 834 876 876 835 877 877 836 878 878 837 879 879 838 880 880 839 881 881 840 882 882 841 883 883 842 884 884 843 885 885 844 886 886 845 887 887 846 888 888 847 889 889 848 890 890 849 891 891 850 892 892 851 893 893 852 894 894 853 895 895 854 896 896 855 897 897 856 898 898 857 899 899 858 900 900 860 901 861 902 862 862 903 863 863 904 864 864 905 865 865 906 866 866 907 867 867 908 868 868 909 869 869 910 870 870 911 871 871 912 872 872 913 873 873 914 874 874 915 875 875 916 876 876 917 877 877 918 878 878 919 879 879 920 880 880 921 881 881 922 882 882 923 883 883 924 884 884 925 885 885 926 886 886 927 887 887 928 888 888 929 889 889 930 890 890 931 891 891 932 892 892 933 893 893 934 894 894 935 895 895 936 896 896 937 897 897 938 898 898 939 899 899 940 900 900 941 901 902 862 903 903 863 904 904 864 905 905 865 906 906 866 907 907 867 908 908 868 909 909 869 910 910 870 911 911 871 912 912 872 913 913 873 914 914 874 915 915 875 916 916 876 917 917 877 918 918 878 919 919 879 920 920 880 921 921 881 922 922 882 923 923 883 924 924 884 925 925 885 926 926 886 927 927 887 928 928 888 929 929 889 930 930 890 931 931 891 932 932 892 933 933 893 934 934 894 935 935 895 936 936 896 937 937 897 938 938 898 939 939 899 940 940 900 941 941 901 942 902 943 903 903 944 904 904 945 905 905 946 906 906 947 907 907 948 908 908 949 909 909 950 910 910 951 911 911 952 912 912 953 913 913 954 914 914 955 915 915 956 916 916 957 917 917 958 918 918 959 919 919 960 920 920 961 921 921 962 922 922 963 923 923 964 924 924 965 925 925 966 926 926 967 927 927 968 928 928 969 929 929 970 930 930 971 931 931 972 932 932 973 933 933 974 934 934 975 935 935 976 936 936 977 937 937 978 938 938 979 939 939 980 940 940 981 941 941 982 942 943 903 944 944 904 945 945 905 946 946 906 947 947 907 948 948 908 949 949 909 950 950 910 951 951 911 952 952 912 953 953 913 954 954 914 955 955 915 956 956 916 957 957 917 958 958 918 959 959 919 960 960 920 961 961 921 962 962 922 963 963 923 964 964 924 965 965 925 966 966 926 967 967 927 968 968 928 969 969 929 970 970 930 971 971 931 972 972 932 973 973 933 974 974 934 975 975 935 976 976 936 977 977 937 978 978 938 979 979 939 980 980 940 981 981 941 982 982 942 983 943 984 944 944 985 945 945 986 946 946 987 947 947 988 948 948 989 949 949 990 950 950 991 951 951 992 952 952 993 953 953 994 954 954 995 955 955 996 956 956 997 957 957 998 958 958 999 959 959 1000 960 960 1001 961 961 1002 962 962 1003 963 963 1004 964 964 1005 965 965 1006 966 966 1007 967 967 1008 968 968 1009 969 969 1010 970 970 1011 971 971 1012 972 972 1013 973 973 1014 974 974 1015 975 975 1016 976 976 1017 977 977 1018 978 978 1019 979 979 1020 980 980 1021 981 981 1022 982 982 1023 983 984 944 985 985 945 986 986 946 987 987 947 988 988 948 989 989 949 990 990 950 991 991 951 992 992 952 993 993 953 994 994 954 995 995 955 996 996 956 997 997 957 998 998 958 999 999 959 1000 1000 960 1001 1001 961 1002 1002 962 1003 1003 963 1004 1004 964 1005 1005 965 1006 1006 966 1007 1007 967 1008 1008 968 1009 1009 969 1010 1010 970 1011 1011 971 1012 1012 972 1013 1013 973 1014 1014 974 1015 1015 975 1016 1016 976 1017 1017 977 1018 1018 978 1019 1019 979 1020 1020 980 1021 1021 981 1022 1022 982 1023 1023 983 1024 984 1025 985 985 1026 986 986 1027 987 987 1028 988 988 1029 989 989 1030 990 990 1031 991 991 1032 992 992 1033 993 993 1034 994 994 1035 995 995 1036 996 996 1037 997 997 1038 998 998 1039 999 999 1040 1000 1000 1041 1001 1001 1042 1002 1002 1043 1003 1003 1044 1004 1004 1045 1005 1005 1046 1006 1006 1047 1007 1007 1048 1008 1008 1049 1009 1009 1050 1010 1010 1051 1011 1011 1052 1012 1012 1053 1013 1013 1054 1014 1014 1055 1015 1015 1056 1016 1016 1057 1017 1017 1058 1018 1018 1059 1019 1019 1060 1020 1020 1061 1021 1021 1062 1022 1022 1063 1023 1023 1064 1024 1025 985 1026 1026 986 1027 1027 987 1028 1028 988 1029 1029 989 1030 1030 990 1031 1031 991 1032 1032 992 1033 1033 993 1034 1034 994 1035 1035 995 1036 1036 996 1037 1037 997 1038 1038 998 1039 1039 999 1040 1040 1000 1041 1041 1001 1042 1042 1002 1043 1043 1003 1044 1044 1004 1045 1045 1005 1046 1046 1006 1047 1047 1007 1048 1048 1008 1049 1049 1009 1050 1050 1010 1051 1051 1011 1052 1052 1012 1053 1053 1013 1054 1054 1014 1055 1055 1015 1056 1056 1016 1057 1057 1017 1058 1058 1018 1059 1059 1019 1060 1060 1020 1061 1061 1021 1062 1062 1022 1063 1063 1023 1064 1064 1024 1065 1025 1066 1026 1026 1067 1027 1027 1068 1028 1028 1069 1029 1029 1070 1030 1030 1071 1031 1031 1072 1032 1032 1073 1033 1033 1074 1034 1034 1075 1035 1035 1076 1036 1036 1077 1037 1037 1078 1038 1038 1079 1039 1039 1080 1040 1040 1081 1041 1041 1082 1042 1042 1083 1043 1043 1084 1044 1044 1085 1045 1045 1086 1046 1046 1087 1047 1047 1088 1048 1048 1089 1049 1049 1090 1050 1050 1091 1051 1051 1092 1052 1052 1093 1053 1053 1094 1054 1054 1095 1055 1055 1096 1056 1056 1097 1057 1057 1098 1058 1058 1099 1059 1059 1100 1060 1060 1101 1061 1061 1102 1062 1062 1103 1063 1063 1104 1064 1064 1105 1065 1066 1026 1067 1067 1027 1068 1068 1028 1069 1069 1029 1070 1070 1030 1071 1071 1031 1072 1072 1032 1073 1073 1033 1074 1074 1034 1075 1075 1035 1076 1076 1036 1077 1077 1037 1078 1078 1038 1079 1079 1039 1080 1080 1040 1081 1081 1041 1082 1082 1042 1083 1083 1043 1084 1084 1044 1085 1085 1045 1086 1086 1046 1087 1087 1047 1088 1088 1048 1089 1089 1049 1090 1090 1050 1091 1091 1051 1092 1092 1052 1093 1093 1053 1094 1094 1054 1095 1095 1055 1096 1096 1056 1097 1097 1057 1098 1098 1058 1099 1099 1059 1100 1100 1060 1101 1101 1061 1102 1102 1062 1103 1103 1063 1104 1104 1064 1105 1105 1065 1106 1066 1107 1067 1067 1108 1068 1068 1109 1069 1069 1110 1070 1070 1111 1071 1071 1112 1072 1072 1113 1073 1073 1114 1074 1074 1115 1075 1075 1116 1076 1076 1117 1077 1077 1118 1078 1078 1119 1079 1079 1120 1080 1080 1121 1081 1081 1122 1082 1082 1123 1083 1083 1124 1084 1084 1125 1085 1085 1126 1086 1086 1127 1087 1087 1128 1088 1088 1129 1089 1089 1130 1090 1090 1131 1091 1091 1132 1092 1092 1133 1093 1093 1134 1094 1094 1135 1095 1095 1136 1096 1096 1137 1097 1097 1138 1098 1098 1139 1099 1099 1140 1100 1100 1141 1101 1101 1142 1102 1102 1143 1103 1103 1144 1104 1104 1145 1105 1105 1146 1106 1107 1067 1108 1108 1068 1109 1109 1069 1110 1110 1070 1111 1111 1071 1112 1112 1072 1113 1113 1073 1114 1114 1074 1115 1115 1075 1116 1116 1076 1117 1117 1077 1118 1118 1078 1119 1119 1079 1120 1120 1080 1121 1121 1081 1122 1122 1082 1123 1123 1083 1124 1124 1084 1125 1125 1085 1126 1126 1086 1127 1127 1087 1128 1128 1088 1129 1129 1089 1130 1130 1090 1131 1131 1091 1132 1132 1092 1133 1133 1093 1134 1134 1094 1135 1135 1095 1136 1136 1096 1137 1137 1097 1138 1138 1098 1139 1139 1099 1140 1140 1100 1141 1141 1101 1142 1142 1102 1143 1143 1103 1144 1144 1104 1145 1145 1105 1146 1146 1106 1147 1107 1148 1108 1108 1149 1109 1109 1150 1110 1110 1151 1111 1111 1152 1112 1112 1153 1113 1113 1154 1114 1114 1155 1115 1115 1156 1116 1116 1157 1117 1117 1158 1118 1118 1159 1119 1119 1160 1120 1120 1161 1121 1121 1162 1122 1122 1163 1123 1123 1164 1124 1124 1165 1125 1125 1166 1126 1126 1167 1127 1127 1168 1128 1128 1169 1129 1129 1170 1130 1130 1171 1131 1131 1172 1132 1132 1173 1133 1133 1174 1134 1134 1175 1135 1135 1176 1136 1136 1177 1137 1137 1178 1138 1138 1179 1139 1139 1180 1140 1140 1181 1141 1141 1182 1142 1142 1183 1143 1143 1184 1144 1144 1185 1145 1145 1186 1146 1146 1187 1147 1148 1108 1149 1149 1109 1150 1150 1110 1151 1151 1111 1152 1152 1112 1153 1153 1113 1154 1154 1114 1155 1155 1115 1156 1156 1116 1157 1157 1117 1158 1158 1118 1159 1159 1119 1160 1160 1120 1161 1161 1121 1162 1162 1122 1163 1163 1123 1164 1164 1124 1165 1165 1125 1166 1166 1126 1167 1167 1127 1168 1168 1128 1169 1169 1129 1170 1170 1130 1171 1171 1131 1172 1172 1132 1173 1173 1133 1174 1174 1134 1175 1175 1135 1176 1176 1136 1177 1177 1137 1178 1178 1138 1179 1179 1139 1180 1180 1140 1181 1181 1141 1182 1182 1142 1183 1183 1143 1184 1184 1144 1185 1185 1145 1186 1186 1146 1187 1187 1147 1188 1148 1189 1149 1149 1190 1150 1150 1191 1151 1151 1192 1152 1152 1193 1153 1153 1194 1154 1154 1195 1155 1155 1196 1156 1156 1197 1157 1157 1198 1158 1158 1199 1159 1159 1200 1160 1160 1201 1161 1161 1202 1162 1162 1203 1163 1163 1204 1164 1164 1205 1165 1165 1206 1166 1166 1207 1167 1167 1208 1168 1168 1209 1169 1169 1210 1170 1170 1211 1171 1171 1212 1172 1172 1213 1173 1173 1214 1174 1174 1215 1175 1175 1216 1176 1176 1217 1177 1177 1218 1178 1178 1219 1179 1179 1220 1180 1180 1221 1181 1181 1222 1182 1182 1223 1183 1183 1224 1184 1184 1225 1185 1185 1226 1186 1186 1227 1187 1187 1228 1188 1189 1149 1190 1190 1150 1191 1191 1151 1192 1192 1152 1193 1193 1153 1194 1194 1154 1195 1195 1155 1196 1196 1156 1197 1197 1157 1198 1198 1158 1199 1199 1159 1200 1200 1160 1201 1201 1161 1202 1202 1162 1203 1203 1163 1204 1204 1164 1205 1205 1165 1206 1206 1166 1207 1207 1167 1208 1208 1168 1209 1209 1169 1210 1210 1170 1211 1211 1171 1212 1212 1172 1213 1213 1173 1214 1214 1174 1215 1215 1175 1216 1216 1176 1217 1217 1177 1218 1218 1178 1219 1219 1179 1220 1220 1180 1221 1221 1181 1222 1222 1182 1223 1223 1183 1224 1224 1184 1225 1225 1185 1226 1226 1186 1227 1227 1187 1228 1228 1188 1229 1189 1230 1190 1190 1231 1191 1191 1232 1192 1192 1233 1193 1193 1234 1194 1194 1235 1195 1195 1236 1196 1196 1237 1197 1197 1238 1198 1198 1239 1199 1199 1240 1200 1200 1241 1201 1201 1242 1202 1202 1243 1203 1203 1244 1204 1204 1245 1205 1205 1246 1206 1206 1247 1207 1207 1248 1208 1208 1249 1209 1209 1250 1210 1210 1251 1211 1211 1252 1212 1212 1253 1213 1213 1254 1214 1214 1255 1215 1215 1256 1216 1216 1257 1217 1217 1258 1218 1218 1259 1219 1219 1260 1220 1220 1261 1221 1221 1262 1222 1222 1263 1223 1223 1264 1224 1224 1265 1225 1225 1266 1226 1226 1267 1227 1227 1268 1228 1228 1269 1229 1230 1190 1231 1231 1191 1232 1232 1192 1233 1233 1193 1234 1234 1194 1235 1235 1195 1236 1236 1196 1237 1237 1197 1238 1238 1198 1239 1239 1199 1240 1240 1200 1241 1241 1201 1242 1242 1202 1243 1243 1203 1244 1244 1204 1245 1245 1205 1246 1246 1206 1247 1247 1207 1248 1248 1208 1249 1249 1209 1250 1250 1210 1251 1251 1211 1252 1252 1212 1253 1253 1213 1254 1254 1214 1255 1255 1215 1256 1256 1216 1257 1257 1217 1258 1258 1218 1259 1259 1219 1260 1260 1220 1261 1261 1221 1262 1262 1222 1263 1263 1223 1264 1264 1224 1265 1265 1225 1266 1266 1226 1267 1267 1227 1268 1268 1228 1269 1269 1229 1270 1230 1271 1231 1231 1272 1232 1232 1273 1233 1233 1274 1234 1234 1275 1235 1235 1276 1236 1236 1277 1237 1237 1278 1238 1238 1279 1239 1239 1280 1240 1240 1281 1241 1241 1282 1242 1242 1283 1243 1243 1284 1244 1244 1285 1245 1245 1286 1246 1246 1287 1247 1247 1288 1248 1248 1289 1249 1249 1290 1250 1250 1291 1251 1251 1292 1252 1252 1293 1253 1253 1294 1254 1254 1295 1255 1255 1296 1256 1256 1297 1257 1257 1298 1258 1258 1299 1259 1259 1300 1260 1260 1301 1261 1261 1302 1262 1262 1303 1263 1263 1304 1264 1264 1305 1265 1265 1306 1266 1266 1307 1267 1267 1308 1268 1268 1309 1269 1269 1310 1270 1271 1231 1272 1272 1232 1273 1273 1233 1274 1274 1234 1275 1275 1235 1276 1276 1236 1277 1277 1237 1278 1278 1238 1279 1279 1239 1280 1280 1240 1281 1281 1241 1282 1282 1242 1283 1283 1243 1284 1284 1244 1285 1285 1245 1286 1286 1246 1287 1287 1247 1288 1288 1248 1289 1289 1249 1290 1290 1250 1291 1291 1251 1292 1292 1252 1293 1293 1253 1294 1294 1254 1295 1295 1255 1296 1296 1256 1297 1297 1257 1298 1298 1258 1299 1299 1259 1300 1300 1260 1301 1301 1261 1302 1302 1262 1303 1303 1263 1304 1304 1264 1305 1305 1265 1306 1306 1266 1307 1307 1267 1308 1308 1268 1309 1309 1269 1310 1310 1270 1311 1271 1312 1272 1272 1313 1273 1273 1314 1274 1274 1315 1275 1275 1316 1276 1276 1317 1277 1277 1318 1278 1278 1319 1279 1279 1320 1280 1280 1321 1281 1281 1322 1282 1282 1323 1283 1283 1324 1284 1284 1325 1285 1285 1326 1286 1286 1327 1287 1287 1328 1288 1288 1329 1289 1289 1330 1290 1290 1331 1291 1291 1332 1292 1292 1333 1293 1293 1334 1294 1294 1335 1295 1295 1336 1296 1296 1337 1297 1297 1338 1298 1298 1339 1299 1299 1340 1300 1300 1341 1301 1301 1342 1302 1302 1343 1303 1303 1344 1304 1304 1345 1305 1305 1346 1306 1306 1347 1307 1307 1348 1308 1308 1349 1309 1309 1350 1310 1310 1351 1311 1312 1272 1313 1313 1273 1314 1314 1274 1315 1315 1275 1316 1316 1276 1317 1317 1277 1318 1318 1278 1319 1319 1279 1320 1320 1280 1321 1321 1281 1322 1322 1282 1323 1323 1283 1324 1324 1284 1325 1325 1285 1326 1326 1286 1327 1327 1287 1328 1328 1288 1329 1329 1289 1330 1330 1290 1331 1331 1291 1332 1332 1292 1333 1333 1293 1334 1334 1294 1335 1335 1295 1336 1336 1296 1337 1337 1297 1338 1338 1298 1339 1339 1299 1340 1340 1300 1341 1341 1301 1342 1342 1302 1343 1343 1303 1344 1344 1304 1345 1345 1305 1346 1346 1306 1347 1347 1307 1348 1348 1308 1349 1349 1309 1350 1350 1310 1351 1351 1311 1352 1312 1353 1313 1313 1354 1314 1314 1355 1315 1315 1356 1316 1316 1357 1317 1317 1358 1318 1318 1359 1319 1319 1360 1320 1320 1361 1321 1321 1362 1322 1322 1363 1323 1323 1364 1324 1324 1365 1325 1325 1366 1326 1326 1367 1327 1327 1368 1328 1328 1369 1329 1329 1370 1330 1330 1371 1331 1331 1372 1332 1332 1373 1333 1333 1374 1334 1334 1375 1335 1335 1376 1336 1336 1377 1337 1337 1378 1338 1338 1379 1339 1339 1380 1340 1340 1381 1341 1341 1382 1342 1342 1383 1343 1343 1384 1344 1344 1385 1345 1345 1386 1346 1346 1387 1347 1347 1388 1348 1348 1389 1349 1349 1390 1350 1350 1391 1351 1351 1392 1352 1353 1313 1354 1354 1314 1355 1355 1315 1356 1356 1316 1357 1357 1317 1358 1358 1318 1359 1359 1319 1360 1360 1320 1361 1361 1321 1362 1362 1322 1363 1363 1323 1364 1364 1324 1365 1365 1325 1366 1366 1326 1367 1367 1327 1368 1368 1328 1369 1369 1329 1370 1370 1330 1371 1371 1331 1372 1372 1332 1373 1373 1333 1374 1374 1334 1375 1375 1335 1376 1376 1336 1377 1377 1337 1378 1378 1338 1379 1379 1339 1380 1380 1340 1381 1381 1341 1382 1382 1342 1383 1383 1343 1384 1384 1344 1385 1385 1345 1386 1386 1346 1387 1387 1347 1388 1388 1348 1389 1389 1349 1390 1390 1350 1391 1391 1351 1392 1392 1352 1393 1353 1394 1354 1354 1395 1355 1355 1396 1356 1356 1397 1357 1357 1398 1358 1358 1399 1359 1359 1400 1360 1360 1401 1361 1361 1402 1362 1362 1403 1363 1363 1404 1364 1364 1405 1365 1365 1406 1366 1366 1407 1367 1367 1408 1368 1368 1409 1369 1369 1410 1370 1370 1411 1371 1371 1412 1372 1372 1413 1373 1373 1414 1374 1374 1415 1375 1375 1416 1376 1376 1417 1377 1377 1418 1378 1378 1419 1379 1379 1420 1380 1380 1421 1381 1381 1422 1382 1382 1423 1383 1383 1424 1384 1384 1425 1385 1385 1426 1386 1386 1427 1387 1387 1428 1388 1388 1429 1389 1389 1430 1390 1390 1431 1391 1391 1432 1392 1392 1433 1393 1394 1354 1395 1395 1355 1396 1396 1356 1397 1397 1357 1398 1398 1358 1399 1399 1359 1400 1400 1360 1401 1401 1361 1402 1402 1362 1403 1403 1363 1404 1404 1364 1405 1405 1365 1406 1406 1366 1407 1407 1367 1408 1408 1368 1409 1409 1369 1410 1410 1370 1411 1411 1371 1412 1412 1372 1413 1413 1373 1414 1414 1374 1415 1415 1375 1416 1416 1376 1417 1417 1377 1418 1418 1378 1419 1419 1379 1420 1420 1380 1421 1421 1381 1422 1422 1382 1423 1423 1383 1424 1424 1384 1425 1425 1385 1426 1426 1386 1427 1427 1387 1428 1428 1388 1429 1429 1389 1430 1430 1390 1431 1431 1391 1432 1432 1392 1433 1433 1393 1434 1394 1435 1395 1395 1436 1396 1396 1437 1397 1397 1438 1398 1398 1439 1399 1399 1440 1400 1400 1441 1401 1401 1442 1402 1402 1443 1403 1403 1444 1404 1404 1445 1405 1405 1446 1406 1406 1447 1407 1407 1448 1408 1408 1449 1409 1409 1450 1410 1410 1451 1411 1411 1452 1412 1412 1453 1413 1413 1454 1414 1414 1455 1415 1415 1456 1416 1416 1457 1417 1417 1458 1418 1418 1459 1419 1419 1460 1420 1420 1461 1421 1421 1462 1422 1422 1463 1423 1423 1464 1424 1424 1465 1425 1425 1466 1426 1426 1467 1427 1427 1468 1428 1428 1469 1429 1429 1470 1430 1430 1471 1431 1431 1472 1432 1432 1473 1433 1433 1474 1434 1435 1395 1436 1436 1396 1437 1437 1397 1438 1438 1398 1439 1439 1399 1440 1440 1400 1441 1441 1401 1442 1442 1402 1443 1443 1403 1444 1444 1404 1445 1445 1405 1446 1446 1406 1447 1447 1407 1448 1448 1408 1449 1449 1409 1450 1450 1410 1451 1451 1411 1452 1452 1412 1453 1453 1413 1454 1454 1414 1455 1455 1415 1456 1456 1416 1457 1457 1417 1458 1458 1418 1459 1459 1419 1460 1460 1420 1461 1461 1421 1462 1462 1422 1463 1463 1423 1464 1464 1424 1465 1465 1425 1466 1466 1426 1467 1467 1427 1468 1468 1428 1469 1469 1429 1470 1470 1430 1471 1471 1431 1472 1472 1432 1473 1473 1433 1474 1474 1434 1475 1435 1476 1436 1436 1477 1437 1437 1478 1438 1438 1479 1439 1439 1480 1440 1440 1481 1441 1441 1482 1442 1442 1483 1443 1443 1484 1444 1444 1485 1445 1445 1486 1446 1446 1487 1447 1447 1488 1448 1448 1489 1449 1449 1490 1450 1450 1491 1451 1451 1492 1452 1452 1493 1453 1453 1494 1454 1454 1495 1455 1455 1496 1456 1456 1497 1457 1457 1498 1458 1458 1499 1459 1459 1500 1460 1460 1501 1461 1461 1502 1462 1462 1503 1463 1463 1504 1464 1464 1505 1465 1465 1506 1466 1466 1507 1467 1467 1508 1468 1468 1509 1469 1469 1510 1470 1470 1511 1471 1471 1512 1472 1472 1513 1473 1473 1514 1474 1474 1515 1475 1476 1436 1477 1477 1437 1478 1478 1438 1479 1479 1439 1480 1480 1440 1481 1481 1441 1482 1482 1442 1483 1483 1443 1484 1484 1444 1485 1485 1445 1486 1486 1446 1487 1487 1447 1488 1488 1448 1489 1489 1449 1490 1490 1450 1491 1491 1451 1492 1492 1452 1493 1493 1453 1494 1494 1454 1495 1495 1455 1496 1496 1456 1497 1497 1457 1498 1498 1458 1499 1499 1459 1500 1500 1460 1501 1501 1461 1502 1502 1462 1503 1503 1463 1504 1504 1464 1505 1505 1465 1506 1506 1466 1507 1507 1467 1508 1508 1468 1509 1509 1469 1510 1510 1470 1511 1511 1471 1512 1512 1472 1513 1513 1473 1514 1514 1474 1515 1515 1475 1516 1476 1517 1477 1477 1518 1478 1478 1519 1479 1479 1520 1480 1480 1521 1481 1481 1522 1482 1482 1523 1483 1483 1524 1484 1484 1525 1485 1485 1526 1486 1486 1527 1487 1487 1528 1488 1488 1529 1489 1489 1530 1490 1490 1531 1491 1491 1532 1492 1492 1533 1493 1493 1534 1494 1494 1535 1495 1495 1536 1496 1496 1537 1497 1497 1538 1498 1498 1539 1499 1499 1540 1500 1500 1541 1501 1501 1542 1502 1502 1543 1503 1503 1544 1504 1504 1545 1505 1505 1546 1506 1506 1547 1507 1507 1548 1508 1508 1549 1509 1509 1550 1510 1510 1551 1511 1511 1552 1512 1512 1553 1513 1513 1554 1514 1514 1555 1515 1515 1556 1516 1517 1477 1518 1518 1478 1519 1519 1479 1520 1520 1480 1521 1521 1481 1522 1522 1482 1523 1523 1483 1524 1524 1484 1525 1525 1485 1526 1526 1486 1527 1527 1487 1528 1528 1488 1529 1529 1489 1530 1530 1490 1531 1531 1491 1532 1532 1492 1533 1533 1493 1534 1534 1494 1535 1535 1495 1536 1536 1496 1537 1537 1497 1538 1538 1498 1539 1539 1499 1540 1540 1500 1541 1541 1501 1542 1542 1502 1543 1543 1503 1544 1544 1504 1545 1545 1505 1546 1546 1506 1547 1547 1507 1548 1548 1508 1549 1549 1509 1550 1550 1510 1551 1551 1511 1552 1552 1512 1553 1553 1513 1554 1554 1514 1555 1555 1515 1556 1556 1516 1557 1517 1558 1518 1518 1559 1519 1519 1560 1520 1520 1561 1521 1521 1562 1522 1522 1563 1523 1523 1564 1524 1524 1565 1525 1525 1566 1526 1526 1567 1527 1527 1568 1528 1528 1569 1529 1529 1570 1530 1530 1571 1531 1531 1572 1532 1532 1573 1533 1533 1574 1534 1534 1575 1535 1535 1576 1536 1536 1577 1537 1537 1578 1538 1538 1579 1539 1539 1580 1540 1540 1581 1541 1541 1582 1542 1542 1583 1543 1543 1584 1544 1544 1585 1545 1545 1586 1546 1546 1587 1547 1547 1588 1548 1548 1589 1549 1549 1590 1550 1550 1591 1551 1551 1592 1552 1552 1593 1553 1553 1594 1554 1554 1595 1555 1555 1596 1556 1556 1597 1557 1558 1518 1559 1559 1519 1560 1560 1520 1561 1561 1521 1562 1562 1522 1563 1563 1523 1564 1564 1524 1565 1565 1525 1566 1566 1526 1567 1567 1527 1568 1568 1528 1569 1569 1529 1570 1570 1530 1571 1571 1531 1572 1572 1532 1573 1573 1533 1574 1574 1534 1575 1575 1535 1576 1576 1536 1577 1577 1537 1578 1578 1538 1579 1579 1539 1580 1580 1540 1581 1581 1541 1582 1582 1542 1583 1583 1543 1584 1584 1544 1585 1585 1545 1586 1586 1546 1587 1587 1547 1588 1588 1548 1589 1589 1549 1590 1590 1550 1591 1591 1551 1592 1592 1552 1593 1593 1553 1594 1594 1554 1595 1595 1555 1596 1596 1556 1597 1597 1557 1598 1558 1599 1559 1559 1600 1560 1560 1601 1561 1561 1602 1562 1562 1603 1563 1563 1604 1564 1564 1605 1565 1565 1606 1566 1566 1607 1567 1567 1608 1568 1568 1609 1569 1569 1610 1570 1570 1611 1571 1571 1612 1572 1572 1613 1573 1573 1614 1574 1574 1615 1575 1575 1616 1576 1576 1617 1577 1577 1618 1578 1578 1619 1579 1579 1620 1580 1580 1621 1581 1581 1622 1582 1582 1623 1583 1583 1624 1584 1584 1625 1585 1585 1626 1586 1586 1627 1587 1587 1628 1588 1588 1629 1589 1589 1630 1590 1590 1631 1591 1591 1632 1592 1592 1633 1593 1593 1634 1594 1594 1635 1595 1595 1636 1596 1596 1637 1597 1597 1638 1598 1599 1559 1600 1600 1560 1601 1601 1561 1602 1602 1562 1603 1603 1563 1604 1604 1564 1605 1605 1565 1606 1606 1566 1607 1607 1567 1608 1608 1568 1609 1609 1569 1610 1610 1570 1611 1611 1571 1612 1612 1572 1613 1613 1573 1614 1614 1574 1615 1615 1575 1616 1616 1576 1617 1617 1577 1618 1618 1578 1619 1619 1579 1620 1620 1580 1621 1621 1581 1622 1622 1582 1623 1623 1583 1624 1624 1584 1625 1625 1585 1626 1626 1586 1627 1627 1587 1628 1628 1588 1629 1629 1589 1630 1630 1590 1631 1631 1591 1632 1632 1592 1633 1633 1593 1634 1634 1594 1635 1635 1595 1636 1636 1596 1637 1637 1597 1638 1638 1598 1639 1599 1640 1600 1600 1641 1601 1601 1642 1602 1602 1643 1603 1603 1644 1604 1604 1645 1605 1605 1646 1606 1606 1647 1607 1607 1648 1608 1608 1649 1609 1609 1650 1610 1610 1651 1611 1611 1652 1612 1612 1653 1613 1613 1654 1614 1614 1655 1615 1615 1656 1616 1616 1657 1617 1617 1658 1618 1618 1659 1619 1619 1660 1620 1620 1661 1621 1621 1662 1622 1622 1663 1623 1623 1664 1624 1624 1665 1625 1625 1666 1626 1626 1667 1627 1627 1668 1628 1628 1669 1629 1629 1670 1630 1630 1671 1631 1631 1672 1632 1632 1673 1633 1633 1674 1634 1634 1675 1635 1635 1676 1636 1636 1677 1637 1637 1678 1638 1638 1679 1639 1640 1600 1641 1641 1601 1642 1642 1602 1643 1643 1603 1644 1644 1604 1645 1645 1605 1646 1646 1606 1647 1647 1607 1648 1648 1608 1649 1649 1609 1650 1650 1610 1651 1651 1611 1652 1652 1612 1653 1653 1613 1654 1654 1614 1655 1655 1615 1656 1656 1616 1657 1657 1617 1658 1658 1618 1659 1659 1619 1660 1660 1620 1661 1661 1621 1662 1662 1622 1663 1663 1623 1664 1664 1624 1665 1665 1625 1666 1666 1626 1667 1667 1627 1668 1668 1628 1669 1669 1629 1670 1670 1630 1671 1671 1631 1672 1672 1632 1673 1673 1633 1674 1674 1634 1675 1675 1635 1676 1676 1636 1677 1677 1637 1678 1678 1638 1679 1679 1639 1680 1640 1681 1641 1641 1682 1642 1642 1683 1643 1643 1684 1644 1644 1685 1645 1645 1686 1646 1646 1687 1647 1647 1688 1648 1648 1689 1649 1649 1690 1650 1650 1691 1651 1651 1692 1652 1652 1693 1653 1653 1694 1654 1654 1695 1655 1655 1696 1656 1656 1697 1657 1657 1698 1658 1658 1699 1659 1659 1700 1660 1660 1701 1661 1661 1702 1662 1662 1703 1663 1663 1704 1664 1664 1705 1665 1665 1706 1666 1666 1707 1667 1667 1708 1668 1668 1709 1669 1669 1710 1670 1670 1711 1671 1671 1712 1672 1672 1713 1673 1673 1714 1674 1674 1715 1675 1675 1716 1676 1676 1717 1677 1681 1641 1682 1682 1642 1683 1683 1643 1684 1684 1644 1685 1685 1645 1686 1686 1646 1687 1687 1647 1688 1688 1648 1689 1689 1649 1690 1690 1650 1691 1691 1651 1692 1692 1652 1693 1693 1653 1694 1694 1654 1695 1695 1655 1696 1696 1656 1697 1697 1657 1698 1698 1658 1699 1699 1659 1700 1700 1660 1701 1701 1661 1702 1702 1662 1703 1703 1663 1704 1704 1664 1705 1705 1665 1706 1706 1666 1707 1707 1667 1708 1708 1668 1709 1709 1669 1710 1710 1670 1711 1711 1671 1712 1712 1672 1713 1713 1673 1714 1714 1674 1715 1715 1675 1716 1716 1676 1717 1681 1718 1682 1682 1719 1683 1683 1720 1684 1684 1721 1685 1685 1722 1686 1686 1723 1687 1687 1724 1688 1688 1725 1689 1689 1726 1690 1690 1727 1691 1691 1728 1692 1692 1729 1693 1693 1730 1694 1694 1731 1695 1695 1732 1696 1696 1733 1697 1697 1734 1698 1698 1735 1699 1699 1736 1700 1700 1737 1701 1701 1738 1702 1702 1739 1703 1703 1740 1704 1704 1741 1705 1705 1742 1706 1706 1743 1707 1707 1744 1708 1708 1745 1709 1709 1746 1710 1710 1747 1711 1711 1748 1712 1712 1749 1713 1713 1750 1714 1714 1751 1715 1715 2066 1716 1716 1752 1717 1718 1682 1719 1719 1683 1720 1720 1684 1721 1721 1685 1722 1722 1686 1723 1723 1687 1724 1724 1688 1725 1725 1689 1726 1726 1690 1727 1727 1691 1728 1728 1692 1729 1729 1693 1730 1730 1694 1731 1731 1695 1732 1732 1696 1733 1733 1697 1734 1734 1698 1735 1735 1699 1736 1736 1700 1737 1737 1701 1738 1738 1702 1739 1739 1703 1740 1740 1704 1741 1741 1705 1742 1742 1706 1743 1743 1707 1744 1744 1708 1745 1745 1709 1746 1746 1710 1747 1747 1711 1748 1748 1712 1749 1749 1713 1750 1750 1714 1751 1751 1715 2066 2066 1716 1752 1718 1753 1719 1719 1754 1720 1720 1755 1721 1721 1756 1722 1722 1757 1723 1723 1758 1724 1724 1759 1725 1725 1760 1726 1726 1761 1727 1727 1762 1728 1728 1763 1729 1729 1764 1730 1730 1765 1731 1731 1766 1732 1732 1767 1733 1733 1768 1734 1734 1769 1735 1735 1770 1736 1736 1771 1737 1737 1772 1738 1738 1773 1739 1739 1774 1740 1740 1775 1741 1741 1776 1742 1742 1777 1743 1743 1778 1744 1744 1779 1745 1745 1780 1746 1746 1781 1747 1747 1782 1748 1748 1783 1749 1749 1784 1750 1750 1785 1751 1751 2067 2066 1753 1719 1754 1754 1720 1755 1755 1721 1756 1756 1722 1757 1757 1723 1758 1758 1724 1759 1759 1725 1760 1760 1726 1761 1761 1727 1762 1762 1728 1763 1763 1729 1764 1764 1730 1765 1765 1731 1766 1766 1732 1767 1767 1733 1768 1768 1734 1769 1769 1735 1770 1770 1736 1771 1771 1737 1772 1772 1738 1773 1773 1739 1774 1774 1740 1775 1775 1741 1776 1776 1742 1777 1777 1743 1778 1778 1744 1779 1779 1745 1780 1780 1746 1781 1781 1747 1782 1782 1748 1783 1783 1749 1784 1784 1750 1785 1785 1751 2067 1753 1786 1754 1754 1787 1755 1755 1788 1756 1756 1789 1757 1757 1790 1758 1758 1791 1759 1759 1792 1760 1760 1793 1761 1761 1794 1762 1762 1795 1763 1763 1796 1764 1764 1797 1765 1765 1798 1766 1766 1799 1767 1767 1800 1768 1768 1801 1769 1769 1802 1770 1770 1803 1771 1771 1804 1772 1772 1805 1773 1773 1806 1774 1774 1807 1775 1775 1808 1776 1776 1809 1777 1777 1810 1778 1778 1811 1779 1779 1812 1780 1780 1813 1781 1781 1814 1782 1782 1815 1783 1783 1816 1784 1784 1817 1785 1785 1818 2067 1786 1754 1787 1787 1755 1788 1788 1756 1789 1789 1757 1790 1790 1758 1791 1791 1759 1792 1792 1760 1793 1793 1761 1794 1794 1762 1795 1795 1763 1796 1796 1764 1797 1797 1765 1798 1798 1766 1799 1799 1767 1800 1800 1768 1801 1801 1769 1802 1802 1770 1803 1803 1771 1804 1804 1772 1805 1805 1773 1806 1806 1774 1807 1807 1775 1808 1808 1776 1809 1809 1777 1810 1810 1778 1811 1811 1779 1812 1812 1780 1813 1813 1781 1814 1814 1782 1815 1815 1783 1816 1816 1784 1817 1817 1785 1818 1786 1819 1787 1787 1820 1788 1788 1821 1789 1789 1822 1790 1790 1823 1791 1791 1824 1792 1792 1825 1793 1793 1826 1794 1794 1827 1795 1795 1828 1796 1796 1829 1797 1797 1830 1798 1798 1831 1799 1799 1832 1800 1800 1833 1801 1801 1834 1802 1802 1835 1803 1803 1836 1804 1804 1837 1805 1805 1838 1806 1806 1839 1807 1807 1840 1808 1808 1841 1809 1809 1842 1810 1810 1843 1811 1811 1844 1812 1812 1845 1813 1813 2068 1814 1814 2069 1815 1815 1846 1816 1819 1787 1820 1820 1788 1821 1821 1789 1822 1822 1790 1823 1823 1791 1824 1824 1792 1825 1825 1793 1826 1826 1794 1827 1827 1795 1828 1828 1796 1829 1829 1797 1830 1830 1798 1831 1831 1799 1832 1832 1800 1833 1833 1801 1834 1834 1802 1835 1835 1803 1836 1836 1804 1837 1837 1805 1838 1838 1806 1839 1839 1807 1840 1840 1808 1841 1841 1809 1842 1842 1810 1843 1843 1811 1844 1844 1812 1845 1845 1813 2068 2068 1814 2069 2069 1815 1846 1819 1847 1820 1820 1848 1821 1821 1849 1822 1822 1850 1823 1823 1851 1824 1824 1852 1825 1825 1853 1826 1826 1854 1827 1827 1855 1828 1828 1856 1829 1829 1857 1830 1830 1858 1831 1831 1859 1832 1832 1860 1833 1833 1861 1834 1834 1862 1835 1835 1863 1836 1836 1864 1837 1837 1865 1838 1838 1866 1839 1839 1867 1840 1840 1868 1841 1841 1869 1842 1842 1870 1843 1843 1871 1844 1844 2070 1845 1847 1820 1848 1848 1821 1849 1849 1822 1850 1850 1823 1851 1851 1824 1852 1852 1825 1853 1853 1826 1854 1854 1827 1855 1855 1828 1856 1856 1829 1857 1857 1830 1858 1858 1831 1859 1859 1832 1860 1860 1833 1861 1861 1834 1862 1862 1835 1863 1863 1836 1864 1864 1837 1865 1865 1838 1866 1866 1839 1867 1867 1840 1868 1868 1841 1869 1869 1842 1870 1870 1843 1871 1871 1844 2070 1847 1872 1848 1848 1873 1849 1849 1874 1850 1850 1875 1851 1851 1876 1852 1852 1877 1853 1853 1878 1854 1854 1879 1855 1855 1880 1856 1856 1881 1857 1857 1882 1858 1858 1883 1859 1859 1884 1860 1860 1885 1861 1861 1886 1862 1862 1887 1863 1863 1888 1864 1864 1889 1865 1865 1890 1866 1866 1891 1867 1867 1892 1868 1868 1893 1869 1869 1894 1870 1870 1895 1871 1872 1848 1873 1873 1849 1874 1874 1850 1875 1875 1851 1876 1876 1852 1877 1877 1853 1878 1878 1854 1879 1879 1855 1880 1880 1856 1881 1881 1857 1882 1882 1858 1883 1883 1859 1884 1884 1860 1885 1885 1861 1886 1886 1862 1887 1887 1863 1888 1888 1864 1889 1889 1865 1890 1890 1866 1891 1891 1867 1892 1892 1868 1893 1893 1869 1894 1894 1870 1895 1872 1896 1873 1873 1897 1874 1874 1898 1875 1875 1899 1876 1876 1900 1877 1877 1901 1878 1878 1902 1879 1879 1903 1880 1880 1904 1881 1881 1905 1882 1882 1906 1883 1883 1907 1884 1884 1908 1885 1885 1909 1886 1886 1910 1887 1887 1911 1888 1888 1912 1889 1889 1913 1890 1890 1914 1891 1891 1915 1892 1892 1916 1893 1893 1917 1894 1894 2071 1895 1896 1873 1897 1897 1874 1898 1898 1875 1899 1899 1876 1900 1900 1877 1901 1901 1878 1902 1902 1879 1903 1903 1880 1904 1904 1881 1905 1905 1882 1906 1906 1883 1907 1907 1884 1908 1908 1885 1909 1909 1886 1910 1910 1887 1911 1911 1888 1912 1912 1889 1913 1913 1890 1914 1914 1891 1915 1915 1892 1916 1916 1893 1917 1917 1894 2071 1896 1918 1897 1897 1919 1898 1898 1920 1899 1899 1921 1900 1900 1922 1901 1901 1923 1902 1902 1924 1903 1903 1925 1904 1904 1926 1905 1905 1927 1906 1906 1928 1907 1907 1929 1908 1908 1930 1909 1909 1931 1910 1910 1932 1911 1911 1933 1912 1912 1934 1913 1913 1935 1914 1914 1936 1915 1915 1937 1916 1916 1938 1917 1917 1939 2071 1918 1897 1919 1919 1898 1920 1920 1899 1921 1921 1900 1922 1922 1901 1923 1923 1902 1924 1924 1903 1925 1925 1904 1926 1926 1905 1927 1927 1906 1928 1928 1907 1929 1929 1908 1930 1930 1909 1931 1931 1910 1932 1932 1911 1933 1933 1912 1934 1934 1913 1935 1935 1914 1936 1936 1915 1937 1937 1916 1938 1938 1917 1939 1918 1940 1919 1919 1941 1920 1920 1942 1921 1921 1943 1922 1922 1944 1923 1923 1945 1924 1924 1946 1925 1925 1947 1926 1926 1948 1927 1927 1949 1928 1928 1950 1929 1929 1951 1930 1930 1952 1931 1931 1953 1932 1932 1954 1933 1933 1955 1934 1934 1956 1935 1935 1957 1936 1936 1958 1937 1937 1959 1938 1938 2072 1939 1940 1919 1941 1941 1920 1942 1942 1921 1943 1943 1922 1944 1944 1923 1945 1945 1924 1946 1946 1925 1947 1947 1926 1948 1948 1927 1949 1949 1928 1950 1950 1929 1951 1951 1930 1952 1952 1931 1953 1953 1932 1954 1954 1933 1955 1955 1934 1956 1956 1935 1957 1957 1936 1958 1958 1937 1959 1959 1938 2072 1940 1960 1941 1941 1961 1942 1942 1962 1943 1943 1963 1944 1944 1964 1945 1945 1965 1946 1946 1966 1947 1947 1967 1948 1948 1968 1949 1949 1969 1950 1950 1970 1951 1951 1971 1952 1952 1972 1953 1953 1973 1954 1954 1974 1955 1955 1975 1956 1956 1976 1957 1957 1977 1958 1960 1941 1961 1961 1942 1962 1962 1943 1963 1963 1944 1964 1964 1945 1965 1965 1946 1966 1966 1947 1967 1967 1948 1968 1968 1949 1969 1969 1950 1970 1970 1951 1971 1971 1952 1972 1972 1953 1973 1973 1954 1974 1974 1955 1975 1975 1956 1976 1976 1957 1977 1960 1978 1961 1961 1979 1962 1962 1980 1963 1963 1981 1964 1964 1982 1965 1965 1983 1966 1966 1984 1967 1967 1985 1968 1968 1986 1969 1969 1987 1970 1970 1988 1971 1971 1989 1972 1972 1990 1973 1973 1991 1974 1974 1992 1975 1975 1993 1976 1976 2073 1977 1978 1961 1979 1979 1962 1980 1980 1963 1981 1981 1964 1982 1982 1965 1983 1983 1966 1984 1984 1967 1985 1985 1968 1986 1986 1969 1987 1987 1970 1988 1988 1971 1989 1989 1972 1990 1990 1973 1991 1991 1974 1992 1992 1975 1993 1993 1976 2073 1978 1994 1979 1979 1995 1980 1980 1996 1981 1981 1997 1982 1982 1998 1983 1983 1999 1984 1984 2000 1985 1985 2001 1986 1986 2002 1987 1987 2003 1988 1988 2004 1989 1989 2005 1990 1990 2006 1991 1991 2007 1992 1992 2008 1993 1993 2074 2073 1994 1979 1995 1995 1980 1996 1996 1981 1997 1997 1982 1998 1998 1983 1999 1999 1984 2000 2000 1985 2001 2001 1986 2002 2002 1987 2003 2003 1988 2004 2004 1989 2005 2005 1990 2006 2006 1991 2007 2007 1992 2008 2008 1993 2074 1994 2009 1995 1995 2010 1996 1996 2011 1997 1997 2012 1998 1998 2013 1999 1999 2014 2000 2000 2015 2001 2001 2016 2002 2002 2017 2003 2003 2018 2004 2004 2019 2005 2005 2020 2006 2006 2021 2007 2007 2022 2008 2008 2023 2074 2009 1995 2010 2010 1996 2011 2011 1997 2012 2012 1998 2013 2013 1999 2014 2014 2000 2015 2015 2001 2016 2016 2002 2017 2017 2003 2018 2018 2004 2019 2019 2005 2020 2020 2006 2021 2021 2007 2022 2022 2008 2023 2009 2024 2010 2010 2025 2011 2011 2026 2012 2012 2027 2013 2013 2028 2014 2014 2029 2015 2015 2030 2016 2016 2031 2017 2017 2032 2018 2018 2033 2019 2019 2034 2020 2020 2035 2021 2021 2036 2022 2022 2037 2023 2024 2010 2025 2025 2011 2026 2026 2012 2027 2027 2013 2028 2028 2014 2029 2029 2015 2030 2030 2016 2031 2031 2017 2032 2032 2018 2033 2033 2019 2034 2034 2020 2035 2035 2021 2036 2036 2022 2037 2024 2038 2025 2025 2039 2026 2026 2040 2027 2027 2041 2028 2028 2042 2029 2029 2043 2030 2030 2044 2031 2031 2045 2032 2032 2075 2033 2033 2076 2034 2034 2046 2035 2035 2077 2036 2038 2025 2039 2039 2026 2040 2040 2027 2041 2041 2028 2042 2042 2029 2043 2043 2030 2044 2044 2031 2045 2045 2032 2075 2075 2033 2076 2076 2034 2046 2046 2035 2077 2038 2047 2039 2039 2048 2040 2040 2049 2041 2041 2050 2042 2042 2051 2043 2043 2052 2044 2044 2053 2045 2045 2078 2075 2047 2039 2048 2048 2040 2049 2049 2041 2050 2050 2042 2051 2051 2043 2052 2052 2044 2053 2053 2045 2078 2047 2054 2048 2048 2055 2049 2049 2056 2050 2050 2057 2051 2051 2058 2052 2052 2059 2053 2054 2048 2055 2055 2049 2056 2056 2050 2057 2057 2051 2058 2058 2052 2059 2054 2060 2055 2055 2061 2056 2056 2062 2057 2057 2079 2058 2058 2063 2059 2060 2055 2061 2061 2056 2062 2062 2057 2079 2079 2058 2063 2060 2064 2061 2061 2065 2062 2062 2080 2079 2064 2061 2065 2065 2062 2080 2064 2081 2065 2065 2082 2080 2081 2065 2082 2081 2083 2082 2082 2080 2084 2080 2079 2085 2079 2085 2063 2063 2059 2086 2059 2053 2087 2053 2087 2078 2078 2075 2088 2075 2088 2076 2076 2089 2046 2046 2090 2077 2077 2036 2091 2036 2091 2037 2037 2023 2092 2023 2074 2093 2074 2073 2094 2073 1977 2095 1977 1958 2096 1958 2096 1959 1959 2097 2072 2072 1939 2098 1939 2071 2099 2071 1895 2100 1895 1871 2101 1871 2101 2070 2070 1845 2102 1845 2102 2068 2068 2103 2069 2069 2104 1846 1846 1816 2105 1816 2105 1817 1817 2106 1818 1818 2067 2107 2067 2066 2108 2066 2108 1752 1752 1717 2109 1717 1677 2110 1677 2110 1678 1678 2111 1679 1679 2112 1680 </DataArray>
        <DataArray type="Int32" Name="offsets" format="ascii">3 6 9 12 15 18 21 24 27 30 33 36 39 42 45 48 51 54 57 60 63 66 69 72 75 78 81 84 87 90 93 96 99 102 105 108 111 114 117 120 123 126 129 132 135 138 141 144 147 150 153 156 159 162 165 168 171 174 177 180 183 186 189 192 195 198 201 204 207 210 213 216 219 222 225 228 231 234 237 240 243 246 249 252 255 258 261 264 267 270 273 276 279 282 285 288 291 294 297 300 303 306 309 312 315 318 321 324 327 330 333 336 339 342 345 348 351 354 357 360 363 366 369 372 375 378 381 384 387 390 393 396 399 402 405 408 411 414 417 420 423 426 429 432 435 438 441 444 447 450 453 456 459 462 465 468 471 474 477 480 483 486 489 492 495 498 501 504 507 510 513 516 519 522 525 528 531 534 537 540 543 546 549 552 555 558 561 564 567 570 573 576 579 582 585 588 591 594 597 600 603 606 609 612 615 618 621 624 627 630 633 636 639 642 645 648 651 654 657 660 663 666 669 672 675 678 681 684 687 690 693 696 699 702 705 708 711 714 717 720 723 726 729 732 735 738 741 744 747 750 753 756 759 762 765 768 771 774 777 780 783 786 789 792 795 798 801 804 807 810 813 816 819 822 825 828 831 834 837 840 843 846 849 852 855 858 861 864 867 870 873 876 879 882 885 888 891 894 897 900 903 906 909 912 915 918 921 924 927 930 933 936 939 942 945 948 951 954 957 960 963 966 969 972 975 978 981 984 987 990 993 996 999 1002 1005 1008 1011 1014 1017 1020 1023 1026 1029 1032 1035 1038 1041 1044 1047 1050 1053 1056 1059 1062 1065 1068 1071 1074 1077 1080 1083 1086 1089 1092 1095 1098 1101 1104 1107 1110 1113 1116 1119 1122 1125 1128 1131 1134 1137 1140 1143 1146 1149 1152 1155 1158 1161 1164 1167 1170 1173 1176 1179 1182 1185 1188 1191 1194 1197 1200 1203 1206 1209 1212 1215 1218 1221 1224 1227 1230 1233 1236 1239 1242 1245 1248 1251 1254 1257 1260 1263 1266 1269 1272 1275 1278 1281 1284 1287 1290 1293 1296 1299 1302 1305 1308 1311 1314 1317 1320 1323 1326 1329 1332 1335 1338 1341 1344 1347 1350 1353 1356 1359 1362 1365 1368 1371 1374 1377 1380 1383 1386 1389 1392 1395 1398 1401 1404 1407 1410 1413 1416 1419 1422 1425 1428 1431 1434 1437 1440 1443 1446 1449 1452 1455 1458 1461 1464 1467 1470 1473 1476 1479 1482 1485 1488 1491 1494 1497 1500 1503 1506 1509 1512 1515 1518 1521 1524 1527 1530 1533 1536 1539 1542 1545 1548 1551 1554 1557 1560 1563 1566 1569 1572 1575 1578 1581 1584 1587 1590 1593 1596 1599 1602 1605 1608 1611 1614 1617 1620 1623 1626 1629 1632 1635 1638 1641 1644 1647 1650 1653 1656 1659 1662 1665 1668 1671 1674 1677 1680 1683 1686 1689 1692 1695 1698 1701 1704 1707 1710 1713 1716 1719 1722 1725 1728 1731 1734 1737 1740 1743 1746 1749 1752 1755 1758 1761 1764 1767 1770 1773 1776 1779 1782 1785 1788 1791 1794 1797 1800 1803 1806 1809 1812 1815 1818 1821 1824 1827 1830 1833 1836 1839 1842 1845 1848 1851 1854 1857 1860 1863 1866 1869 1872 1875 1878 1881 1884 1887 1890 1893 1896 1899 1902 1905 1908 1911 1914 1917 1920 1923 1926 1929 1932 1935 1938 1941 1944 1947 1950 1953 1956 1959 1962 1965 1968 1971 1974 1977 1980 1983 1986 1989 1992 1995 1998 2001 2004 2007 2010 2013 2016 2019 2022 2025 2028 2031 2034 2037 2040 2043 2046 2049 2052 2055 2058 2061 2064 2067 2070 2073 2076 2079 2082 2085 2088 2091 2094 2097 2100 2103 2106 2109 2112 2115 2118 2121 2124 2127 2130 2133 2136 2139 2142 2145 2148 2151 2154 2157 2160 2163 2166 2169 2172 2175 2178 2181 2184 2187 2190 2193 2196 2199 2202 2205 2208 2211 2214 2217 2220 2223 2226 2229 2232 2235 2238 2241 2244 2247 2250 2253 2256 2259 2262 2265 2268 2271 2274 2277 2280 2283 2286 2289 2292 2295 2298 2301 2304 2307 2310 2313 2316 2319 2322 2325 2328 2331 2334 2337 2340 2343 2346 2349 2352 2355 2358 2361 2364 2367 2370 2373 2376 2379 2382 2385 2388 2391 2394 2397 2400 2403 2406 2409 2412 2415 2418 2421 2424 2427 2430 2433 2436 2439 2442 2445 2448 2451 2454 2457 2460 2463 2466 2469 2472 2475 2478 2481 2484 2487 2490 2493 2496 2499 2502 2505 2508 2511 2514 2517 2520 2523 2526 2529 2532 2535 2538 2541 2544 2547 2550 2553 2556 2559 2562 2565 2568 2571 2574 2577 2580 2583 2586 2589 2592 2595 2598 2601 2604 2607 2610 2613 2616 2619 2622 2625 2628 2631 2634 2637 2640 2643 2646 2649 2652 2655 2658 2661 2664 2667 2670 2673 2676 2679 2682 2685 2688 2691 2694 2697 2700 2703 2706 2709 2712 2715 2718 2721 2724 2727 2730 2733 2736 2739 2742 2745 2748 2751 2754 2757 2760 2763 2766 2769 2772 2775 2778 2781 2784 2787 2790 2793 2796 2799 2802 2805 2808 2811 2814 2817 2820 2823 2826 2829 2832 2835 2838 2841 2844 2847 2850 2853 2856 2859 2862 2865 2868 2871 2874 2877 2880 2883 2886 2889 2892 2895 2898 2901 2904 2907 2910 2913 2916 2919 2922 2925 2928 2931 2934 2937 2940 2943 2946 2949 2952 2955 2958 2961 2964 2967 2970 2973 2976 2979 2982 2985 2988 2991 2994 2997 3000 3003 3006 3009 3012 3015 3018 3021 3024 3027 3030 3033 3036 3039 3042 3045 3048 3051 3054 3057 3060 3063 3066 3069 3072 3075 3078 3081 3084 3087 3090 3093 3096 3099 3102 3105 3108 3111 3114 3117 3120 3123 3126 3129 3132 3135 3138 3141 3144 3147 3150 3153 3156 3159 3162 3165 3168 3171 3174 3177 3180 3183 3186 3189 3192 3195 3198 3201 3204 3207 3210 3213 3216 3219 3222 3225 3228 3231 3234 3237 3240 3243 3246 3249 3252 3255 3258 3261 3264 3267 3270 3273 3276 3279 3282 3285 3288 3291 3294 3297 3300 3303 3306 3309 3312 3315 3318 3321 3324 3327 3330 3333 3336 3339 3342 3345 3348 3351 3354 3357 3360 3363 3366 3369 3372 3375 3378 3381 3384 3387 3390 3393 3396 3399 3402 3405 3408 3411 3414 3417 3420 3423 3426 3429 3432 3435 3438 3441 3444 3447 3450 3453 3456 3459 3462 3465 3468 3471 3474 3477 3480 3483 3486 3489 3492 3495 3498 3501 3504 3507 3510 3513 3516 3519 3522 3525 3528 3531 3534 3537 3540 3543 3546 3549 3552 3555 3558 3561 3564 3567 3570 3573 3576 3579 3582 3585 3588 3591 3594 3597 3600 3603 3606 3609 3612 3615 3618 3621 3624 3627 3630 3633 3636 3639 3642 3645 3648 3651 3654 3657 3660 3663 3666 3669 3672 3675 3678 3681 3684 3687 3690 3693 3696 3699 3702 3705 3708 3711 3714 3717 3720 3723 3726 3729 3732 3735 3738 3741 3744 3747 3750 3753 3756 3759 3762 3765 3768 3771 3774 3777 3780 3783 3786 3789 3792 3795 3798 3801 3804 3807 3810 3813 3816 3819 3822 3825 3828 3831 3834 3837 3840 3843 3846 3849 3852 3855 3858 3861 3864 3867 3870 3873 3876 3879 3882 3885 3888 3891 3894 3897 3900 3903 3906 3909 3912 3915 3918 3921 3924 3927 3930 3933 3936 3939 3942 3945 3948 3951 3954 3957 3960 3963 3966 3969 3972 3975 3978 3981 3984 3987 3990 3993 3996 3999 4002 4005 4008 4011 4014 4017 4020 4023 4026 4029 4032 4035 4038 4041 4044 4047 4050 4053 4056 4059 4062 4065 4068 4071 4074 4077 4080 4083 4086 4089 4092 4095 4098 4101 4104 4107 4110 4113 4116 4119 4122 4125 4128 4131 4134 4137 4140 4143 4146 4149 4152 4155 4158 4161 4164 4167 4170 4173 4176 4179 4182 4185 4188 4191 4194 4197 4200 4203 4206 4209 4212 4215 4218 4221 4224 4227 4230 4233 4236 4239 4242 4245 4248 4251 4254 4257 4260 4263 4266 4269 4272 4275 4278 4281 4284 4287 4290 4293 4296 4299 4302 4305 4308 4311 4314 4317 4320 4323 4326 4329 4332 4335 4338 4341 4344 4347 4350 4353 4356 4359 4362 4365 4368 4371 4374 4377 4380 4383 4386 4389 4392 4395 4398 4401 4404 4407 4410 4413 4416 4419 4422 4425 4428 4431 4434 4437 4440 4443 4446 4449 4452 4455 4458 4461 4464 4467 4470 4473 4476 4479 4482 4485 4488 4491 4494 4497 4500 4503 4506 4509 4512 4515 4518 4521 4524 4527 4530 4533 4536 4539 4542 4545 4548 4551 4554 4557 4560 4563 4566 4569 4572 4575 4578 4581 4584 4587 4590 4593 4596 4599 4602 4605 4608 4611 4614 4617 4620 4623 4626 4629 4632 4635 4638 4641 4644 4647 4650 4653 4656 4659 4662 4665 4668 4671 4674 4677 4680 4683 4686 4689 4692 4695 4698 4701 4704 4707 4710 4713 4716 4719 4722 4725 4728 4731 4734 4737 4740 4743 4746 4749 4752 4755 4758 4761 4764 4767 4770 4773 4776 4779 4782 4785 4788 4791 4794 4797 4800 4803 4806 4809 4812 4815 4818 4821 4824 4827 4830 4833 4836 4839 4842 4845 4848 4851 4854 4857 4860 4863 4866 4869 4872 4875 4878 4881 4884 4887 4890 4893 4896 4899 4902 4905 4908 4911 4914 4917 4920 4923 4926 4929 4932 4935 4938 4941 4944 4947 4950 4953 4956 4959 4962 4965 4968 4971 4974 4977 4980 4983 4986 4989 4992 4995 4998 5001 5004 5007 5010 5013 5016 5019 5022 5025 5028 5031 5034 5037 5040 5043 5046 5049 5052 5055 5058 5061 5064 5067 5070 5073 5076 5079 5082 5085 5088 5091 5094 5097 5100 5103 5106 5109 5112 5115 5118 5121 5124 5127 5130 5133 5136 5139 5142 5145 5148 5151 5154 5157 5160 5163 5166 5169 5172 5175 5178 5181 5184 5187 5190 5193 5196 5199 5202 5205 5208 5211 5214 5217 5220 5223 5226 5229 5232 5235 5238 5241 5244 5247 5250 5253 5256 5259 5262 5265 5268 5271 5274 5277 5280 5283 5286 5289 5292 5295 5298 5301 5304 5307 5310 5313 5316 5319 5322 5325 5328 5331 5334 5337 5340 5343 5346 5349 5352 5355 5358 5361 5364 5367 5370 5373 5376 5379 5382 5385 5388 5391 5394 5397 5400 5403 5406 5409 5412 5415 5418 5421 5424 5427 5430 5433 5436 5439 5442 5445 5448 5451 5454 5457 5460 5463 5466 5469 5472 5475 5478 5481 5484 5487 5490 5493 5496 5499 5502 5505 5508 5511 5514 5517 5520 5523 5526 5529 5532 5535 5538 5541 5544 5547 5550 5553 5556 5559 5562 5565 5568 5571 5574 5577 5580 5583 5586 5589 5592 5595 5598 5601 5604 5607 5610 5613 5616 5619 5622 5625 5628 5631 5634 5637 5640 5643 5646 5649 5652 5655 5658 5661 5664 5667 5670 5673 5676 5679 5682 5685 5688 5691 5694 5697 5700 5703 5706 5709 5712 5715 5718 5721 5724 5727 5730 5733 5736 5739 5742 5745 5748 5751 5754 5757 5760 5763 5766 5769 5772 5775 5778 5781 5784 5787 5790 5793 5796 5799 5802 5805 5808 5811 5814 5817 5820 5823 5826 5829 5832 5835 5838 5841 5844 5847 5850 5853 5856 5859 5862 5865 5868 5871 5874 5877 5880 5883 5886 5889 5892 5895 5898 5901 5904 5907 5910 5913 5916 5919 5922 5925 5928 5931 5934 5937 5940 5943 5946 5949 5952 5955 5958 5961 5964 5967 5970 5973 5976 5979 5982 5985 5988 5991 5994 5997 6000 6003 6006 6009 6012 6015 6018 6021 6024 6027 6030 6033 6036 6039 6042 6045 6048 6051 6054 6057 6060 6063 6066 6069 6072 6075 6078 6081 6084 6087 6090 6093 6096 6099 6102 6105 6108 6111 6114 6117 6120 6123 6126 6129 6132 6135 6138 6141 6144 6147 6150 6153 6156 6159 6162 6165 6168 6171 6174 6177 6180 6183 6186 6189 6192 6195 6198 6201 6204 6207 6210 6213 6216 6219 6222 6225 6228 6231 6234 6237 6240 6243 6246 6249 6252 6255 6258 6261 6264 6267 6270 6273 6276 6279 6282 6285 6288 6291 6294 6297 6300 6303 6306 6309 6312 6315 6318 6321 6324 6327 6330 6333 6336 6339 6342 6345 6348 6351 6354 6357 6360 6363 6366 6369 6372 6375 6378 6381 6384 6387 6390 6393 6396 6399 6402 6405 6408 6411 6414 6417 6420 6423 6426 6429 6432 6435 6438 6441 6444 6447 6450 6453 6456 6459 6462 6465 6468 6471 6474 6477 6480 6483 6486 6489 6492 6495 6498 6501 6504 6507 6510 6513 6516 6519 6522 6525 6528 6531 6534 6537 6540 6543 6546 6549 6552 6555 6558 6561 6564 6567 6570 6573 6576 6579 6582 6585 6588 6591 6594 6597 6600 6603 6606 6609 6612 6615 6618 6621 6624 6627 6630 6633 6636 6639 6642 6645 6648 6651 6654 6657 6660 6663 6666 6669 6672 6675 6678 6681 6684 6687 6690 6693 6696 6699 6702 6705 6708 6711 6714 6717 6720 6723 6726 6729 6732 6735 6738 6741 6744 6747 6750 6753 6756 6759 6762 6765 6768 6771 6774 6777 6780 6783 6786 6789 6792 6795 6798 6801 6804 6807 6810 6813 6816 6819 6822 6825 6828 6831 6834 6837 6840 6843 6846 6849 6852 6855 6858 6861 6864 6867 6870 6873 6876 6879 6882 6885 6888 6891 6894 6897 6900 6903 6906 6909 6912 6915 6918 6921 6924 6927 6930 6933 6936 6939 6942 6945 6948 6951 6954 6957 6960 6963 6966 6969 6972 6975 6978 6981 6984 6987 6990 6993 6996 6999 7002 7005 7008 7011 7014 7017 7020 7023 7026 7029 7032 7035 7038 7041 7044 7047 7050 7053 7056 7059 7062 7065 7068 7071 7074 7077 7080 7083 7086 7089 7092 7095 7098 7101 7104 7107 7110 7113 7116 7119 7122 7125 7128 7131 7134 7137 7140 7143 7146 7149 7152 7155 7158 7161 7164 7167 7170 7173 7176 7179 7182 7185 7188 7191 7194 7197 7200 7203 7206 7209 7212 7215 7218 7221 7224 7227 7230 7233 7236 7239 7242 7245 7248 7251 7254 7257 7260 7263 7266 7269 7272 7275 7278 7281 7284 7287 7290 7293 7296 7299 7302 7305 7308 7311 7314 7317 7320 7323 7326 7329 7332 7335 7338 7341 7344 7347 7350 7353 7356 7359 7362 7365 7368 7371 7374 7377 7380 7383 7386 7389 7392 7395 7398 7401 7404 7407 7410 7413 7416 7419 7422 7425 7428 7431 7434 7437 7440 7443 7446 7449 7452 7455 7458 7461 7464 7467 7470 7473 7476 7479 7482 7485 7488 7491 7494 7497 7500 7503 7506 7509 7512 7515 7518 7521 7524 7527 7530 7533 7536 7539 7542 7545 7548 7551 7554 7557 7560 7563 7566 7569 7572 7575 7578 7581 7584 7587 7590 7593 7596 7599 7602 7605 7608 7611 7614 7617 7620 7623 7626 7629 7632 7635 7638 7641 7644 7647 7650 7653 7656 7659 7662 7665 7668 7671 7674 7677 7680 7683 7686 7689 7692 7695 7698 7701 7704 7707 7710 7713 7716 7719 7722 7725 7728 7731 7734 7737 7740 7743 7746 7749 7752 7755 7758 7761 7764 7767 7770 7773 7776 7779 7782 7785 7788 7791 7794 7797 7800 7803 7806 7809 7812 7815 7818 7821 7824 7827 7830 7833 7836 7839 7842 7845 7848 7851 7854 7857 7860 7863 7866 7869 7872 7875 7878 7881 7884 7887 7890 7893 7896 7899 7902 7905 7908 7911 7914 7917 7920 7923 7926 7929 7932 7935 7938 7941 7944 7947 7950 7953 7956 7959 7962 7965 7968 7971 7974 7977 7980 7983 7986 7989 7992 7995 7998 8001 8004 8007 8010 8013 8016 8019 8022 8025 8028 8031 8034 8037 8040 8043 8046 8049 8052 8055 8058 8061 8064 8067 8070 8073 8076 8079 8082 8085 8088 8091 8094 8097 8100 8103 8106 8109 8112 8115 8118 8121 8124 8127 8130 8133 8136 8139 8142 8145 8148 8151 8154 8157 8160 8163 8166 8169 8172 8175 8178 8181 8184 8187 8190 8193 8196 8199 8202 8205 8208 8211 8214 8217 8220 8223 8226 8229 8232 8235 8238 8241 8244 8247 8250 8253 8256 8259 8262 8265 8268 8271 8274 8277 8280 8283 8286 8289 8292 8295 8298 8301 8304 8307 8310 8313 8316 8319 8322 8325 8328 8331 8334 8337 8340 8343 8346 8349 8352 8355 8358 8361 8364 8367 8370 8373 8376 8379 8382 8385 8388 8391 8394 8397 8400 8403 8406 8409 8412 8415 8418 8421 8424 8427 8430 8433 8436 8439 8442 8445 8448 8451 8454 8457 8460 8463 8466 8469 8472 8475 8478 8481 8484 8487 8490 8493 8496 8499 8502 8505 8508 8511 8514 8517 8520 8523 8526 8529 8532 8535 8538 8541 8544 8547 8550 8553 8556 8559 8562 8565 8568 8571 8574 8577 8580 8583 8586 8589 8592 8595 8598 8601 8604 8607 8610 8613 8616 8619 8622 8625 8628 8631 8634 8637 8640 8643 8646 8649 8652 8655 8658 8661 8664 8667 8670 8673 8676 8679 8682 8685 8688 8691 8694 8697 8700 8703 8706 8709 8712 8715 8718 8721 8724 8727 8730 8733 8736 8739 8742 8745 8748 8751 8754 8757 8760 8763 8766 8769 8772 8775 8778 8781 8784 8787 8790 8793 8796 8799 8802 8805 8808 8811 8814 8817 8820 8823 8826 8829 8832 8835 8838 8841 8844 8847 8850 8853 8856 8859 8862 8865 8868 8871 8874 8877 8880 8883 8886 8889 8892 8895 8898 8901 8904 8907 8910 8913 8916 8919 8922 8925 8928 8931 8934 8937 8940 8943 8946 8949 8952 8955 8958 8961 8964 8967 8970 8973 8976 8979 8982 8985 8988 8991 8994 8997 9000 9003 9006 9009 9012 9015 9018 9021 9024 9027 9030 9033 9036 9039 9042 9045 9048 9051 9054 9057 9060 9063 9066 9069 9072 9075 9078 9081 9084 9087 9090 9093 9096 9099 9102 9105 9108 9111 9114 9117 9120 9123 9126 9129 9132 9135 9138 9141 9144 9147 9150 9153 9156 9159 9162 9165 9168 9171 9174 9177 9180 9183 9186 9189 9192 9195 9198 9201 9204 9207 9210 9213 9216 9219 9222 9225 9228 9231 9234 9237 9240 9243 9246 9249 9252 9255 9258 9261 9264 9267 9270 9273 9276 9279 9282 9285 9288 9291 9294 9297 9300 9303 9306 9309 9312 9315 9318 9321 9324 9327 9330 9333 9336 9339 9342 9345 9348 9351 9354 9357 9360 9363 9366 9369 9372 9375 9378 9381 9384 9387 9390 9393 9396 9399 9402 9405 9408 9411 9414 9417 9420 9423 9426 9429 9432 9435 9438 9441 9444 9447 9450 9453 9456 9459 9462 9465 9468 9471 9474 9477 9480 9483 9486 9489 9492 9495 9498 9501 9504 9507 9510 9513 9516 9519 9522 9525 9528 9531 9534 9537 9540 9543 9546 9549 9552 9555 9558 9561 9564 9567 9570 9573 9576 9579 9582 9585 9588 9591 9594 9597 9600 9603 9606 9609 9612 9615 9618 9621 9624 9627 9630 9633 9636 9639 9642 9645 9648 9651 9654 9657 9660 9663 9666 9669 9672 9675 9678 9681 9684 9687 9690 9693 9696 9699 9702 9705 9708 9711 9714 9717 9720 9723 9726 9729 9732 9735 9738 9741 9744 9747 9750 9753 9756 9759 9762 9765 9768 9771 9774 9777 9780 9783 9786 9789 9792 9795 9798 9801 9804 9807 9810 9813 9816 9819 9822 9825 9828 9831 9834 9837 9840 9843 9846 9849 9852 9855 9858 9861 9864 9867 9870 9873 9876 9879 9882 9885 9888 9891 9894 9897 9900 9903 9906 9909 9912 9915 9918 9921 9924 9927 9930 9933 9936 9939 9942 9945 9948 9951 9954 9957 9960 9963 9966 9969 9972 9975 9978 9981 9984 9987 9990 9993 9996 9999 10002 10005 10008 10011 10014 10017 10020 10023 10026 10029 10032 10035 10038 10041 10044 10047 10050 10053 10056 10059 10062 10065 10068 10071 10074 10077 10080 10083 10086 10089 10092 10095 10098 10101 10104 10107 10110 10113 10116 10119 10122 10125 10128 10131 10134 10137 10140 10143 10146 10149 10152 10155 10158 10161 10164 10167 10170 10173 10176 10179 10182 10185 10188 10191 10194 10197 10200 10203 10206 10209 10212 10215 10218 10221 10224 10227 10230 10233 10236 10239 10242 10245 10248 10251 10254 10257 10260 10263 10266 10269 10272 10275 10278 10281 10284 10287 10290 10293 10296 10299 10302 10305 10308 10311 10314 10317 10320 10323 10326 10329 10332 10335 10338 10341 10344 10347 10350 10353 10356 10359 10362 10365 10368 10371 10374 10377 10380 10383 10386 10389 10392 10395 10398 10401 10404 10407 10410 10413 10416 10419 10422 10425 10428 10431 10434 10437 10440 10443 10446 10449 10452 10455 10458 10461 10464 10467 10470 10473 10476 10479 10482 10485 10488 10491 10494 10497 10500 10503 10506 10509 10512 10515 10518 10521 10524 10527 10530 10533 10536 10539 10542 10545 10548 10551 10554 10557 10560 10563 10566 10569 10572 10575 10578 10581 10584 10587 10590 10593 10596 10599 10602 10605 10608 10611 10614 10617 10620 10623 10626 10629 10632 10635 10638 10641 10644 10647 10650 10653 10656 10659 10662 10665 10668 10671 10674 10677 10680 10683 10686 10689 10692 10695 10698 10701 10704 10707 10710 10713 10716 10719 10722 10725 10728 10731 10734 10737 10740 10743 10746 10749 10752 10755 10758 10761 10764 10767 10770 10773 10776 10779 10782 10785 10788 10791 10794 10797 10800 10803 10806 10809 10812 10815 10818 10821 10824 10827 10830 10833 10836 10839 10842 10845 10848 10851 10854 10857 10860 10863 10866 10869 10872 10875 10878 10881 10884 10887 10890 10893 10896 10899 10902 10905 10908 10911 10914 10917 10920 10923 10926 10929 10932 10935 10938 10941 10944 10947 10950 10953 10956 10959 10962 10965 10968 10971 10974 10977 10980 10983 10986 10989 10992 10995 10998 11001 11004 11007 11010 11013 11016 11019 11022 11025 11028 11031 11034 11037 11040 11043 11046 11049 11052 11055 11058 11061 11064 11067 11070 11073 11076 11079 11082 11085 11088 11091 11094 11097 11100 11103 11106 11109 11112 11115 11118 11121 11124 11127 11130 11133 11136 11139 11142 11145 11148 11151 11154 11157 11160 11163 11166 11169 11172 11175 11178 11181 11184 11187 11190 11193 11196 11199 11202 11205 11208 11211 11214 11217 11220 11223 11226 11229 11232 11235 11238 11241 11244 11247 11250 11253 11256 11259 11262 11265 11268 11271 11274 11277 11280 11283 11286 11289 11292 11295 11298 11301 11304 11307 11310 11313 11316 11319 11322 11325 11328 11331 11334 11337 11340 11343 11346 11349 11352 11355 11358 11361 11364 11367 11370 11373 11376 11379 11382 11385 11388 11391 11394 11397 11400 11403 11406 11409 11412 11415 11418 11421 11424 11427 11430 11433 11436 11439 11442 11445 11448 11451 11454 11457 11460 11463 11466 11469 11472 11475 11478 11481 11484 11487 11490 11493 11496 11499 11502 11505 11508 11511 11514 11517 11520 11523 11526 11529 11532 11535 11538 11541 11544 11547 11550 11553 11556 11559 11562 11565 11568 11571 11574 11577 11580 11583 11586 11589 11592 11595 11598 11601 11604 11607 11610 11613 11616 11619 11622 11625 11628 11631 11634 11637 11640 11643 11646 11649 11652 11655 11658 11661 11664 11667 11670 11673 11676 11679 11682 11685 11688 11691 11694 11697 11700 11703 11706 11709 11712 11715 11718 11721 11724 11727 11730 11733 11736 11739 11742 11745 11748 11751 11754 11757 11760 11763 11766 11769 11772 11775 11778 11781 11784 11787 11790 11793 11796 11799 11802 11805 11808 11811 11814 11817 11820 11823 11826 11829 11832 11835 11838 11841 11844 11847 11850 11853 11856 11859 11862 11865 11868 11871 11874 11877 11880 11883 11886 11889 11892 11895 11898 11901 11904 11907 11910 11913 11916 11919 11922 11925 11928 11931 11934 11937 11940 11943 11946 11949 11952 11955 11958 11961 11964 11967 11970 11973 11976 11979 11982 11985 11988 11991 11994 11997 12000 12003 12006 12009 12012 12015 12018 12021 12024 12027 12030 12033 12036 12039 12042 12045 12048 12051 12054 12057 12060 12063 12066 12069 </DataArray>
        <DataArray type="Int8" Name="types" format="ascii">69 69 69 69 69 69 69 69 69 69 69 69 69 69 69 69 69 69 69 69 69 69 69 69 69 69 69 69 69 69 69 69 69 69 69 69 69 69 69 69 69 69 69 69 69 69 69 69 69 69 69 69 69 69 69 69 69 69 69 69 69 69 69 69 69 69 69 69 69 69 69 69 69 69 69 69 69 69 69 69 69 69 69 69 69 69 69 69 69 69 69 69 69 69 69 69 69 69 69 69 69 69 69 69 69 69 69 69 69 69 69 69 69 69 69 69 69 69 69 69 69 69 69 69 69 69 69 69 69 69 69 69 69 69 69 69 69 69 69 69 69 69 69 69 69 69 69 69 69 69 69 69 69 69 69 69 69 69 69 69 69 69 69 69 69 69 69 69 69 69 69 69 69 69 69 69 69 69 69 69 69 69 69 69 69 69 69 69 69 69 69 69 69 69 69 69 69 69 69 69 69 69 69 69 69 69 69 69 69 69 69 69 69 69 69 69 69 69 69 69 69 69 69 69 69 69 69 69 69 69 69 69 69 69 69 69 69 69 69 69 69 69 69 69 69 69 69 69 69 69 69 69 69 69 69 69 69 69 69 69 69 69 69 69 69 69 69 69 69 69 69 69 69 69 69 69 69 69 69 69 69 69 69 69 69 69 69 69 69 69 69 69 69 69 69 69 69 69 69 69 69 69 69 69 69 69 69 69 69 69 69 69 69 69 69 69 69 69 69 69 69 69 69 69 69 69 69 69 69 69 69 69 69 69 69 69 69 69 69 69 69 69 69 69 69 69 69 69 69 69 69 69 69 69 69 69 69 69 69 69 69 69 69 69 69 69 69 69 69 69 69 69 69 69 69 69 69 69 69 69 69 69 69 69 69 69 69 69 69 69 69 69 69 69 69 69 69 69 69 69 69 69 69 69 69 69 69 69 69 69 69 69 69 69 69 69 69 69 69 69 69 69 69 69 69 69 69 69 69 69 69 69 69 69 69 69 69 69 69 69 69 69 69 69 69 69 69 69 69 69 69 69 69 69 69 69 69 69 69 69 69 69 69 69 69 69 69 69 69 69 69 69 69 69 69 69 69 69 69 69 69 69 69 69 69 69 69 69 69 69 69 69 69 69 69 69 69 69 69 69 69 69 69 69 69 69 69 69 69 69 69 69 69 69 69 69 69 69 69 69 69 69 69 69 69 69 69 69 69 69 69 69 69 69 69 69 69 69 69 69 69 69 69 69 69 69 69 69 69 69 69 69 69 69 69 69 69 69 69 69 69 69 69 69 69 69 69 69 69 69 69 69 69 69 69 69 69 69 69 69 69 69 69 69 69 69 69 69 69 69 69 69 69 69 69 69 69 69 69 69 69 69 69 69 69 69 69 69 69 69 69 69 69 69 69 69 69 69 69 69 69 69 69 69 69 69 69 69 69 69 69 69 69 69 69 69 69 69 69 69 69 69 69 69 69 69 69 69 69 69 69 69 69 69 69 69 69 69 69 69 69 69 69 69 69 69 69 69 69 69 69 69 69 69 69 69 69 69 69 69 69 69 69 69 69 69 69 69 69 69 69 69 69 69 69 69 69 69 69 69 69 69 69 69 69 69 69 69 69 69 69 69 69 69 69 69 69 69 69 69 69 69 69 69 69 69 69 69 69 69 69 69 69 69 69 69 69 69 69 69 69 69 69 69 69 69 69 69 69 69 69 69 69 69 69 69 69 69 69 69 69 69 69 69 69 69 69 69 69 69 69 69 69 69 69 69 69 69 69 69 69 69 69 69 69 69 69 69 69 69 69 69 69 69 69 69 69 69 69 69 69 69 69 69 69 69 69 69 69 69 69 69 69 69 69 69 69 69 69 69 69 69 69 69 69 69 69 69 69 69 69 69 69 69 69 69 69 69 69 69 69 69 69 69 69 69 69 69 69 69 69 69 69 69 69 69 69 69 69 69 69 69 69 69 69 69 69 69 69 69 69 69 69 69 69 69 69 69 69 69 69 69 69 69 69 69 69 69 69 69 69 69 69 69 69 69 69 69 69 69 69 69 69 69 69 69 69 69 69 69 69 69 69 69 69 69 69 69 69 69 69 69 69 69 69 69 69 69 69 69 69 69 69 69 69 69 69 69 69 69 69 69 69 69 69 69 69 69 69 69 69 69 69 69 69 69 69 69 69 69 69 69 69 69 69 69 69 69 69 69 69 69 69 69 69 69 69 69 69 69 69 69 69 69 69 69 69 69 69 69 69 69 69 69 69 69 69 69 69 69 69 69 69 69 69 69 69 69 69 69 69 69 69 69 69 69 69 69 69 69 69 69 69 69 69 69 69 69 69 69 69 69 69 69 69 69 69 69 69 69 69 69 69 69 69 69 69 69 69 69 69 69 69 69 69 69 69 69 69 69 69 69 69 69 69 69 69 69 69 69 69 69 69 69 69 69 69 69 69 69 69 69 69 69 69 69 69 69 69 69 69 69 69 69 69 69 69 69 69 69 69 69 69 69 69 69 69 69 69 69 69 69 69 69 69 69 69 69 69 69 69 69 69 69 69 69 69 69 69 69 69 69 69 69 69 69 69 69 69 69 69 69 69 69 69 69 69 69 69 69 69 69 69 69 69 69 69 69 69 69 69 69 69 69 69 69 69 69 69 69 69 69 69 69 69 69 69 69 69 69 69 69 69 69 69 69 69 69 69 69 69 69 69 69 69 69 69 69 69 69 69 69 69 69 69 69 69 69 69 69 69 69 69 69 69 69 69 69 69 69 69 69 69 69 69 69 69 69 69 69 69 69 69 69 69 69 69 69 69 69 69 69 69 69 69 69 69 69 69 69 69 69 69 69 69 69 69 69 69 69 69 69 69 69 69 69 69 69 69 69 69 69 69 69 69 69 69 69 69 69 69 69 69 69 69 69 69 69 69 69 69 69 69 69 69 69 69 69 69 69 69 69 69 69 69 69 69 69 69 69 69 69 69 69 69 69 69 69 69 69 69 69 69 69 69 69 69 69 69 69 69 69 69 69 69 69 69 69 69 69 69 69 69 69 69 69 69 69 69 69 69 69 69 69 69 69 69 69 69 69 69 69 69 69 69 69 69 69 69 69 69 69 69 69 69 69 69 69 69 69 69 69 69 69 69 69 69 69 69 69 69 69 69 69 69 69 69 69 69 69 69 69 69 69 69 69 69 69 69 69 69 69 69 69 69 69 69 69 69 69 69 69 69 69 69 69 69 69 69 69 69 69 69 69 69 69 69 69 69 69 69 69 69 69 69 69 69 69 69 69 69 69 69 69 69 69 69 69 69 69 69 69 69 69 69 69 69 69 69 69 69 69 69 69 69 69 69 69 69 69 69 69 69 69 69 69 69 69 69 69 69 69 69 69 69 69 69 69 69 69 69 69 69 69 69 69 69 69 69 69 69 69 69 69 69 69 69 69 69 69 69 69 69 69 69 69 69 69 69 69 69 69 69 69 69 69 69 69 69 69 69 69 69 69 69 69 69 69 69 69 69 69 69 69 69 69 69 69 69 69 69 69 69 69 69 69 69 69 69 69 69 69 69 69 69 69 69 69 69 69 69 69 69 69 69 69 69 69 69 69 69 69 69 69 69 69 69 69 69 69 69 69 69 69 69 69 69 69 69 69 69 69 69 69 69 69 69 69 69 69 69 69 69 69 69 69 69 69 69 69 69 69 69 69 69 69 69 69 69 69 69 69 69 69 69 69 69 69 69 69 69 69 69 69 69 69 69 69 69 69 69 69 69 69 69 69 69 69 69 69 69 69 69 69 69 69 69 69 69 69 69 69 69 69 69 69 69 69 69 69 69 69 69 69 69 69 69 69 69 69 69 69 69 69 69 69 69 69 69 69 69 69 69 69 69 69 69 69 69 69 69 69 69 69 69 69 69 69 69 69 69 69 69 69 69 69 69 69 69 69 69 69 69 69 69 69 69 69 69 69 69 69 69 69 69 69 69 69 69 69 69 69 69 69 69 69 69 69 69 69 69 69 69 69 69 69 69 69 69 69 69 69 69 69 69 69 69 69 69 69 69 69 69 69 69 69 69 69 69 69 69 69 69 69 69 69 69 69 69 69 69 69 69 69 69 69 69 69 69 69 69 69 69 69 69 69 69 69 69 69 69 69 69 69 69 69 69 69 69 69 69 69 69 69 69 69 69 69 69 69 69 69 69 69 69 69 69 69 69 69 69 69 69 69 69 69 69 69 69 69 69 69 69 69 69 69 69 69 69 69 69 69 69 69 69 69 69 69 69 69 69 69 69 69 69 69 69 69 69 69 69 69 69 69 69 69 69 69 69 69 69 69 69 69 69 69 69 69 69 69 69 69 69 69 69 69 69 69 69 69 69 69 69 69 69 69 69 69 69 69 69 69 69 69 69 69 69 69 69 69 69 69 69 69 69 69 69 69 69 69 69 69 69 69 69 69 69 69 69 69 69 69 69 69 69 69 69 69 69 69 69 69 69 69 69 69 69 69 69 69 69 69 69 69 69 69 69 69 69 69 69 69 69 69 69 69 69 69 69 69 69 69 69 69 69 69 69 69 69 69 69 69 69 69 69 69 69 69 69 69 69 69 69 69 69 69 69 69 69 69 69 69 69 69 69 69 69 69 69 69 69 69 69 69 69 69 69 69 69 69 69 69 69 69 69 69 69 69 69 69 69 69 69 69 69 69 69 69 69 69 69 69 69 69 69 69 69 69 69 69 69 69 69 69 69 69 69 69 69 69 69 69 69 69 69 69 69 69 69 69 69 69 69 69 69 69 69 69 69 69 69 69 69 69 69 69 69 69 69 69 69 69 69 69 69 69 69 69 69 69 69 69 69 69 69 69 69 69 69 69 69 69 69 69 69 69 69 69 69 69 69 69 69 69 69 69 69 69 69 69 69 69 69 69 69 69 69 69 69 69 69 69 69 69 69 69 69 69 69 69 69 69 69 69 69 69 69 69 69 69 69 69 69 69 69 69 69 69 69 69 69 69 69 69 69 69 69 69 69 69 69 69 69 69 69 69 69 69 69 69 69 69 69 69 69 69 69 69 69 69 69 69 69 69 69 69 69 69 69 69 69 69 69 69 69 69 69 69 69 69 69 69 69 69 69 69 69 69 69 69 69 69 69 69 69 69 69 69 69 69 69 69 69 69 69 69 69 69 69 69 69 69 69 69 69 69 69 69 69 69 69 69 69 69 69 69 69 69 69 69 69 69 69 69 69 69 69 69 69 69 69 69 69 69 69 69 69 69 69 69 69 69 69 69 69 69 69 69 69 69 69 69 69 69 69 69 69 69 69 69 69 69 69 69 69 69 69 69 69 69 69 69 69 69 69 69 69 69 69 69 69 69 69 69 69 69 69 69 69 69 69 69 69 69 69 69 69 69 69 69 69 69 69 69 69 69 69 69 69 69 69 69 69 69 69 69 69 69 69 69 69 69 69 69 69 69 69 69 69 69 69 69 69 69 69 69 69 69 69 69 69 69 69 69 69 69 69 69 69 69 69 69 69 69 69 69 69 69 69 69 69 69 69 69 69 69 69 69 69 69 69 69 69 69 69 69 69 69 69 69 69 69 69 69 69 69 69 69 69 69 69 69 69 69 69 69 69 69 69 69 69 69 69 69 69 69 69 69 69 69 69 69 69 69 69 69 69 69 69 69 69 69 69 69 69 69 69 69 69 69 69 69 69 69 69 69 69 69 69 69 69 69 69 69 69 69 69 69 69 69 69 69 69 69 69 69 69 69 69 69 69 69 69 69 69 69 69 69 69 69 69 69 69 69 69 69 69 69 69 69 69 69 69 69 69 69 69 69 69 69 69 69 69 69 69 69 69 69 69 69 69 69 69 69 69 69 69 69 69 69 69 69 69 69 69 69 69 69 69 69 69 69 69 69 69 69 69 69 69 69 69 69 69 69 69 69 69 69 69 69 69 69 69 69 69 69 69 69 69 69 69 69 69 69 69 69 69 69 69 69 69 69 69 69 69 69 69 69 69 69 69 69 69 69 69 69 69 69 69 69 69 69 69 69 69 69 69 69 69 69 69 69 69 69 69 69 69 69 69 69 69 69 69 69 69 69 69 69 69 69 69 69 69 69 69 69 69 69 69 69 69 69 69 69 69 69 69 69 69 69 69 69 69 69 69 69 69 69 69 69 69 69 69 69 69 69 69 69 69 69 69 69 69 69 69 69 69 69 69 69 69 69 69 69 69 69 69 69 69 69 69 69 69 69 69 69 69 69 69 69 69 69 69 69 69 69 69 69 69 69 69 69 69 69 69 69 69 69 69 69 69 69 69 69 69 69 69 69 69 69 69 69 69 69 69 69 69 69 69 69 69 69 69 69 69 69 69 69 69 69 69 69 69 69 69 69 69 69 69 69 69 69 69 69 69 69 69 69 69 69 69 69 69 69 69 69 69 69 69 69 69 69 69 69 69 69 69 69 69 69 69 69 69 69 69 69 69 69 69 69 69 69 69 69 69 69 69 69 69 69 69 69 69 69 69 69 69 69 69 69 69 69 69 69 69 69 69 69 69 69 69 69 69 69 69 69 69 69 69 69 69 69 69 69 69 69 69 69 69 69 69 69 69 69 69 69 69 69 69 69 69 69 69 69 69 69 69 69 69 69 69 69 69 69 69 69 69 69 69 69 69 69 69 69 69 69 69 69 69 69 69 69 69 69 69 69 69 69 69 69 69 69 69 69 69 69 69 69 69 69 69 69 69 69 69 69 69 69 69 69 69 69 69 69 69 69 69 69 69 69 69 69 69 69 69 69 69 69 69 69 69 69 69 69 69 69 69 69 69 69 69 69 69 69 69 69 69 69 69 69 69 69 69 69 69 69 69 69 69 69 69 69 69 69 69 69 69 69 69 69 69 69 69 69 69 69 69 69 69 69 69 69 69 69 69 69 69 69 69 69 69 69 69 69 69 69 69 69 69 69 69 69 69 69 69 69 69 69 69 69 69 69 69 69 69 69 69 69 69 69 69 69 69 69 69 69 69 69 69 69 69 69 69 69 69 69 69 69 69 69 69 69 69 69 69 69 69 69 69 69 69 69 69 69 69 69 69 69 69 69 69 69 69 69 69 69 69 69 69 69 69 69 69 69 69 69 69 69 69 69 69 69 69 69 69 69 69 69 69 69 69 69 69 69 69 69 69 69 69 69 69 69 69 69 69 69 69 69 69 69 69 69 69 69 69 69 69 69 69 69 69 69 69 69 69 69 69 69 69 69 69 69 69 69 69 69 69 69 69 69 69 69 69 69 69 69 69 69 69 69 69 69 69 69 69 69 69 69 69 69 69 69 69 69 69 69 69 69 69 69 69 69 69 69 69 69 69 69 69 69 69 69 69 69 69 69 69 69 69 69 69 69 69 69 69 69 69 69 69 69 69 69 69 69 69 69 69 69 69 69 69 69 69 69 69 69 69 69 69 69 69 69 69 69 69 69 69 69 69 69 69 69 69 69 69 69 69 69 69 69 69 69 69 69 69 69 69 69 69 69 69 69 69 69 69 69 69 69 69 69 69 69 69 69 69 69 69 69 69 69 69 69 69 69 69 69 69 69 69 69 69 69 69 69 69 69 69 69 69 69 69 69 69 69 69 69 69 69 69 69 69 69 69 69 69 69 69 69 69 69 69 69 69 69 69 69 69 69 69 69 69 69 69 69 69 69 69 69 69 69 69 69 69 69 69 69 69 69 69 69 69 69 69 69 69 69 69 69 69 69 69 69 69 69 69 69 69 69 69 69 69 69 69 69 69 69 69 69 69 69 69 69 69 69 69 69 69 69 69 69 69 69 69 69 69 69 69 69 69 69 69 69 69 69 69 69 69 69 69 69 69 69 69 69 69 69 69 69 69 69 69 69 69 69 69 69 69 69 69 69 69 69 69 69 69 69 69 69 69 69 69 69 69 69 69 69 69 69 69 69 69 69 69 69 69 69 69 69 69 69 69 69 69 69 69 69 69 69 69 69 69 69 69 69 69 69 69 69 69 69 69 69 69 69 69 69 69 69 69 69 69 69 69 69 69 69 69 69 69 69 69 69 69 69 69 69 69 69 69 69 69 69 69 69 69 69 69 69 69 69 69 69 69 69 69 69 69 69 69 69 69 69 69 69 69 69 69 69 69 69 69 69 69 69 69 69 69 69 69 69 69 69 69 69 69 69 69 69 69 69 69 69 69 69 69 69 69 69 69 69 69 69 69 69 69 69 69 69 69 69 69 69 69 69 69 69 69 69 69 69 69 69 69 69 69 69 69 69 69 69 69 69 69 69 69 69 69 69 69 69 69 69 69 69 69 69 69 69 69 69 69 69 69 69 69 69 69 69 69 69 69 69 69 69 69 69 69 69 69 69 69 69 69 69 69 69 69 69 69 69 69 69 69 69 69 69 69 69 69 69 69 69 69 69 69 69 69 69 69 69 69 69 69 69 69 69 69 69 69 69 69 69 69 69 69 69 69 69 69 69 69 69 69 69 69 69 69 69 69 69 69 69 69 69 69 69 69 69 69 69 69 69 69 69 69 69 69 69 69 69 69 69 69 69 69 69 69 69 69 69 69 69 69 69 69 69 69 69 69 69 69 69 69 69 69 69 69 69 69 69 69 69 69 69 69 69 69 69 69 69 69 69 69 69 69 69 69 69 69 69 69 69 69 69 69 69 69 69 69 69 69 69 69 69 69 69 69 69 69 69 69 69 69 69 69 69 69 69 69 69 69 69 69 69 69 69 69 69 69 69 69 69 69 69 69 69 69 69 69 69 69 69 69 69 69 69 69 69 69 69 69 69 69 69 69 69 69 69 69 69 69 69 69 69 69 69 69 69 69 69 69 69 69 69 69 69 69 69 69 69 69 69 69 69 69 69 69 69 69 69 69 69 69 69 69 69 69 69 69 69 69 69 69 69 69 69 69 69 69 69 69 69 69 69 69 69 69 69 69 69 69 69 69 69 69 69 69 69 69 69 69 69 69 69 69 69 69 69 69 69 69 69 69 69 69 69 69 69 69 69 69 69 69 69 69 69 69 69 69 69 69 69 69 69 69 69 69 69 69 69 69 69 69 </DataArray>
      </Cells>
      <CellData>
        <DataArray type="UInt8" Name="vtkGhostType" format="ascii" RangeMin="0" RangeMax="1">0 0 0 0 0 0 0 0 0 0 0 0 0 0 0 0 0 0 0 0 0 0 0 0 0 0 0 0 0 0 0 0 0 0 0 0 0 0 0 0 0 0 0 0 0 0 0 0 0 0 0 0 0 0 0 0 0 0 0 0 0 0 0 0 0 0 0 0 0 0 0 0 0 0 0 0 0 0 0 0 0 0 0 0 0 0 0 0 0 0 0 0 0 0 0 0 0 0 0 0 0 0 0 0 0 0 0 0 0 0 0 0 0 0 0 0 0 0 0 0 0 0 0 0 0 0 0 0 0 0 0 0 0 0 0 0 0 0 0 0 0 0 0 0 0 0 0 0 0 0 0 0 0 0 0 0 0 0 0 0 0 0 0 0 0 0 0 0 0 0 0 0 0 0 0 0 0 0 0 0 0 0 0 0 0 0 0 0 0 0 0 0 0 0 0 0 0 0 0 0 0 0 0 0 0 0 0 0 0 0 0 0 0 0 0 0 0 0 0 0 0 0 0 0 0 0 0 0 0 0 0 0 0 0 0 0 0 0 0 0 0 0 0 0 0 0 0 0 0 0 0 0 0 0 0 0 0 0 0 0 0 0 0 0 0 0 0 0 0 0 0 0 0 0 0 0 0 0 0 0 0 0 0 0 0 0 0 0 0 0 0 0 0 0 0 0 0 0 0 0 0 0 0 0 0 0 0 0 0 0 0 0 0 0 0 0 0 0 0 0 0 0 0 0 0 0 0 0 0 0 0 0 0 0 0 0 0 0 0 0 0 0 0 0 0 0 0 0 0 0 0 0 0 0 0 0 0 0 0 0 0 0 0 0 0 0 0 0 0 0 0 0 0 0 0 0 0 0 0 0 0 0 0 0 0 0 0 0 0 0 0 0 0 0 0 0 0 0 0 0 0 0 0 0 0 0 0 0 0 0 0 0 0 0 0 0 0 0 0 0 0 0 0 0 0 0 0 0 0 0 0 0 0 0 0 0 0 0 0 0 0 0 0 0 0 0 0 0 0 0 0 0 0 0 0 0 0 0 0 0 0 0 0 0 0 0 0 0 0 0 0 0 0 0 0 0 0 0 0 0 0 0 0 0 0 0 0 0 0 0 0 0 0 0 0 0 0 0 0 0 0 0 0 0 0 0 0 0 0 0 0 0 0 0 0 0 0 0 0 0 0 0 0 0 0 0 0 0 0 0 0 0 0 0 0 0 0 0 0 0 0 0 0 0 0 0 0 0 0 0 0 0 0 0 0 0 0 0 0 0 0 0 0 0 0 0 0 0 0 0 0 0 0 0 0 0 0 0 0 0 0 0 0 0 0 0 0 0 0 0 0 0 0 0 0 0 0 0 0 0 0 0 0 0 0 0 0 0 0 0 0 0 0 0 0 0 0 0 0 0 0 0 0 0 0 0 0 0 0 0 0 0 0 0 0 0 0 0 0 0 0 0 0 0 0 0 0 0 0 0 0 0 0 0 0 0 0 0 0 0 0 0 0 0 0 0 0 0 0 0 0 0 0 0 0 0 0 0 0 0 0 0 0 0 0 0 0 0 0 0 0 0 0 0 0 0 0 0 0 0 0 0 0 0 0 0 0 0 0 0 0 0 0 0 0 0 0 0 0 0 0 0 0 0 0 0 0 0 0 0 0 0 0 0 0 0 0 0 0 0 0 0 0 0 0 0 0 0 0 0 0 0 0 0 0 0 0 0 0 0 0 0 0 0 0 0 0 0 0 0 0 0 0 0 0 0 0 0 0 0 0 0 0 0 0 0 0 0 0 0 0 0 0 0 0 0 0 0 0 0 0 0 0 0 0 0 0 0 0 0 0 0 0 0 0 0 0 0 0 0 0 0 0 0 0 0 0 0 0 0 0 0 0 0 0 0 0 0 0 0 0 0 0 0 0 0 0 0 0 0 0 0 0 0 0 0 0 0 0 0 0 0 0 0 0 0 0 0 0 0 0 0 0 0 0 0 0 0 0 0 0 0 0 0 0 0 0 0 0 0 0 0 0 0 0 0 0 0 0 0 0 0 0 0 0 0 0 0 0 0 0 0 0 0 0 0 0 0 0 0 0 0 0 0 0 0 0 0 0 0 0 0 0 0 0 0 0 0 0 0 0 0 0 0 0 0 0 0 0 0 0 0 0 0 0 0 0 0 0 0 0 0 0 0 0 0 0 0 0 0 0 0 0 0 0 0 0 0 0 0 0 0 0 0 0 0 0 0 0 0 0 0 0 0 0 0 0 0 0 0 0 0 0 0 0 0 0 0 0 0 0 0 0 0 0 0 0 0 0 0 0 0 0 0 0 0 0 0 0 0 0 0 0 0 0 0 0 0 0 0 0 0 0 0 0 0 0 0 0 0 0 0 0 0 0 0 0 0 0 0 0 0 0 0 0 0 0 0 0 0 0 0 0 0 0 0 0 0 0 0 0 0 0 0 0 0 0 0 0 0 0 0 0 0 0 0 0 0 0 0 0 0 0 0 0 0 0 0 0 0 0 0 0 0 0 0 0 0 0 0 0 0 0 0 0 0 0 0 0 0 0 0 0 0 0 0 0 0 0 0 0 0 0 0 0 0 0 0 0 0 0 0 0 0 0 0 0 0 0 0 0 0 0 0 0 0 0 0 0 0 0 0 0 0 0 0 0 0 0 0 0 0 0 0 0 0 0 0 0 0 0 0 0 0 0 0 0 0 0 0 0 0 0 0 0 0 0 0 0 0 0 0 0 0 0 0 0 0 0 0 0 0 0 0 0 0 0 0 0 0 0 0 0 0 0 0 0 0 0 0 0 0 0 0 0 0 0 0 0 0 0 0 0 0 0 0 0 0 0 0 0 0 0 0 0 0 0 0 0 0 0 0 0 0 0 0 0 0 0 0 0 0 0 0 0 0 0 0 0 0 0 0 0 0 0 0 0 0 0 0 0 0 0 0 0 0 0 0 0 0 0 0 0 0 0 0 0 0 0 0 0 0 0 0 0 0 0 0 0 0 0 0 0 0 0 0 0 0 0 0 0 0 0 0 0 0 0 0 0 0 0 0 0 0 0 0 0 0 0 0 0 0 0 0 0 0 0 0 0 0 0 0 0 0 0 0 0 0 0 0 0 0 0 0 0 0 0 0 0 0 0 0 0 0 0 0 0 0 0 0 0 0 0 0 0 0 0 0 0 0 0 0 0 0 0 0 0 0 0 0 0 0 0 0 0 0 0 0 0 0 0 0 0 0 0 0 0 0 0 0 0 0 0 0 0 0 0 0 0 0 0 0 0 0 0 0 0 0 0 0 0 0 0 0 0 0 0 0 0 0 0 0 0 0 0 0 0 0 0 0 0 0 0 0 0 0 0 0 0 0 0 0 0 0 0 0 0 0 0 0 0 0 0 0 0 0 0 0 0 0 0 0 0 0 0 0 0 0 0 0 0 0 0 0 0 0 0 0 0 0 0 0 0 0 0 0 0 0 0 0 0 0 0 0 0 0 0 0 0 0 0 0 0 0 0 0 0 0 0 0 0 0 0 0 0 0 0 0 0 0 0 0 0 0 0 0 0 0 0 0 0 0 0 0 0 0 0 0 0 0 0 0 0 0 0 0 0 0 0 0 0 0 0 0 0 0 0 0 0 0 0 0 0 0 0 0 0 0 0 0 0 0 0 0 0 0 0 0 0 0 0 0 0 0 0 0 0 0 0 0 0 0 0 0 0 0 0 0 0 0 0 0 0 0 0 0 0 0 0 0 0 0 0 0 0 0 0 0 0 0 0 0 0 0 0 0 0 0 0 0 0 0 0 0 0 0 0 0 0 0 0 0 0 0 0 0 0 0 0 0 0 0 0 0 0 0 0 0 0 0 0 0 0 0 0 0 0 0 0 0 0 0 0 0 0 0 0 0 0 0 0 0 0 0 0 0 0 0 0 0 0 0 0 0 0 0 0 0 0 0 0 0 0 0 0 0 0 0 0 0 0 0 0 0 0 0 0 0 0 0 0 0 0 0 0 0 0 0 0 0 0 0 0 0 0 0 0 0 0 0 0 0 0 0 0 0 0 0 0 0 0 0 0 0 0 0 0 0 0 0 0 0 0 0 0 0 0 0 0 0 0 0 0 0 0 0 0 0 0 0 0 0 0 0 0 0 0 0 0 0 0 0 0 0 0 0 0 0 0 0 0 0 0 0 0 0 0 0 0 0 0 0 0 0 0 0 0 0 0 0 0 0 0 0 0 0 0 0 0 0 0 0 0 0 0 0 0 0 0 0 0 0 0 0 0 0 0 0 0 0 0 0 0 0 0 0 0 0 0 0 0 0 0 0 0 0 0 0 0 0 0 0 0 0 0 0 0 0 0 0 0 0 0 0 0 0 0 0 0 0 0 0 0 0 0 0 0 0 0 0 0 0 0 0 0 0 0 0 0 0 0 0 0 0 0 0 0 0 0 0 0 0 0 0 0 0 0 0 0 0 0 0 0 0 0 0 0 0 0 0 0 0 0 0 0 0 0 0 0 0 0 0 0 0 0 0 0 0 0 0 0 0 0 0 0 0 0 0 0 0 0 0 0 0 0 0 0 0 0 0 0 0 0 0 0 0 0 0 0 0 0 0 0 0 0 0 0 0 0 0 0 0 0 0 0 0 0 0 0 0 0 0 0 0 0 0 0 0 0 0 0 0 0 0 0 0 0 0 0 0 0 0 0 0 0 0 0 0 0 0 0 0 0 0 0 0 0 0 0 0 0 0 0 0 0 0 0 0 0 0 0 0 0 0 0 0 0 0 0 0 0 0 0 0 0 0 0 0 0 0 0 0 0 0 0 0 0 0 0 0 0 0 0 0 0 0 0 0 0 0 0 0 0 0 0 0 0 0 0 0 0 0 0 0 0 0 0 0 0 0 0 0 0 0 0 0 0 0 0 0 0 0 0 0 0 0 0 0 0 0 0 0 0 0 0 0 0 0 0 0 0 0 0 0 0 0 0 0 0 0 0 0 0 0 0 0 0 0 0 0 0 0 0 0 0 0 0 0 0 0 0 0 0 0 0 0 0 0 0 0 0 0 0 0 0 0 0 0 0 0 0 0 0 0 0 0 0 0 0 0 0 0 0 0 0 0 0 0 0 0 0 0 0 0 0 0 0 0 0 0 0 0 0 0 0 0 0 0 0 0 0 0 0 0 0 0 0 0 0 0 0 0 0 0 0 0 0 0 0 0 0 0 0 0 0 0 0 0 0 0 0 0 0 0 0 0 0 0 0 0 0 0 0 0 0 0 0 0 0 0 0 0 0 0 0 0 0 0 0 0 0 0 0 0 0 0 0 0 0 0 0 0 0 0 0 0 0 0 0 0 0 0 0 0 0 0 0 0 0 0 0 0 0 0 0 0 0 0 0 0 0 0 0 0 0 0 0 0 0 0 0 0 0 0 0 0 0 0 0 0 0 0 0 0 0 0 0 0 0 0 0 0 0 0 0 0 0 0 0 0 0 0 0 0 0 0 0 0 0 0 0 0 0 0 0 0 0 0 0 0 0 0 0 0 0 0 0 0 0 0 0 0 0 0 0 0 0 0 0 0 0 0 0 0 0 0 0 0 0 0 0 0 0 0 0 0 0 0 0 0 0 0 0 0 0 0 0 0 0 0 0 0 0 0 0 0 0 0 0 0 0 0 0 0 0 0 0 0 0 0 0 0 0 0 0 0 0 0 0 0 0 0 0 0 0 0 0 0 0 0 0 0 0 0 0 0 0 0 0 0 0 0 0 0 0 0 0 0 0 0 0 0 0 0 0 0 0 0 0 0 0 0 0 0 0 0 0 0 0 0 0 0 0 0 0 0 0 0 0 0 0 0 0 0 0 0 0 0 0 0 0 0 0 0 0 0 0 0 0 0 0 0 0 0 0 0 0 0 0 0 0 0 0 0 0 0 0 0 0 0 0 0 0 0 0 0 0 0 0 0 0 0 0 0 0 0 0 0 0 0 0 0 0 0 0 0 0 0 0 0 0 0 0 0 0 0 0 0 0 0 0 0 0 0 0 0 0 0 0 0 0 0 0 0 0 0 0 0 0 0 0 0 0 0 0 0 0 0 0 0 0 0 0 0 0 0 0 0 0 0 0 0 0 0 0 0 0 0 0 0 0 0 0 0 0 0 0 0 0 0 0 0 0 0 0 0 0 0 0 0 0 0 0 0 0 0 0 0 0 0 0 0 0 0 0 0 0 0 0 0 0 0 0 0 0 0 0 0 0 0 0 0 0 0 0 0 0 0 0 0 0 0 0 0 0 0 0 0 0 0 0 0 0 0 0 0 0 0 0 0 0 0 0 0 0 0 0 0 0 0 0 0 0 0 0 0 0 0 0 0 0 0 0 0 0 0 0 0 0 0 0 0 0 0 0 0 0 0 0 0 0 0 0 0 0 0 0 0 0 0 0 0 0 0 0 0 0 0 0 0 0 0 0 0 0 0 0 0 0 0 0 0 0 0 0 0 0 0 0 0 0 0 0 0 0 0 0 0 0 0 0 0 0 0 0 0 0 0 0 0 0 0 0 0 0 0 0 0 0 0 0 0 0 0 0 0 0 0 0 0 0 0 0 0 0 0 0 0 0 0 0 0 0 0 0 0 0 0 0 0 0 0 0 0 0 0 0 0 0 0 0 0 0 0 0 0 0 0 0 0 0 0 0 0 0 0 0 0 0 0 0 0 0 0 0 0 0 0 0 0 0 0 0 0 0 0 0 0 0 0 0 0 0 0 0 0 0 0 0 0 0 0 0 0 0 0 0 0 0 0 0 0 0 0 0 0 0 0 0 0 0 0 0 0 0 0 0 0 0 0 0 0 0 0 0 0 0 0 0 0 0 0 0 0 0 0 0 0 0 0 0 0 0 0 0 0 0 0 0 0 0 0 0 0 0 0 0 0 0 0 0 0 0 0 0 0 0 0 0 0 0 0 0 0 0 0 0 0 0 0 0 0 0 0 0 0 0 0 0 0 0 0 0 0 0 0 0 0 0 0 0 0 0 0 0 0 0 0 0 0 0 0 0 0 0 0 0 0 0 0 0 0 0 0 0 0 0 0 0 0 0 0 0 0 0 0 0 0 0 0 0 0 0 0 0 0 0 0 0 0 0 0 0 0 0 0 0 0 0 0 0 0 0 0 0 0 0 0 0 0 0 0 0 0 0 0 0 0 0 0 0 0 0 0 0 0 0 0 0 0 0 0 0 0 0 0 0 0 0 0 0 0 0 0 0 0 0 0 0 0 0 0 0 0 0 0 0 0 0 0 0 0 0 0 0 0 0 0 0 0 0 0 0 0 0 0 0 0 0 0 0 0 0 0 0 0 0 0 0 0 0 0 0 0 0 0 0 0 0 0 0 0 0 0 0 0 0 0 0 0 0 0 0 0 0 0 0 0 0 0 0 0 0 0 0 0 0 0 0 0 0 0 0 0 0 0 0 0 0 0 0 0 0 0 0 0 0 0 0 0 0 0 0 0 0 0 0 0 0 0 0 0 0 0 0 0 0 0 0 0 0 0 0 0 0 0 0 0 0 0 0 0 0 0 0 0 0 0 0 0 0 0 0 0 0 0 0 0 0 0 0 0 0 0 0 0 0 0 0 0 0 0 0 0 0 0 0 0 0 0 0 0 0 0 0 0 0 0 0 0 0 0 0 0 0 0 0 0 0 0 0 0 0 0 0 0 0 0 0 0 0 0 0 0 0 0 0 0 0 0 0 0 0 0 0 0 0 0 0 0 0 0 0 0 0 0 0 0 0 0 0 0 0 0 0 0 0 0 0 0 0 0 0 0 0 0 0 0 0 0 0 0 0 0 0 0 0 0 0 0 0 0 0 0 0 0 0 0 0 0 0 0 0 0 0 0 0 0 0 0 0 0 0 0 0 0 0 0 0 0 0 0 0 0 0 0 0 0 0 0 0 0 0 0 0 0 0 0 0 0 0 0 0 0 0 0 0 0 0 0 0 0 0 0 0 0 0 0 0 0 0 0 0 0 0 0 0 0 0 0 0 0 0 0 0 0 0 0 0 0 0 0 0 0 0 0 0 0 0 0 0 0 0 0 0 0 0 0 0 0 0 0 0 0 0 0 0 0 0 0 0 0 0 0 0 0 0 0 0 0 0 0 0 0 0 0 0 0 0 0 0 0 0 0 0 0 0 0 0 0 0 0 0 0 0 0 0 0 0 0 0 0 0 0 0 0 0 0 0 0 0 0 0 0 0 0 0 0 0 0 0 0 0 0 0 0 0 0 0 0 0 0 0 0 0 0 0 0 0 0 0 0 0 0 0 0 0 0 0 0 0 0 0 0 0 0 0 0 0 0 0 0 0 0 0 0 0 0 0 0 0 0 0 0 0 0 0 0 0 0 0 0 0 0 0 0 0 0 0 0 0 0 0 0 0 0 0 0 0 0 0 0 0 0 0 0 0 0 0 0 0 0 0 0 0 0 0 0 0 0 0 0 0 0 0 0 0 0 0 0 0 0 0 0 0 0 0 0 0 0 0 0 0 0 0 0 0 0 0 0 0 0 0 0 0 0 0 0 0 0 0 0 0 0 0 0 0 0 0 0 0 0 0 0 0 0 0 0 0 0 0 0 0 0 0 0 0 0 0 0 0 0 0 0 0 0 0 0 0 0 0 0 0 0 0 0 0 0 0 0 0 0 0 0 0 0 0 0 0 0 0 0 0 0 0 0 0 0 0 0 0 0 0 0 0 0 0 0 0 0 0 0 0 0 0 0 0 0 0 0 0 0 0 0 0 0 0 0 0 0 0 0 0 0 0 0 0 0 0 0 0 0 0 0 0 0 0 0 0 0 0 0 0 0 0 0 0 0 0 0 0 0 0 0 0 0 0 0 0 0 0 0 0 0 0 0 0 0 0 0 0 0 0 0 0 0 0 0 0 0 0 0 0 0 0 0 0 0 0 0 0 0 0 0 0 0 0 0 0 0 0 0 0 1 1 1 1 1 1 1 1 1 1 1 1 1 1 1 1 1 1 1 1 1 1 1 1 1 1 1 1 1 1 1 1 1 1 1 1 1 1 1 1 </DataArray>
        <DataArray type="Int64" IdType="1" Name="vtkOriginalCellIds" format="ascii" RangeMin="8033" RangeMax="12832">8033 8034 8035 8036 8037 8038 8039 8040 8041 8042 8043 8044 8045 8046 8047 8048 8049 8050 8051 8052 8053 8054 8055 8056 8057 8058 8059 8060 8061 8062 8063 8064 8065 8066 8067 8068 8069 8070 8071 8072 8073 8074 8075 8076 8077 8078 8079 8080 8081 8082 8083 8084 8085 8086 8087 8088 8089 8090 8091 8092 8093 8094 8095 8096 8097 8098 8099 8100 8101 8102 8103 8104 8105 8106 8107 8108 8109 8110 8111 8112 8113 8114 8115 8116 8117 8118 8119 8120 8121 8122 8123 8124 8125 8126 8127 8128 8129 8130 8131 8132 8133 8134 8135 8136 8137 8138 8139 8140 8141 8142 8143 8144 8145 8146 8147 8148 8149 8150 8151 8152 8153 8154 8155 8156 8157 8158 8159 8160 8161 8162 8163 8164 8165 8166 8167 8168 8169 8170 8171 8172 8173 8174 8175 8176 8177 8178 8179 8180 8181 8182 8183 8184 8185 8186 8187 8188 8189 8190 8191 8192 8193 8194 8195 8196 8197 8198 8199 8200 8201 8202 8203 8204 8205 8206 8207 8208 8209 8210 8211 8212 8213 8214 8215 8216 8217 8218 8219 8220 8221 8222 8223 8224 8225 8226 8227 8228 8229 8230 8231 8232 8233 8234 8235 8236 8237 8238 8239 8240 8241 8242 8243 8244 8245 8246 8247 8248 8249 8250 8251 8252 8253 8254 8255 8256 8257 8258 8259 8260 8261 8262 8263 8264 8265 8266 8267 8268 8269 8270 8271 8272 8273 8274 8275 8276 8277 8278 8279 8280 8281 8282 8283 8284 8285 8286 8287 8288 8289 8290 8291 8292 8293 8294 8295 8296 8297 8298 8299 8300 8301 8302 8303 8304 8305 8306 8307 8308 8309 8310 8311 8312 8313 8314 8315 8316 8317 8318 8319 8320 8321 8322 8323 8324 8325 8326 8327 8328 8329 8330 8331 8332 8333 8334 8335 8336 8337 8338 8339 8340 8341 8342 8343 8344 8345 8346 8347 8348 8349 8350 8351 8352 8353 8354 8355 8356 8357 8358 8359 8360 8361 8362 8363 8364 8365 8366 8367 8368 8369 8370 8371 8372 8373 8374 8375 8376 8377 8378 8379 8380 8381 8382 8383 8384 8385 8386 8387 8388 8389 8390 8391 8392 8393 8394 8395 8396 8397 8398 8399 8400 8401 8402 8403 8404 8405 8406 8407 8408 8409 8410 8411 8412 8413 8414 8415 8416 8417 8418 8419 8420 8421 8422 8423 8424 8425 8426 8427 8428 8429 8430 8431 8432 8433 8434 8435 8436 8437 8438 8439 8440 8441 8442 8443 8444 8445 8446 8447 8448 8449 8450 8451 8452 8453 8454 8455 8456 8457 8458 8459 8460 8461 8462 8463 8464 8465 8466 8467 8468 8469 8470 8471 8472 8473 8474 8475 8476 8477 8478 8479 8480 8481 8482 8483 8484 8485 8486 8487 8488 8489 8490 8491 8492 8493 8494 8495 8496 8497 8498 8499 8500 8501 8502 8503 8504 8505 8506 8507 8508 8509 8510 8511 8512 8513 8514 8515 8516 8517 8518 8519 8520 8521 8522 8523 8524 8525 8526 8527 8528 8529 8530 8531 8532 8533 8534 8535 8536 8537 8538 8539 8540 8541 8542 8543 8544 8545 8546 8547 8548 8549 8550 8551 8552 8553 8554 8555 8556 8557 8558 8559 8560 8561 8562 8563 8564 8565 8566 8567 8568 8569 8570 8571 8572 8573 8574 8575 8576 8577 8578 8579 8580 8581 8582 8583 8584 8585 8586 8587 8588 8589 8590 8591 8592 8593 8594 8595 8596 8597 8598 8599 8600 8601 8602 8603 8604 8605 8606 8607 8608 8609 8610 8611 8612 8613 8614 8615 8616 8617 8618 8619 8620 8621 8622 8623 8624 8625 8626 8627 8628 8629 8630 8631 8632 8633 8634 8635 8636 8637 8638 8639 8640 8641 8642 8643 8644 8645 8646 8647 8648 8649 8650 8651 8652 8653 8654 8655 8656 8657 8658 8659 8660 8661 8662 8663 8664 8665 8666 8667 8668 8669 8670 8671 8672 8673 8674 8675 8676 8677 8678 8679 8680 8681 8682 8683 8684 8685 8686 8687 8688 8689 8690 8691 8692 8693 8694 8695 8696 8697 8698 8699 8700 8701 8702 8703 8704 8705 8706 8707 8708 8709 8710 8711 8712 8713 8714 8715 8716 8717 8718 8719 8720 8721 8722 8723 8724 8725 8726 8727 8728 8729 8730 8731 8732 8733 8734 8735 8736 8737 8738 8739 8740 8741 8742 8743 8744 8745 8746 8747 8748 8749 8750 8751 8752 8753 8754 8755 8756 8757 8758 8759 8760 8761 8762 8763 8764 8765 8766 8767 8768 8769 8770 8771 8772 8773 8774 8775 8776 8777 8778 8779 8780 8781 8782 8783 8784 8785 8786 8787 8788 8789 8790 8791 8792 8793 8794 8795 8796 8797 8798 8799 8800 8801 8802 8803 8804 8805 8806 8807 8808 8809 8810 8811 8812 8813 8814 8815 8816 8817 8818 8819 8820 8821 8822 8823 8824 8825 8826 8827 8828 8829 8830 8831 8832 8833 8834 8835 8836 8837 8838 8839 8840 8841 8842 8843 8844 8845 8846 8847 8848 8849 8850 8851 8852 8853 8854 8855 8856 8857 8858 8859 8860 8861 8862 8863 8864 8865 8866 8867 8868 8869 8870 8871 8872 8873 8874 8875 8876 8877 8878 8879 8880 8881 8882 8883 8884 8885 8886 8887 8888 8889 8890 8891 8892 8893 8894 8895 8896 8897 8898 8899 8900 8901 8902 8903 8904 8905 8906 8907 8908 8909 8910 8911 8912 8913 8914 8915 8916 8917 8918 8919 8920 8921 8922 8923 8924 8925 8926 8927 8928 8929 8930 8931 8932 8933 8934 8935 8936 8937 8938 8939 8940 8941 8942 8943 8944 8945 8946 8947 8948 8949 8950 8951 8952 8953 8954 8955 8956 8957 8958 8959 8960 8961 8962 8963 8964 8965 8966 8967 8968 8969 8970 8971 8972 8973 8974 8975 8976 8977 8978 8979 8980 8981 8982 8983 8984 8985 8986 8987 8988 8989 8990 8991 8992 8993 8994 8995 8996 8997 8998 8999 9000 9001 9002 9003 9004 9005 9006 9007 9008 9009 9010 9011 9012 9013 9014 9015 9016 9017 9018 9019 9020 9021 9022 9023 9024 9025 9026 9027 9028 9029 9030 9031 9032 9033 9034 9035 9036 9037 9038 9039 9040 9041 9042 9043 9044 9045 9046 9047 9048 9049 9050 9051 9052 9053 9054 9055 9056 9057 9058 9059 9060 9061 9062 9063 9064 9065 9066 9067 9068 9069 9070 9071 9072 9073 9074 9075 9076 9077 9078 9079 9080 9081 9082 9083 9084 9085 9086 9087 9088 9089 9090 9091 9092 9093 9094 9095 9096 9097 9098 9099 9100 9101 9102 9103 9104 9105 9106 9107 9108 9109 9110 9111 9112 9113 9114 9115 9116 9117 9118 9119 9120 9121 9122 9123 9124 9125 9126 9127 9128 9129 9130 9131 9132 9133 9134 9135 9136 9137 9138 9139 9140 9141 9142 9143 9144 9145 9146 9147 9148 9149 9150 9151 9152 9153 9154 9155 9156 9157 9158 9159 9160 9161 9162 9163 9164 9165 9166 9167 9168 9169 9170 9171 9172 9173 9174 9175 9176 9177 9178 9179 9180 9181 9182 9183 9184 9185 9186 9187 9188 9189 9190 9191 9192 9193 9194 9195 9196 9197 9198 9199 9200 9201 9202 9203 9204 9205 9206 9207 9208 9209 9210 9211 9212 9213 9214 9215 9216 9217 9218 9219 9220 9221 9222 9223 9224 9225 9226 9227 9228 9229 9230 9231 9232 9233 9234 9235 9236 9237 9238 9239 9240 9241 9242 9243 9244 9245 9246 9247 9248 9249 9250 9251 9252 9253 9254 9255 9256 9257 9258 9259 9260 9261 9262 9263 9264 9265 9266 9267 9268 9269 9270 9271 9272 9273 9274 9275 9276 9277 9278 9279 9280 9281 9282 9283 9284 9285 9286 9287 9288 9289 9290 9291 9292 9293 9294 9295 9296 9297 9298 9299 9300 9301 9302 9303 9304 9305 9306 9307 9308 9309 9310 9311 9312 9313 9314 9315 9316 9317 9318 9319 9320 9321 9322 9323 9324 9325 9326 9327 9328 9329 9330 9331 9332 9333 9334 9335 9336 9337 9338 9339 9340 9341 9342 9343 9344 9345 9346 9347 9348 9349 9350 9351 9352 9353 9354 9355 9356 9357 9358 9359 9360 9361 9362 9363 9364 9365 9366 9367 9368 9369 9370 9371 9372 9373 9374 9375 9376 9377 9378 9379 9380 9381 9382 9383 9384 9385 9386 9387 9388 9389 9390 9391 9392 9393 9394 9395 9396 9397 9398 9399 9400 9401 9402 9403 9404 9405 9406 9407 9408 9409 9410 9411 9412 9413 9414 9415 9416 9417 9418 9419 9420 9421 9422 9423 9424 9425 9426 9427 9428 9429 9430 9431 9432 9433 9434 9435 9436 9437 9438 9439 9440 9441 9442 9443 9444 9445 9446 9447 9448 9449 9450 9451 9452 9453 9454 9455 9456 9457 9458 9459 9460 9461 9462 9463 9464 9465 9466 9467 9468 9469 9470 9471 9472 9473 9474 9475 9476 9477 9478 9479 9480 9481 9482 9483 9484 9485 9486 9487 9488 9489 9490 9491 9492 9493 9494 9495 9496 9497 9498 9499 9500 9501 9502 9503 9504 9505 9506 9507 9508 9509 9510 9511 9512 9513 9514 9515 9516 9517 9518 9519 9520 9521 9522 9523 9524 9525 9526 9527 9528 9529 9530 9531 9532 9533 9534 9535 9536 9537 9538 9539 9540 9541 9542 9543 9544 9545 9546 9547 9548 9549 9550 9551 9552 9553 9554 9555 9556 9557 9558 9559 9560 9561 9562 9563 9564 9565 9566 9567 9568 9569 9570 9571 9572 9573 9574 9575 9576 9577 9578 9579 9580 9581 9582 9583 9584 9585 9586 9587 9588 9589 9590 9591 9592 9593 9594 9595 9596 9597 9598 9599 9600 9601 9602 9603 9604 9605 9606 9607 9608 9609 9610 9611 9612 9613 9614 9615 9616 9617 9618 9619 9620 9621 9622 9623 9624 9625 9626 9627 9628 9629 9630 9631 9632 9633 9634 9635 9636 9637 9638 9639 9640 9641 9642 9643 9644 9645 9646 9647 9648 9649 9650 9651 9652 9653 9654 9655 9656 9657 9658 9659 9660 9661 9662 9663 9664 9665 9666 9667 9668 9669 9670 9671 9672 9673 9674 9675 9676 9677 9678 9679 9680 9681 9682 9683 9684 9685 9686 9687 9688 9689 9690 9691 9692 9693 9694 9695 9696 9697 9698 9699 9700 9701 9702 9703 9704 9705 9706 9707 9708 9709 9710 9711 9712 9713 9714 9715 9716 9717 9718 9719 9720 9721 9722 9723 9724 9725 9726 9727 9728 9729 9730 9731 9732 9733 9734 9735 9736 9737 9738 9739 9740 9741 9742 9743 9744 9745 9746 9747 9748 9749 9750 9751 9752 9753 9754 9755 9756 9757 9758 9759 9760 9761 9762 9763 9764 9765 9766 9767 9768 9769 9770 9771 9772 9773 9774 9775 9776 9777 9778 9779 9780 9781 9782 9783 9784 9785 9786 9787 9788 9789 9790 9791 9792 9793 9794 9795 9796 9797 9798 9799 9800 9801 9802 9803 9804 9805 9806 9807 9808 9809 9810 9811 9812 9813 9814 9815 9816 9817 9818 9819 9820 9821 9822 9823 9824 9825 9826 9827 9828 9829 9830 9831 9832 9833 9834 9835 9836 9837 9838 9839 9840 9841 9842 9843 9844 9845 9846 9847 9848 9849 9850 9851 9852 9853 9854 9855 9856 9857 9858 9859 9860 9861 9862 9863 9864 9865 9866 9867 9868 9869 9870 9871 9872 9873 9874 9875 9876 9877 9878 9879 9880 9881 9882 9883 9884 9885 9886 9887 9888 9889 9890 9891 9892 9893 9894 9895 9896 9897 9898 9899 9900 9901 9902 9903 9904 9905 9906 9907 9908 9909 9910 9911 9912 9913 9914 9915 9916 9917 9918 9919 9920 9921 9922 9923 9924 9925 9926 9927 9928 9929 9930 9931 9932 9933 9934 9935 9936 9937 9938 9939 9940 9941 9942 9943 9944 9945 9946 9947 9948 9949 9950 9951 9952 9953 9954 9955 9956 9957 9958 9959 9960 9961 9962 9963 9964 9965 9966 9967 9968 9969 9970 9971 9972 9973 9974 9975 9976 9977 9978 9979 9980 9981 9982 9983 9984 9985 9986 9987 9988 9989 9990 9991 9992 9993 9994 9995 9996 9997 9998 9999 10000 10001 10002 10003 10004 10005 10006 10007 10008 10009 10010 10011 10012 10013 10014 10015 10016 10017 10018 10019 10020 10021 10022 10023 10024 10025 10026 10027 10028 10029 10030 10031 10032 10033 10034 10035 10036 10037 10038 10039 10040 10041 10042 10043 10044 10045 10046 10047 10048 10049 10050 10051 10052 10053 10054 10055 10056 10057 10058 10059 10060 10061 10062 10063 10064 10065 10066 10067 10068 10069 10070 10071 10072 10073 10074 10075 10076 10077 10078 10079 10080 10081 10082 10083 10084 10085 10086 10087 10088 10089 10090 10091 10092 10093 10094 10095 10096 10097 10098 10099 10100 10101 10102 10103 10104 10105 10106 10107 10108 10109 10110 10111 10112 10113 10114 10115 10116 10117 10118 10119 10120 10121 10122 10123 10124 10125 10126 10127 10128 10129 10130 10131 10132 10133 10134 10135 10136 10137 10138 10139 10140 10141 10142 10143 10144 10145 10146 10147 10148 10149 10150 10151 10152 10153 10154 10155 10156 10157 10158 10159 10160 10161 10162 10163 10164 10165 10166 10167 10168 10169 10170 10171 10172 10173 10174 10175 10176 10177 10178 10179 10180 10181 10182 10183 10184 10185 10186 10187 10188 10189 10190 10191 10192 10193 10194 10195 10196 10197 10198 10199 10200 10201 10202 10203 10204 10205 10206 10207 10208 10209 10210 10211 10212 10213 10214 10215 10216 10217 10218 10219 10220 10221 10222 10223 10224 10225 10226 10227 10228 10229 10230 10231 10232 10233 10234 10235 10236 10237 10238 10239 10240 10241 10242 10243 10244 10245 10246 10247 10248 10249 10250 10251 10252 10253 10254 10255 10256 10257 10258 10259 10260 10261 10262 10263 10264 10265 10266 10267 10268 10269 10270 10271 10272 10273 10274 10275 10276 10277 10278 10279 10280 10281 10282 10283 10284 10285 10286 10287 10288 10289 10290 10291 10292 10293 10294 10295 10296 10297 10298 10299 10300 10301 10302 10303 10304 10305 10306 10307 10308 10309 10310 10311 10312 10313 10314 10315 10316 10317 10318 10319 10320 10321 10322 10323 10324 10325 10326 10327 10328 10329 10330 10331 10332 10333 10334 10335 10336 10337 10338 10339 10340 10341 10342 10343 10344 10345 10346 10347 10348 10349 10350 10351 10352 10353 10354 10355 10356 10357 10358 10359 10360 10361 10362 10363 10364 10365 10366 10367 10368 10369 10370 10371 10372 10373 10374 10375 10376 10377 10378 10379 10380 10381 10382 10383 10384 10385 10386 10387 10388 10389 10390 10391 10392 10393 10394 10395 10396 10397 10398 10399 10400 10401 10402 10403 10404 10405 10406 10407 10408 10409 10410 10411 10412 10413 10414 10415 10416 10417 10418 10419 10420 10421 10422 10423 10424 10425 10426 10427 10428 10429 10430 10431 10432 10433 10434 10435 10436 10437 10438 10439 10440 10441 10442 10443 10444 10445 10446 10447 10448 10449 10450 10451 10452 10453 10454 10455 10456 10457 10458 10459 10460 10461 10462 10463 10464 10465 10466 10467 10468 10469 10470 10471 10472 10473 10474 10475 10476 10477 10478 10479 10480 10481 10482 10483 10484 10485 10486 10487 10488 10489 10490 10491 10492 10493 10494 10495 10496 10497 10498 10499 10500 10501 10502 10503 10504 10505 10506 10507 10508 10509 10510 10511 10512 10513 10514 10515 10516 10517 10518 10519 10520 10521 10522 10523 10524 10525 10526 10527 10528 10529 10530 10531 10532 10533 10534 10535 10536 10537 10538 10539 10540 10541 10542 10543 10544 10545 10546 10547 10548 10549 10550 10551 10552 10553 10554 10555 10556 10557 10558 10559 10560 10561 10562 10563 10564 10565 10566 10567 10568 10569 10570 10571 10572 10573 10574 10575 10576 10577 10578 10579 10580 10581 10582 10583 10584 10585 10586 10587 10588 10589 10590 10591 10592 10593 10594 10595 10596 10597 10598 10599 10600 10601 10602 10603 10604 10605 10606 10607 10608 10609 10610 10611 10612 10613 10614 10615 10616 10617 10618 10619 10620 10621 10622 10623 10624 10625 10626 10627 10628 10629 10630 10631 10632 10633 10634 10635 10636 10637 10638 10639 10640 10641 10642 10643 10644 10645 10646 10647 10648 10649 10650 10651 10652 10653 10654 10655 10656 10657 10658 10659 10660 10661 10662 10663 10664 10665 10666 10667 10668 10669 10670 10671 10672 10673 10674 10675 10676 10677 10678 10679 10680 10681 10682 10683 10684 10685 10686 10687 10688 10689 10690 10691 10692 10693 10694 10695 10696 10697 10698 10699 10700 10701 10702 10703 10704 10705 10706 10707 10708 10709 10710 10711 10712 10713 10714 10715 10716 10717 10718 10719 10720 10721 10722 10723 10724 10725 10726 10727 10728 10729 10730 10731 10732 10733 10734 10735 10736 10737 10738 10739 10740 10741 10742 10743 10744 10745 10746 10747 10748 10749 10750 10751 10752 10753 10754 10755 10756 10757 10758 10759 10760 10761 10762 10763 10764 10765 10766 10767 10768 10769 10770 10771 10772 10773 10774 10775 10776 10777 10778 10779 10780 10781 10782 10783 10784 10785 10786 10787 10788 10789 10790 10791 10792 10793 10794 10795 10796 10797 10798 10799 10800 10801 10802 10803 10804 10805 10806 10807 10808 10809 10810 10811 10812 10813 10814 10815 10816 10817 10818 10819 10820 10821 10822 10823 10824 10825 10826 10827 10828 10829 10830 10831 10832 10833 10834 10835 10836 10837 10838 10839 10840 10841 10842 10843 10844 10845 10846 10847 10848 10849 10850 10851 10852 10853 10854 10855 10856 10857 10858 10859 10860 10861 10862 10863 10864 10865 10866 10867 10868 10869 10870 10871 10872 10873 10874 10875 10876 10877 10878 10879 10880 10881 10882 10883 10884 10885 10886 10887 10888 10889 10890 10891 10892 10893 10894 10895 10896 10897 10898 10899 10900 10901 10902 10903 10904 10905 10906 10907 10908 10909 10910 10911 10912 10913 10914 10915 10916 10917 10918 10919 10920 10921 10922 10923 10924 10925 10926 10927 10928 10929 10930 10931 10932 10933 10934 10935 10936 10937 10938 10939 10940 10941 10942 10943 10944 10945 10946 10947 10948 10949 10950 10951 10952 10953 10954 10955 10956 10957 10958 10959 10960 10961 10962 10963 10964 10965 10966 10967 10968 10969 10970 10971 10972 10973 10974 10975 10976 10977 10978 10979 10980 10981 10982 10983 10984 10985 10986 10987 10988 10989 10990 10991 10992 10993 10994 10995 10996 10997 10998 10999 11000 11001 11002 11003 11004 11005 11006 11007 11008 11009 11010 11011 11012 11013 11014 11015 11016 11017 11018 11019 11020 11021 11022 11023 11024 11025 11026 11027 11028 11029 11030 11031 11032 11033 11034 11035 11036 11037 11038 11039 11040 11041 11042 11043 11044 11045 11046 11047 11048 11049 11050 11051 11052 11053 11054 11055 11056 11057 11058 11059 11060 11061 11062 11063 11064 11065 11066 11067 11068 11069 11070 11071 11072 11073 11074 11075 11076 11077 11078 11079 11080 11081 11082 11083 11084 11085 11086 11087 11088 11089 11090 11091 11092 11093 11094 11095 11096 11097 11098 11099 11100 11101 11102 11103 11104 11105 11106 11107 11108 11109 11110 11111 11112 11113 11114 11115 11116 11117 11118 11119 11120 11121 11122 11123 11124 11125 11126 11127 11128 11129 11130 11131 11132 11133 11134 11135 11136 11137 11138 11139 11140 11141 11142 11143 11144 11145 11146 11147 11148 11149 11150 11151 11152 11153 11154 11155 11156 11157 11158 11159 11160 11161 11162 11163 11164 11165 11166 11167 11168 11169 11170 11171 11172 11173 11174 11175 11176 11177 11178 11179 11180 11181 11182 11183 11184 11185 11186 11187 11188 11189 11190 11191 11192 11193 11194 11195 11196 11197 11198 11199 11200 11201 11202 11203 11204 11205 11206 11207 11208 11209 11210 11211 11212 11213 11214 11215 11216 11217 11218 11219 11220 11221 11222 11223 11224 11225 11226 11227 11228 11229 11230 11231 11232 11233 11234 11235 11236 11237 11238 11239 11240 11241 11242 11243 11244 11245 11246 11247 11248 11249 11250 11251 11252 11253 11254 11255 11256 11257 11258 11259 11260 11261 11262 11263 11264 11265 11266 11267 11268 11269 11270 11271 11272 11273 11274 11275 11276 11277 11278 11279 11280 11281 11282 11283 11284 11285 11286 11287 11288 11289 11290 11291 11292 11293 11294 11295 11296 11297 11298 11299 11300 11301 11302 11303 11304 11305 11306 11307 11308 11309 11310 11311 11312 11313 11314 11315 11316 11317 11318 11319 11320 11321 11322 11323 11324 11325 11326 11327 11328 11329 11330 11331 11332 11333 11334 11335 11336 11337 11338 11339 11340 11341 11342 11343 11344 11345 11346 11347 11348 11349 11350 11351 11352 11353 11354 11355 11356 11357 11358 11359 11360 11361 11362 11363 11364 11365 11366 11367 11368 11369 11370 11371 11372 11373 11374 11375 11376 11377 11378 11379 11380 11381 11382 11383 11384 11385 11386 11387 11388 11389 11390 11391 11392 11393 11394 11395 11396 11397 11398 11399 11400 11401 11402 11403 11404 11405 11406 11407 11408 11409 11410 11411 11412 11413 11414 11415 11416 11417 11418 11419 11420 11421 11422 11423 11424 11425 11426 11427 11428 11429 11430 11431 11432 11433 11434 11435 11436 11437 11438 11439 11440 11441 11442 11443 11444 11445 11446 11447 11448 11449 11450 11451 11452 11453 11454 11455 11456 11457 11458 11459 11460 11461 11462 11463 11464 11465 11466 11467 11468 11469 11470 11471 11472 11473 11474 11475 11476 11477 11478 11479 11480 11481 11482 11483 11484 11485 11486 11487 11488 11489 11490 11491 11492 11493 11494 11495 11496 11497 11498 11499 11500 11501 11502 11503 11504 11505 11506 11507 11508 11509 11510 11511 11512 11513 11514 11515 11516 11517 11518 11519 11520 11521 11522 11523 11524 11525 11526 11527 11528 11529 11530 11531 11532 11533 11534 11535 11536 11537 11538 11539 11540 11541 11542 11543 11544 11545 11546 11547 11548 11549 11550 11551 11552 11553 11554 11555 11556 11557 11558 11559 11560 11561 11562 11563 11564 11565 11566 11567 11568 11569 11570 11571 11572 11573 11574 11575 11576 11577 11578 11579 11580 11581 11582 11583 11584 11585 11586 11587 11588 11589 11590 11591 11592 11593 11594 11595 11596 11597 11598 11599 11600 11601 11602 11603 11604 11605 11606 11607 11608 11609 11610 11611 11612 11613 11614 11615 11616 11617 11618 11619 11620 11621 11622 11623 11624 11625 11626 11627 11628 11629 11630 11631 11632 11633 11634 11635 11636 11637 11638 11639 11640 11641 11642 11643 11644 11645 11646 11647 11648 11649 11650 11651 11652 11653 11654 11655 11656 11657 11658 11659 11660 11661 11662 11663 11664 11665 11666 11667 11668 11669 11670 11671 11672 11673 11674 11675 11676 11677 11678 11679 11680 11681 11682 11683 11684 11685 11686 11687 11688 11689 11690 11691 11692 11693 11694 11695 11696 11697 11698 11699 11700 11701 11702 11703 11704 11705 11706 11707 11708 11709 11710 11711 11712 11713 11714 11715 11716 11717 11718 11719 11720 11721 11722 11723 11724 11725 11726 11727 11728 11729 11730 11731 11732 11733 11734 11735 11736 11737 11738 11739 11740 11741 11742 11743 11744 11745 11746 11747 11748 11749 11750 11751 11752 11753 11754 11755 11756 11757 11758 11759 11760 11761 11762 11763 11764 11765 11766 11767 11768 11769 11770 11771 11772 11773 11774 11775 11776 11777 11778 11779 11780 11781 11782 11783 11784 11785 11786 11787 11788 11789 11790 11791 11792 11793 11794 11795 11796 11797 11798 11799 11800 11801 11802 11803 11804 11805 11806 11807 11808 11809 11810 11811 11812 11813 11814 11815 11816 11817 11818 11819 11820 11821 11822 11823 11824 11825 11826 11827 11828 11829 11830 11831 11832 11833 11834 11835 11836 11837 11838 11839 11840 11841 11842 11843 11844 11845 11846 11847 11848 11849 11850 11851 11852 11853 11854 11855 11856 11857 11858 11859 11860 11861 11862 11863 11864 11865 11866 11867 11868 11869 11870 11871 11872 11873 11874 11875 11876 11877 11878 11879 11880 11881 11882 11883 11884 11885 11886 11887 11888 11889 11890 11891 11892 11893 11894 11895 11896 11897 11898 11899 11900 11901 11902 11903 11904 11905 11906 11907 11908 11909 11910 11911 11912 11913 11914 11915 11916 11917 11918 11919 11920 11921 11922 11923 11924 11925 11926 11927 11928 11929 11930 11931 11932 11933 11934 11935 11936 11937 11938 11939 11940 11941 11942 11943 11944 11945 11946 11947 11948 11949 11950 11951 11952 11953 11954 11955 11956 11957 11958 11959 11960 11961 11962 11963 11964 11965 11966 11967 11968 11969 11970 11971 11972 11973 11974 11975 11976 11977 11978 11979 11980 11981 11982 11983 11984 11985 11986 11987 11988 11989 11990 11991 11992 11993 11994 11995 11996 11997 11998 11999 12000 12001 12002 12003 12004 12005 12006 12007 12008 12009 12010 12011 12012 12013 12014 12015 12016 12018 12019 12023 12028 12029 12036 12044 12053 12072 12093 12105 12118 12132 12133 12134 12135 12136 12155 12194 12215 12216 12217 12218 12243 12269 12296 12351 12408 12438 12469 12532 12565 12566 12601 12637 12638 12676 12753 12832 </DataArray>
      </CellData>
      <PointData Vectors="U">
        <DataArray type="Int64" IdType="1" Name="vtkOriginalPointIds" format="ascii" RangeMin="4138" RangeMax="6637">4138 4139 4140 4141 4142 4143 4144 4145 4146 4147 4148 4149 4150 4151 4152 4153 4154 4155 4156 4157 4158 4159 4160 4161 4162 4163 4164 4165 4166 4167 4168 4169 4170 4171 4172 4173 4174 4175 4176 4177 4178 4179 4180 4181 4182 4183 4184 4185 4186 4187 4188 4189 4190 4191 4192 4193 4194 4195 4196 4197 4198 4199 4200 4201 4202 4203 4204 4205 4206 4207 4208 4209 4210 4211 4212 4213 4214 4215 4216 4217 4218 4219 4220 4221 4222 4223 4224 4225 4226 4227 4228 4229 4230 4231 4232 4233 4234 4235 4236 4237 4238 4239 4240 4241 4242 4243 4244 4245 4246 4247 4248 4249 4250 4251 4252 4253 4254 4255 4256 4257 4258 4259 4260 4261 4262 4263 4264 4265 4266 4267 4268 4269 4270 4271 4272 4273 4274 4275 4276 4277 4278 4279 4280 4281 4282 4283 4284 4285 4286 4287 4288 4289 4290 4291 4292 4293 4294 4295 4296 4297 4298 4299 4300 4301 4302 4303 4304 4305 4306 4307 4308 4309 4310 4311 4312 4313 4314 4315 4316 4317 4318 4319 4320 4321 4322 4323 4324 4325 4326 4327 4328 4329 4330 4331 4332 4333 4334 4335 4336 4337 4338 4339 4340 4341 4342 4343 4344 4345 4346 4347 4348 4349 4350 4351 4352 4353 4354 4355 4356 4357 4358 4359 4360 4361 4362 4363 4364 4365 4366 4367 4368 4369 4370 4371 4372 4373 4374 4375 4376 4377 4378 4379 4380 4381 4382 4383 4384 4385 4386 4387 4388 4389 4390 4391 4392 4393 4394 4395 4396 4397 4398 4399 4400 4401 4402 4403 4404 4405 4406 4407 4408 4409 4410 4411 4412 4413 4414 4415 4416 4417 4418 4419 4420 4421 4422 4423 4424 4425 4426 4427 4428 4429 4430 4431 4432 4433 4434 4435 4436 4437 4438 4439 4440 4441 4442 4443 4444 4445 4446 4447 4448 4449 4450 4451 4452 4453 4454 4455 4456 4457 4458 4459 4460 4461 4462 4463 4464 4465 4466 4467 4468 4469 4470 4471 4472 4473 4474 4475 4476 4477 4478 4479 4480 4481 4482 4483 4484 4485 4486 4487 4488 4489 4490 4491 4492 4493 4494 4495 4496 4497 4498 4499 4500 4501 4502 4503 4504 4505 4506 4507 4508 4509 4510 4511 4512 4513 4514 4515 4516 4517 4518 4519 4520 4521 4522 4523 4524 4525 4526 4527 4528 4529 4530 4531 4532 4533 4534 4535 4536 4537 4538 4539 4540 4541 4542 4543 4544 4545 4546 4547 4548 4549 4550 4551 4552 4553 4554 4555 4556 4557 4558 4559 4560 4561 4562 4563 4564 4565 4566 4567 4568 4569 4570 4571 4572 4573 4574 4575 4576 4577 4578 4579 4580 4581 4582 4583 4584 4585 4586 4587 4588 4589 4590 4591 4592 4593 4594 4595 4596 4597 4598 4599 4600 4601 4602 4603 4604 4605 4606 4607 4608 4609 4610 4611 4612 4613 4614 4615 4616 4617 4618 4619 4620 4621 4622 4623 4624 4625 4626 4627 4628 4629 4630 4631 4632 4633 4634 4635 4636 4637 4638 4639 4640 4641 4642 4643 4644 4645 4646 4647 4648 4649 4650 4651 4652 4653 4654 4655 4656 4657 4658 4659 4660 4661 4662 4663 4664 4665 4666 4667 4668 4669 4670 4671 4672 4673 4674 4675 4676 4677 4678 4679 4680 4681 4682 4683 4684 4685 4686 4687 4688 4689 4690 4691 4692 4693 4694 4695 4696 4697 4698 4699 4700 4701 4702 4703 4704 4705 4706 4707 4708 4709 4710 4711 4712 4713 4714 4715 4716 4717 4718 4719 4720 4721 4722 4723 4724 4725 4726 4727 4728 4729 4730 4731 4732 4733 4734 4735 4736 4737 4738 4739 4740 4741 4742 4743 4744 4745 4746 4747 4748 4749 4750 4751 4752 4753 4754 4755 4756 4757 4758 4759 4760 4761 4762 4763 4764 4765 4766 4767 4768 4769 4770 4771 4772 4773 4774 4775 4776 4777 4778 4779 4780 4781 4782 4783 4784 4785 4786 4787 4788 4789 4790 4791 4792 4793 4794 4795 4796 4797 4798 4799 4800 4801 4802 4803 4804 4805 4806 4807 4808 4809 4810 4811 4812 4813 4814 4815 4816 4817 4818 4819 4820 4821 4822 4823 4824 4825 4826 4827 4828 4829 4830 4831 4832 4833 4834 4835 4836 4837 4838 4839 4840 4841 4842 4843 4844 4845 4846 4847 4848 4849 4850 4851 4852 4853 4854 4855 4856 4857 4858 4859 4860 4861 4862 4863 4864 4865 4866 4867 4868 4869 4870 4871 4872 4873 4874 4875 4876 4877 4878 4879 4880 4881 4882 4883 4884 4885 4886 4887 4888 4889 4890 4891 4892 4893 4894 4895 4896 4897 4898 4899 4900 4901 4902 4903 4904 4905 4906 4907 4908 4909 4910 4911 4912 4913 4914 4915 4916 4917 4918 4919 4920 4921 4922 4923 4924 4925 4926 4927 4928 4929 4930 4931 4932 4933 4934 4935 4936 4937 4938 4939 4940 4941 4942 4943 4944 4945 4946 4947 4948 4949 4950 4951 4952 4953 4954 4955 4956 4957 4958 4959 4960 4961 4962 4963 4964 4965 4966 4967 4968 4969 4970 4971 4972 4973 4974 4975 4976 4977 4978 4979 4980 4981 4982 4983 4984 4985 4986 4987 4988 4989 4990 4991 4992 4993 4994 4995 4996 4997 4998 4999 5000 5001 5002 5003 5004 5005 5006 5007 5008 5009 5010 5011 5012 5013 5014 5015 5016 5017 5018 5019 5020 5021 5022 5023 5024 5025 5026 5027 5028 5029 5030 5031 5032 5033 5034 5035 5036 5037 5038 5039 5040 5041 5042 5043 5044 5045 5046 5047 5048 5049 5050 5051 5052 5053 5054 5055 5056 5057 5058 5059 5060 5061 5062 5063 5064 5065 5066 5067 5068 5069 5070 5071 5072 5073 5074 5075 5076 5077 5078 5079 5080 5081 5082 5083 5084 5085 5086 5087 5088 5089 5090 5091 5092 5093 5094 5095 5096 5097 5098 5099 5100 5101 5102 5103 5104 5105 5106 5107 5108 5109 5110 5111 5112 5113 5114 5115 5116 5117 5118 5119 5120 5121 5122 5123 5124 5125 5126 5127 5128 5129 5130 5131 5132 5133 5134 5135 5136 5137 5138 5139 5140 5141 5142 5143 5144 5145 5146 5147 5148 5149 5150 5151 5152 5153 5154 5155 5156 5157 5158 5159 5160 5161 5162 5163 5164 5165 5166 5167 5168 5169 5170 5171 5172 5173 5174 5175 5176 5177 5178 5179 5180 5181 5182 5183 5184 5185 5186 5187 5188 5189 5190 5191 5192 5193 5194 5195 5196 5197 5198 5199 5200 5201 5202 5203 5204 5205 5206 5207 5208 5209 5210 5211 5212 5213 5214 5215 5216 5217 5218 5219 5220 5221 5222 5223 5224 5225 5226 5227 5228 5229 5230 5231 5232 5233 5234 5235 5236 5237 5238 5239 5240 5241 5242 5243 5244 5245 5246 5247 5248 5249 5250 5251 5252 5253 5254 5255 5256 5257 5258 5259 5260 5261 5262 5263 5264 5265 5266 5267 5268 5269 5270 5271 5272 5273 5274 5275 5276 5277 5278 5279 5280 5281 5282 5283 5284 5285 5286 5287 5288 5289 5290 5291 5292 5293 5294 5295 5296 5297 5298 5299 5300 5301 5302 5303 5304 5305 5306 5307 5308 5309 5310 5311 5312 5313 5314 5315 5316 5317 5318 5319 5320 5321 5322 5323 5324 5325 5326 5327 5328 5329 5330 5331 5332 5333 5334 5335 5336 5337 5338 5339 5340 5341 5342 5343 5344 5345 5346 5347 5348 5349 5350 5351 5352 5353 5354 5355 5356 5357 5358 5359 5360 5361 5362 5363 5364 5365 5366 5367 5368 5369 5370 5371 5372 5373 5374 5375 5376 5377 5378 5379 5380 5381 5382 5383 5384 5385 5386 5387 5388 5389 5390 5391 5392 5393 5394 5395 5396 5397 5398 5399 5400 5401 5402 5403 5404 5405 5406 5407 5408 5409 5410 5411 5412 5413 5414 5415 5416 5417 5418 5419 5420 5421 5422 5423 5424 5425 5426 5427 5428 5429 5430 5431 5432 5433 5434 5435 5436 5437 5438 5439 5440 5441 5442 5443 5444 5445 5446 5447 5448 5449 5450 5451 5452 5453 5454 5455 5456 5457 5458 5459 5460 5461 5462 5463 5464 5465 5466 5467 5468 5469 5470 5471 5472 5473 5474 5475 5476 5477 5478 5479 5480 5481 5482 5483 5484 5485 5486 5487 5488 5489 5490 5491 5492 5493 5494 5495 5496 5497 5498 5499 5500 5501 5502 5503 5504 5505 5506 5507 5508 5509 5510 5511 5512 5513 5514 5515 5516 5517 5518 5519 5520 5521 5522 5523 5524 5525 5526 5527 5528 5529 5530 5531 5532 5533 5534 5535 5536 5537 5538 5539 5540 5541 5542 5543 5544 5545 5546 5547 5548 5549 5550 5551 5552 5553 5554 5555 5556 5557 5558 5559 5560 5561 5562 5563 5564 5565 5566 5567 5568 5569 5570 5571 5572 5573 5574 5575 5576 5577 5578 5579 5580 5581 5582 5583 5584 5585 5586 5587 5588 5589 5590 5591 5592 5593 5594 5595 5596 5597 5598 5599 5600 5601 5602 5603 5604 5605 5606 5607 5608 5609 5610 5611 5612 5613 5614 5615 5616 5617 5618 5619 5620 5621 5622 5623 5624 5625 5626 5627 5628 5629 5630 5631 5632 5633 5634 5635 5636 5637 5638 5639 5640 5641 5642 5643 5644 5645 5646 5647 5648 5649 5650 5651 5652 5653 5654 5655 5656 5657 5658 5659 5660 5661 5662 5663 5664 5665 5666 5667 5668 5669 5670 5671 5672 5673 5674 5675 5676 5677 5678 5679 5680 5681 5682 5683 5684 5685 5686 5687 5688 5689 5690 5691 5692 5693 5694 5695 5696 5697 5698 5699 5700 5701 5702 5703 5704 5705 5706 5707 5708 5709 5710 5711 5712 5713 5714 5715 5716 5717 5718 5719 5720 5721 5722 5723 5724 5725 5726 5727 5728 5729 5730 5731 5732 5733 5734 5735 5736 5737 5738 5739 5740 5741 5742 5743 5744 5745 5746 5747 5748 5749 5750 5751 5752 5753 5754 5755 5756 5757 5758 5759 5760 5761 5762 5763 5764 5765 5766 5767 5768 5769 5770 5771 5772 5773 5774 5775 5776 5777 5778 5779 5780 5781 5782 5783 5784 5785 5786 5787 5788 5789 5790 5791 5792 5793 5794 5795 5796 5797 5798 5799 5800 5801 5802 5803 5804 5805 5806 5807 5808 5809 5810 5811 5812 5813 5814 5815 5816 5817 5818 5819 5820 5821 5822 5823 5824 5825 5826 5827 5828 5829 5830 5831 5832 5833 5834 5835 5836 5837 5838 5839 5840 5841 5842 5843 5844 5845 5846 5847 5848 5849 5850 5851 5852 5853 5854 5855 5856 5857 5858 5859 5860 5861 5862 5863 5864 5865 5866 5867 5868 5869 5870 5871 5872 5873 5874 5875 5876 5877 5878 5879 5880 5881 5882 5883 5884 5885 5886 5887 5888 5889 5890 5891 5892 5893 5894 5895 5896 5897 5898 5899 5900 5901 5902 5903 5904 5905 5906 5907 5908 5909 5910 5911 5912 5913 5914 5915 5916 5917 5918 5919 5920 5921 5922 5923 5924 5925 5926 5927 5928 5929 5930 5931 5932 5933 5934 5935 5936 5937 5938 5939 5940 5941 5942 5943 5944 5945 5946 5947 5948 5949 5950 5951 5952 5953 5954 5955 5956 5957 5958 5959 5960 5961 5962 5963 5964 5965 5966 5967 5968 5969 5970 5971 5972 5973 5974 5975 5976 5977 5978 5979 5980 5981 5982 5983 5984 5985 5986 5987 5988 5989 5990 5991 5992 5993 5994 5995 5996 5997 5998 5999 6000 6001 6002 6003 6004 6005 6006 6007 6008 6009 6010 6011 6012 6013 6014 6015 6016 6017 6018 6019 6020 6021 6022 6023 6024 6025 6026 6027 6028 6029 6030 6031 6032 6033 6034 6035 6036 6037 6038 6039 6040 6041 6042 6043 6044 6045 6046 6047 6048 6049 6050 6051 6052 6053 6054 6055 6056 6057 6058 6059 6060 6061 6062 6063 6064 6065 6066 6067 6068 6069 6070 6071 6072 6073 6074 6075 6076 6077 6078 6079 6080 6081 6082 6083 6084 6085 6086 6087 6088 6089 6090 6091 6092 6093 6094 6095 6096 6097 6098 6099 6100 6101 6102 6103 6104 6105 6106 6107 6108 6109 6110 6111 6112 6113 6114 6115 6116 6117 6118 6119 6120 6121 6122 6123 6124 6125 6126 6127 6128 6129 6130 6131 6132 6133 6134 6135 6136 6137 6138 6139 6140 6141 6142 6143 6144 6145 6146 6147 6148 6149 6150 6151 6152 6153 6154 6155 6156 6157 6158 6159 6160 6161 6162 6163 6164 6165 6166 6167 6168 6169 6170 6171 6172 6173 6174 6175 6176 6177 6178 6179 6180 6181 6182 6183 6184 6185 6186 6187 6188 6189 6190 6191 6192 6193 6194 6195 6196 6197 6198 6199 6200 6201 6202 6203 6519 6517 6363 6392 6335 6330 6308 6283 6281 6228 6231 6253 6220 6210 6208 6204 6206 6205 6209 6211 6217 6218 6229 6240 6251 6265 6280 6282 6284 6285 6286 6306 6329 6331 6332 6333 6361 6390 6420 6451 6483 6518 6520 6557 6558 6597 6637 </DataArray>
        <DataArray type="UInt8" Name="vtkGhostType" format="ascii" RangeMin="0" RangeMax="1">0 0 0 0 0 0 0 0 0 0 0 0 0 0 0 0 0 0 0 0 0 0 0 0 0 0 0 0 0 0 0 0 0 0 0 0 0 0 0 0 0 0 0 0 0 0 0 0 0 0 0 0 0 0 0 0 0 0 0 0 0 0 0 0 0 0 0 0 0 0 0 0 0 0 0 0 0 0 0 0 0 0 0 0 0 0 0 0 0 0 0 0 0 0 0 0 0 0 0 0 0 0 0 0 0 0 0 0 0 0 0 0 0 0 0 0 0 0 0 0 0 0 0 0 0 0 0 0 0 0 0 0 0 0 0 0 0 0 0 0 0 0 0 0 0 0 0 0 0 0 0 0 0 0 0 0 0 0 0 0 0 0 0 0 0 0 0 0 0 0 0 0 0 0 0 0 0 0 0 0 0 0 0 0 0 0 0 0 0 0 0 0 0 0 0 0 0 0 0 0 0 0 0 0 0 0 0 0 0 0 0 0 0 0 0 0 0 0 0 0 0 0 0 0 0 0 0 0 0 0 0 0 0 0 0 0 0 0 0 0 0 0 0 0 0 0 0 0 0 0 0 0 0 0 0 0 0 0 0 0 0 0 0 0 0 0 0 0 0 0 0 0 0 0 0 0 0 0 0 0 0 0 0 0 0 0 0 0 0 0 0 0 0 0 0 0 0 0 0 0 0 0 0 0 0 0 0 0 0 0 0 0 0 0 0 0 0 0 0 0 0 0 0 0 0 0 0 0 0 0 0 0 0 0 0 0 0 0 0 0 0 0 0 0 0 0 0 0 0 0 0 0 0 0 0 0 0 0 0 0 0 0 0 0 0 0 0 0 0 0 0 0 0 0 0 0 0 0 0 0 0 0 0 0 0 0 0 0 0 0 0 0 0 0 0 0 0 0 0 0 0 0 0 0 0 0 0 0 0 0 0 0 0 0 0 0 0 0 0 0 0 0 0 0 0 0 0 0 0 0 0 0 0 0 0 0 0 0 0 0 0 0 0 0 0 0 0 0 0 0 0 0 0 0 0 0 0 0 0 0 0 0 0 0 0 0 0 0 0 0 0 0 0 0 0 0 0 0 0 0 0 0 0 0 0 0 0 0 0 0 0 0 0 0 0 0 0 0 0 0 0 0 0 0 0 0 0 0 0 0 0 0 0 0 0 0 0 0 0 0 0 0 0 0 0 0 0 0 0 0 0 0 0 0 0 0 0 0 0 0 0 0 0 0 0 0 0 0 0 0 0 0 0 0 0 0 0 0 0 0 0 0 0 0 0 0 0 0 0 0 0 0 0 0 0 0 0 0 0 0 0 0 0 0 0 0 0 0 0 0 0 0 0 0 0 0 0 0 0 0 0 0 0 0 0 0 0 0 0 0 0 0 0 0 0 0 0 0 0 0 0 0 0 0 0 0 0 0 0 0 0 0 0 0 0 0 0 0 0 0 0 0 0 0 0 0 0 0 0 0 0 0 0 0 0 0 0 0 0 0 0 0 0 0 0 0 0 0 0 0 0 0 0 0 0 0 0 0 0 0 0 0 0 0 0 0 0 0 0 0 0 0 0 0 0 0 0 0 0 0 0 0 0 0 0 0 0 0 0 0 0 0 0 0 0 0 0 0 0 0 0 0 0 0 0 0 0 0 0 0 0 0 0 0 0 0 0 0 0 0 0 0 0 0 0 0 0 0 0 0 0 0 0 0 0 0 0 0 0 0 0 0 0 0 0 0 0 0 0 0 0 0 0 0 0 0 0 0 0 0 0 0 0 0 0 0 0 0 0 0 0 0 0 0 0 0 0 0 0 0 0 0 0 0 0 0 0 0 0 0 0 0 0 0 0 0 0 0 0 0 0 0 0 0 0 0 0 0 0 0 0 0 0 0 0 0 0 0 0 0 0 0 0 0 0 0 0 0 0 0 0 0 0 0 0 0 0 0 0 0 0 0 0 0 0 0 0 0 0 0 0 0 0 0 0 0 0 0 0 0 0 0 0 0 0 0 0 0 0 0 0 0 0 0 0 0 0 0 0 0 0 0 0 0 0 0 0 0 0 0 0 0 0 0 0 0 0 0 0 0 0 0 0 0 0 0 0 0 0 0 0 0 0 0 0 0 0 0 0 0 0 0 0 0 0 0 0 0 0 0 0 0 0 0 0 0 0 0 0 0 0 0 0 0 0 0 0 0 0 0 0 0 0 0 0 0 0 0 0 0 0 0 0 0 0 0 0 0 0 0 0 0 0 0 0 0 0 0 0 0 0 0 0 0 0 0 0 0 0 0 0 0 0 0 0 0 0 0 0 0 0 0 0 0 0 0 0 0 0 0 0 0 0 0 0 0 0 0 0 0 0 0 0 0 0 0 0 0 0 0 0 0 0 0 0 0 0 0 0 0 0 0 0 0 0 0 0 0 0 0 0 0 0 0 0 0 0 0 0 0 0 0 0 0 0 0 0 0 0 0 0 0 0 0 0 0 0 0 0 0 0 0 0 0 0 0 0 0 0 0 0 0 0 0 0 0 0 0 0 0 0 0 0 0 0 0 0 0 0 0 0 0 0 0 0 0 0 0 0 0 0 0 0 0 0 0 0 0 0 0 0 0 0 0 0 0 0 0 0 0 0 0 0 0 0 0 0 0 0 0 0 0 0 0 0 0 0 0 0 0 0 0 0 0 0 0 0 0 0 0 0 0 0 0 0 0 0 0 0 0 0 0 0 0 0 0 0 0 0 0 0 0 0 0 0 0 0 0 0 0 0 0 0 0 0 0 0 0 0 0 0 0 0 0 0 0 0 0 0 0 0 0 0 0 0 0 0 0 0 0 0 0 0 0 0 0 0 0 0 0 0 0 0 0 0 0 0 0 0 0 0 0 0 0 0 0 0 0 0 0 0 0 0 0 0 0 0 0 0 0 0 0 0 0 0 0 0 0 0 0 0 0 0 0 0 0 0 0 0 0 0 0 0 0 0 0 0 0 0 0 0 0 0 0 0 0 0 0 0 0 0 0 0 0 0 0 0 0 0 0 0 0 0 0 0 0 0 0 0 0 0 0 0 0 0 0 0 0 0 0 0 0 0 0 0 0 0 0 0 0 0 0 0 0 0 0 0 0 0 0 0 0 0 0 0 0 0 0 0 0 0 0 0 0 0 0 0 0 0 0 0 0 0 0 0 0 0 0 0 0 0 0 0 0 0 0 0 0 0 0 0 0 0 0 0 0 0 0 0 0 0 0 0 0 0 0 0 0 0 0 0 0 0 0 0 0 0 0 0 0 0 0 0 0 0 0 0 0 0 0 0 0 0 0 0 0 0 0 0 0 0 0 0 0 0 0 0 0 0 0 0 0 0 0 0 0 0 0 0 0 0 0 0 0 0 0 0 0 0 0 0 0 0 0 0 0 0 0 0 0 0 0 0 0 0 0 0 0 0 0 0 0 0 0 0 0 0 0 0 0 0 0 0 0 0 0 0 0 0 0 0 0 0 0 0 0 0 0 0 0 0 0 0 0 0 0 0 0 0 0 0 0 0 0 0 0 0 0 0 0 0 0 0 0 0 0 0 0 0 0 0 0 0 0 0 0 0 0 0 0 0 0 0 0 0 0 0 0 0 0 0 0 0 0 0 0 0 0 0 0 0 0 0 0 0 0 0 0 0 0 0 0 0 0 0 0 0 0 0 0 0 0 0 0 0 0 0 0 0 0 0 0 0 0 0 0 0 0 0 0 0 0 0 0 0 0 0 0 0 0 0 0 0 0 0 0 0 0 0 0 0 0 0 0 0 0 0 0 0 0 0 0 0 0 0 0 0 0 0 0 0 0 0 0 0 0 0 0 0 0 0 0 0 0 0 0 0 0 0 0 0 0 0 0 0 0 0 0 0 0 0 0 0 0 0 0 0 0 0 0 0 0 0 0 0 0 0 0 0 0 0 0 0 0 0 0 0 0 0 0 0 0 0 0 0 0 0 0 0 0 0 0 0 0 0 0 0 0 0 0 0 0 0 0 0 0 0 0 0 0 0 0 0 0 0 0 0 0 0 0 0 0 0 0 0 0 0 0 0 0 0 0 0 0 0 0 0 0 0 0 0 0 0 0 0 0 0 0 0 0 0 0 0 0 0 0 0 0 0 0 0 0 0 0 0 0 0 0 0 0 0 0 0 0 0 0 0 0 0 0 0 0 0 0 0 0 0 0 0 0 0 0 0 0 0 0 0 0 0 0 0 0 0 0 0 0 0 0 0 0 0 0 0 0 0 0 0 0 0 0 0 0 0 0 0 0 0 0 0 0 0 0 0 0 0 0 0 0 0 0 0 0 0 0 0 0 0 0 0 0 0 0 0 0 0 0 0 0 0 0 0 0 0 0 0 0 0 0 0 0 0 0 0 0 0 0 0 0 0 0 0 0 0 0 0 0 0 0 0 0 0 0 0 0 0 0 0 0 0 0 0 0 0 0 0 0 0 0 0 0 0 0 0 0 0 0 0 0 0 0 0 0 0 0 0 0 0 0 0 0 0 0 0 0 0 0 0 0 0 0 0 0 0 0 0 0 0 0 0 0 0 0 0 0 0 0 0 0 0 0 0 0 0 0 0 0 0 0 0 0 0 0 0 0 0 0 0 0 0 0 0 0 0 0 0 0 0 0 0 0 0 0 0 0 0 0 1 1 1 1 1 1 1 1 1 1 1 1 1 1 1 1 1 1 1 1 1 1 1 1 1 1 1 1 1 1 1 1 1 1 1 1 1 1 1 1 1 1 1 1 1 1 1 </DataArray>
        <DataArray type="Float64" Name="U" format="ascii" NumberOfComponents="4">1 0 0 1 1 0 0 1 1 0 0 1 1 0 0 1 1 0 0 1 1 0 0 1 1 0 0 1 1 0 0 1 1 0 0 1 1 0 0 1 1 0 0 1 1 0 0 1 1 0 0 1 1 0 0 1 1 0 0 1 1 0 0 1 1 0 0 1 1 0 0 1 1 0 0 1 1 0 0 1 1 0 0 1 1 0 0 1 1 0 0 1 1 0 0 1 1 0 0 1 1 0 0 1 1 0 0 1 1 0 0 1 1 0 0 1 1 0 0 1 1 0 0 1 1 0 0 1 1 0 0 1 1 0 0 1 1 0 0 1 1 0 0 1 1 0 0 1 1 0 0 1 1 0 0 1 1 0 0 1 1 0 0 1 1 0 0 1 1 0 0 1 1 0 0 1 1 0 0 1 1 0 0 1 1 0 0 1 1 0 0 1 1 0 0 1 1 0 0 1 1 0 0 1 1 0 0 1 1 0 0 1 1 0 0 1 1 0 0 1 1 0 0 1 1 0 0 1 1 0 0 1 1 0 0 1 1 0 0 1 1 0 0 1 1 0 0 1 1 0 0 1 1 0 0 1 1 0 0 1 1 0 0 1 1 0 0 1 1 0 0 1 1 0 0 1 1 0 0 1 1 0 0 1 1 0 0 1 1 0 0 1 1 0 0 1 1 0 0 1 1 0 0 1 1 0 0 1 1 0 0 1 1 0 0 1 1 0 0 1 1 0 0 1 1 0 0 1 1 0 0 1 1 0 0 1 1 0 0 1 1 0 0 1 1 0 0 1 1 0 0 1 1 0 0 1 1 0 0 1 1 0 0 1 1 0 0 1 1 0 0 1 1 0 0 1 1 0 0 1 1 0 0 1 1 0 0 1 1 0 0 1 1 0 0 1 1 0 0 1 1 0 0 1 1 0 0 1 1 0 0 1 1 0 0 1 1 0 0 1 1 0 0 1 1 0 0 1 1 0 0 1 1 0 0 1 1 0 0 1 1 0 0 1 1 0 0 1 1 0 0 1 1 0 0 1 1 0 0 1 1 0 0 1 1 0 0 1 1 0 0 1 1 0 0 1 1 0 0 1 1 0 0 1 1 0 0 1 1 0 0 1 1 0 0 1 1 0 0 1 1 0 0 1 1 0 0 1 1 0 0 1 1 0 0 1 1 0 0 1 1 0 0 1 1 0 0 1 1 0 0 1 1 0 0 1 1 0 0 1 1 0 0 1 1 0 0 1 1 0 0 1 1 0 0 1 1 0 0 1 1 0 0 1 1 0 0 1 1 0 0 1 1 0 0 1 1 0 0 1 1 0 0 1 1 0 0 1 1 0 0 1 1 0 0 1 1 0 0 1 1 0 0 1 1 0 0 1 1 0 0 1 1 0 0 1 1 0 0 1 1 0 0 1 1 0 0 1 1 0 0 1 1 0 0 1 1 0 0 1 1 0 0 1 1 0 0 1 1 0 0 1 1 0 0 1 1 0 0 1 1 0 0 1 1 0 0 1 1 0 0 1 1 0 0 1 1 0 0 1 1 0 0 1 1 0 0 1 1 0 0 1 1 0 0 1 1 0 0 1 1 0 0 1 1 0 0 1 1 0 0 1 1 0 0 1 1 0 0 1 1 0 0 1 1 0 0 1 1 0 0 1 1 0 0 1 1 0 0 1 1 0 0 1 1 0 0 1 1 0 0 1 1 0 0 1 1 0 0 1 1 0 0 1 1 0 0 1 1 0 0 1 1 0 0 1 1 0 0 1 1 0 0 1 1 0 0 1 1 0 0 1 1 0 0 1 1 0 0 1 1 0 0 1 1 0 0 1 1 0 0 1 1 0 0 1 1 0 0 1 1 0 0 1 1 0 0 1 1 0 0 1 1 0 0 1 1 0 0 1 1 0 0 1 1 0 0 1 1 0 0 1 1 0 0 1 1 0 0 1 1 0 0 1 1 0 0 1 1 0 0 1 1 0 0 1 1 0 0 1 1 0 0 1 1 0 0 1 1 0 0 1 1 0 0 1 1 0 0 1 1 0 0 1 1 0 0 1 1 0 0 1 1 0 0 1 1 0 0 1 1 0 0 1 1 0 0 1 1 0 0 1 1 0 0 1 1 0 0 1 1 0 0 1 1 0 0 1 1 0 0 1 1 0 0 1 1 0 0 1 1 0 0 1 1 0 0 1 1 0 0 1 1 0 0 1 1 0 0 1 1 0 0 1 1 0 0 1 1 0 0 1 1 0 0 1 1 0 0 1 1 0 0 1 1 0 0 1 1 0 0 1 1 0 0 1 1 0 0 1 1 0 0 1 1 0 0 1 1 0 0 1 1 0 0 1 1 0 0 1 1 0 0 1 1 0 0 1 1 0 0 1 1 0 0 1 1 0 0 1 1 0 0 1 1 0 0 1 1 0 0 1 1 0 0 1 1 0 0 1 1 0 0 1 1 0 0 1 1 0 0 1 1 0 0 1 1 0 0 1 1 0 0 1 1 0 0 1 1 0 0 1 1 0 0 1 1 0 0 1 1 0 0 1 1 0 0 1 1 0 0 1 1 0 0 1 1 0 0 1 1 0 0 1 1 0 0 1 1 0 0 1 1 0 0 1 1 0 0 1 1 0 0 1 1 0 0 1 1 0 0 1 1 0 0 1 1 0 0 1 1 0 0 1 1 0 0 1 1 0 0 1 1 0 0 1 1 0 0 1 1 0 0 1 1 0 0 1 1 0 0 1 1 0 0 1 1 0 0 1 1 0 0 1 1 0 0 1 1 0 0 1 1 0 0 1 1 0 0 1 1 0 0 1 1 0 0 1 1 0 0 1 1 0 0 1 1 0 0 1 1 0 0 1 1 0 0 1 1 0 0 1 1 0 0 1 1 0 0 1 1 0 0 1 1 0 0 1 1 0 0 1 1 0 0 1 1 0 0 1 1 0 0 1 1 0 0 1 1 0 0 1 1 0 0 1 1 0 0 1 1 0 0 1 1 0 0 1 1 0 0 1 1 0 0 1 1 0 0 1 1 0 0 1 1 0 0 1 1 0 0 1 1 0 0 1 1 0 0 1 1 0 0 1 1 0 0 1 1 0 0 1 1 0 0 1 1 0 0 1 1 0 0 1 1 0 0 1 1 0 0 1 1 0 0 1 1 0 0 1 1 0 0 1 1 0 0 1 1 0 0 1 1 0 0 1 1 0 0 1 1 0 0 1 1 0 0 1 1 0 0 1 1 0 0 1 1 0 0 1 1 0 0 1 1 0 0 1 1 0 0 1 1 0 0 1 1 0 0 1 1 0 0 1 1 0 0 1 1 0 0 1 1 0 0 1 1 0 0 1 1 0 0 1 1 0 0 1 1 0 0 1 1 0 0 1 1 0 0 1 1 0 0 1 1 0 0 1 1 0 0 1 1 0 0 1 1 0 0 1 1 0 0 1 1 0 0 1 1 0 0 1 1 0 0 1 1 0 0 1 1 0 0 1 1 0 0 1 1 0 0 1 1 0 0 1 1 0 0 1 1 0 0 1 1 0 0 1 1 0 0 1 1 0 0 1 1 0 0 1 1 0 0 1 1 0 0 1 1 0 0 1 1 0 0 1 1 0 0 1 1 0 0 1 1 0 0 1 1 0 0 1 1 0 0 1 1 0 0 1 1 0 0 1 1 0 0 1 1 0 0 1 1 0 0 1 1 0 0 1 1 0 0 1 1 0 0 1 1 0 0 1 1 0 0 1 1 0 0 1 1 0 0 1 1 0 0 1 1 0 0 1 1 0 0 1 1 0 0 1 1 0 0 1 1 0 0 1 1 0 0 1 1 0 0 1 1 0 0 1 1 0 0 1 1 0 0 1 1 0 0 1 1 0 0 1 1 0 0 1 1 0 0 1 1 0 0 1 1 0 0 1 1 0 0 1 1 0 0 1 1 0 0 1 1 0 0 1 1 0 0 1 1 0 0 1 1 0 0 1 1 0 0 1 1 0 0 1 1 0 0 1 1 0 0 1 1 0 0 1 1 0 0 1 1 0 0 1 1 0 0 1 1 0 0 1 1 0 0 1 1 0 0 1 1 0 0 1 1 0 0 1 1 0 0 1 1 0 0 1 1 0 0 1 1 0 0 1 1 0 0 1 1 0 0 1 1 0 0 1 1 0 0 1 1 0 0 1 1 0 0 1 1 0 0 1 1 0 0 1 1 0 0 1 1 0 0 1 1 0 0 1 1 0 0 1 1 0 0 1 1 0 0 1 1 0 0 1 1 0 0 1 1 0 0 1 1 0 0 1 1 0 0 1 1 0 0 1 1 0 0 1 1 0 0 1 1 0 0 1 1 0 0 1 1 0 0 1 1 0 0 1 1 0 0 1 1 0 0 1 1 0 0 1 1 0 0 1 1 0 0 1 1 0 0 1 1 0 0 1 1 0 0 1 1 0 0 1 1 0 0 1 1 0 0 1 1 0 0 1 1 0 0 1 1 0 0 1 1 0 0 1 1 0 0 1 1 0 0 1 1 0 0 1 1 0 0 1 1 0 0 1 1 0 0 1 1 0 0 1 1 0 0 1 1 0 0 1 1 0 0 1 1 0 0 1 1 0 0 1 1 0 0 1 1 0 0 1 1 0 0 1 1 0 0 1 1 0 0 1 1 0 0 1 1 0 0 1 1 0 0 1 1 0 0 1 1 0 0 1 1 0 0 1 1 0 0 1 1 0 0 1 1 0 0 1 1 0 0 1 1 0 0 1 1 0 0 1 1 0 0 1 1 0 0 1 1 0 0 1 1 0 0 1 1 0 0 1 1 0 0 1 1 0 0 1 1 0 0 1 1 0 0 1 1 0 0 1 1 0 0 1 1 0 0 1 1 0 0 1 1 0 0 1 1 0 0 1 1 0 0 1 1 0 0 1 1 0 0 1 1 0 0 1 1 0 0 1 1 0 0 1 1 0 0 1 1 0 0 1 1 0 0 1 1 0 0 1 1 0 0 1 1 0 0 1 1 0 0 1 1 0 0 1 1 0 0 1 1 0 0 1 1 0 0 1 1 0 0 1 1 0 0 1 1 0 0 1 1 0 0 1 1 0 0 1 1 0 0 1 1 0 0 1 1 0 0 1 1 0 0 1 1 0 0 1 1 0 0 1 1 0 0 1 1 0 0 1 1 0 0 1 1 0 0 1 1 0 0 1 1 0 0 1 1 0 0 1 1 0 0 1 1 0 0 1 1 0 0 1 1 0 0 1 1 0 0 1 1 0 0 1 1 0 0 1 1 0 0 1 1 0 0 1 1 0 0 1 1 0 0 1 1 0 0 1 1 0 0 1 1 0 0 1 1 0 0 1 1 0 0 1 1 0 0 1 1 0 0 1 1 0 0 1 1 0 0 1 1 0 0 1 1 0 0 1 1 0 0 1 1 0 0 1 1 0 0 1 1 0 0 1 1 0 0 1 1 0 0 1 1 0 0 1 1 0 0 1 1 0 0 1 1 0 0 1 1 0 0 1 1 0 0 1 1 0 0 1 1 0 0 1 1 0 0 1 1 0 0 1 1 0 0 1 1 0 0 1 1 0 0 1 1 0 0 1 1 0 0 1 1 0 0 1 1 0 0 1 1 0 0 1 1 0 0 1 1 0 0 1 1 0 0 1 1 0 0 1 1 0 0 1 1 0 0 1 1 0 0 1 1 0 0 1 1 0 0 1 1 0 0 1 1 0 0 1 1 0 0 1 1 0 0 1 1 0 0 1 1 0 0 1 1 0 0 1 1 0 0 1 1 0 0 1 1 0 0 1 1 0 0 1 1 0 0 1 1 0 0 1 1 0 0 1 1 0 0 1 1 0 0 1 1 0 0 1 1 0 0 1 1 0 0 1 1 0 0 1 1 0 0 1 1 0 0 1 1 0 0 1 1 0 0 1 1 0 0 1 1 0 0 1 1 0 0 1 1 0 0 1 1 0 0 1 1 0 0 1 1 0 0 1 1 0 0 1 1 0 0 1 1 0 0 1 1 0 0 1 1 0 0 1 1 0 0 1 1 0 0 1 1 0 0 1 1 0 0 1 1 0 0 1 1 0 0 1 1 0 0 1 1 0 0 1 1 0 0 1 1 0 0 1 1 0 0 1 1 0 0 1 1 0 0 1 1 0 0 1 1 0 0 1 1 0 0 1 1 0 0 1 1 0 0 1 1 0 0 1 1 0 0 1 1 0 0 1 1 0 0 1 1 0 0 1 1 0 0 1 1 0 0 1 1 0 0 1 1 0 0 1 1 0 0 1 1 0 0 1 1 0 0 1 1 0 0 1 1 0 0 1 1 0 0 1 1 0 0 1 1 0 0 1 1 0 0 1 1 0 0 1 1 0 0 1 1 0 0 1 1 0 0 1 1 0 0 1 1 0 0 1 1 0 0 1 1 0 0 1 1 0 0 1 1 0 0 1 1 0 0 1 1 0 0 1 1 0 0 1 1 0 0 1 1 0 0 1 1 0 0 1 1 0 0 1 1 0 0 1 1 0 0 1 1 0 0 1 1 0 0 1 1 0 0 1 1 0 0 1 1 0 0 1 1 0 0 1 1 0 0 1 1 0 0 1 1 0 0 1 1 0 0 1 1 0 0 1 1 0 0 1 1 0 0 1 1 0 0 1 1 0 0 1 1 0 0 1 1 0 0 1 1 0 0 1 1 0 0 1 1 0 0 1 1 0 0 1 1 0 0 1 1 0 0 1 1 0 0 1 1 0 0 1 1 0 0 1 1 0 0 1 1 0 0 1 1 0 0 1 1 0 0 1 1 0 0 1 1 0 0 1 1 0 0 1 1 0 0 1 1 0 0 1 1 0 0 1 1 0 0 1 1 0 0 1 1 0 0 1 1 0 0 1 1 0 0 1 1 0 0 1 1 0 0 1 1 0 0 1 1 0 0 1 1 0 0 1 1 0 0 1 1 0 0 1 1 0 0 1 1 0 0 1 1 0 0 1 1 0 0 1 1 0 0 1 1 0 0 1 1 0 0 1 1 0 0 1 1 0 0 1 1 0 0 1 1 0 0 1 1 0 0 1 1 0 0 1 1 0 0 1 1 0 0 1 1 0 0 1 1 0 0 1 1 0 0 1 1 0 0 1 1 0 0 1 1 0 0 1 1 0 0 1 1 0 0 1 1 0 0 1 1 0 0 1 1 0 0 1 1 0 0 1 1 0 0 1 1 0 0 1 1 0 0 1 1 0 0 1 1 0 0 1 1 0 0 1 1 0 0 1 1 0 0 1 1 0 0 1 1 0 0 1 1 0 0 1 1 0 0 1 1 0 0 1 1 0 0 1 1 0 0 1 1 0 0 1 1 0 0 1 1 0 0 1 1 0 0 1 1 0 0 1 1 0 0 1 1 0 0 1 1 0 0 1 1 0 0 1 1 0 0 1 1 0 0 1 1 0 0 1 1 0 0 1 1 0 0 1 1 0 0 1 1 0 0 1 1 0 0 1 1 0 0 1 1 0 0 1 1 0 0 1 1 0 0 1 1 0 0 1 1 0 0 1 1 0 0 1 1 0 0 1 1 0 0 1 1 0 0 1 1 0 0 1 1 0 0 1 1 0 0 1 1 0 0 1 1 0 0 1 1 0 0 1 1 0 0 1 1 0 0 1 1 0 0 1 1 0 0 1 1 0 0 1 1 0 0 1 1 0 0 1 1 0 0 1 1 0 0 1 1 0 0 1 1 0 0 1 1 0 0 1 1 0 0 1 1 0 0 1 1 0 0 1 1 0 0 1 1 0 0 1 1 0 0 1 1 0 0 1 1 0 0 1 1 0 0 1 1 0 0 1 1 0 0 1 1 0 0 1 1 0 0 1 1 0 0 1 1 0 0 1 1 0 0 1 1 0 0 1 1 0 0 1 1 0 0 1 1 0 0 1 1 0 0 1 1 0 0 1 1 0 0 1 1 0 0 1 1 0 0 1 1 0 0 1 1 0 0 1 1 0 0 1 1 0 0 1 1 0 0 1 1 0 0 1 1 0 0 1 1 0 0 1 1 0 0 1 1 0 0 1 1 0 0 1 1 0 0 1 1 0 0 1 1 0 0 1 1 0 0 1 1 0 0 1 1 0 0 1 1 0 0 1 1 0 0 1 1 0 0 1 1 0 0 1 1 0 0 1 1 0 0 1 1 0 0 1 1 0 0 1 1 0 0 1 1 0 0 1 1 0 0 1 1 0 0 1 1 0 0 1 1 0 0 1 1 0 0 1 1 0 0 1 1 0 0 1 1 0 0 1 1 0 0 1 1 0 0 1 1 0 0 1 1 0 0 1 1 0 0 1 1 0 0 1 1 0 0 1 1 0 0 1 1 0 0 1 1 0 0 1 1 0 0 1 1 0 0 1 1 0 0 1 1 0 0 1 1 0 0 1 1 0 0 1 1 0 0 1 1 0 0 1 1 0 0 1 1 0 0 1 1 0 0 1 1 0 0 1 1 0 0 1 1 0 0 1 1 0 0 1 1 0 0 1 1 0 0 1 1 0 0 1 1 0 0 1 1 0 0 1 1 0 0 1 1 0 0 1 1 0 0 1 1 0 0 1 1 0 0 1 1 0 0 1 1 0 0 1 1 0 0 1 1 0 0 1 1 0 0 1 1 0 0 1 1 0 0 1 1 0 0 1 1 0 0 1 1 0 0 1 1 0 0 1 1 0 0 1 1 0 0 1 1 0 0 1 1 0 0 1 1 0 0 1 1 0 0 1 1 0 0 1 1 0 0 1 1 0 0 1 1 0 0 1 1 0 0 1 1 0 0 1 1 0 0 1 1 0 0 1 1 0 0 1 1 0 0 1 1 0 0 1 1 0 0 1 1 0 0 1 1 0 0 1 1 0 0 1 1 0 0 1 1 0 0 1 1 0 0 1 1 0 0 1 1 0 0 1 1 0 0 1 1 0 0 1 1 0 0 1 1 0 0 1 1 0 0 1 1 0 0 1 1 0 0 1 1 0 0 1 1 0 0 1 1 0 0 1 1 0 0 1 1 0 0 1 1 0 0 1 1 0 0 1 1 0 0 1 1 0 0 1 1 0 0 1 1 0 0 1 1 0 0 1 1 0 0 1 1 0 0 1 1 0 0 1 1 0 0 1 1 0 0 1 1 0 0 1 1 0 0 1 1 0 0 1 1 0 0 1 1 0 0 1 1 0 0 1 1 0 0 1 1 0 0 1 1 0 0 1 1 0 0 1 1 0 0 1 1 0 0 1 1 0 0 1 1 0 0 1 1 0 0 1 1 0 0 1 1 0 0 1 1 0 0 1 1 0 0 1 1 0 0 1 1 0 0 1 1 0 0 1 1 0 0 1 1 0 0 1 1 0 0 1 1 0 0 1 1 0 0 1 1 0 0 1 1 0 0 1 1 0 0 1 1 0 0 1 1 0 0 1 1 0 0 1 1 0 0 1 1 0 0 1 1 0 0 1 1 0 0 1 1 0 0 1 1 0 0 1 1 0 0 1 1 0 0 1 1 0 0 1 1 0 0 1 1 0 0 1 1 0 0 1 1 0 0 1 1 0 0 1 1 0 0 1 1 0 0 1 1 0 0 1 1 0 0 1 1 0 0 1 1 0 0 1 1 0 0 1 1 0 0 1 1 0 0 1 1 0 0 1 1 0 0 1 1 0 0 1 1 0 0 1 1 0 0 1 1 0 0 1 1 0 0 1 1 0 0 1 1 0 0 1 1 0 0 1 1 0 0 1 1 0 0 1 1 0 0 1 1 0 0 1 1 0 0 1 1 0 0 1 1 0 0 1 1 0 0 1 1 0 0 1 1 0 0 1 1 0 0 1 1 0 0 1 1 0 0 1 1 0 0 1 1 0 0 1 1 0 0 1 1 0 0 1 1 0 0 1 1 0 0 1 1 0 0 1 1 0 0 1 1 0 0 1 1 0 0 1 1 0 0 1 1 0 0 1 1 0 0 1 1 0 0 1 1 0 0 1 1 0 0 1 1 0 0 1 1 0 0 1 1 0 0 1 1 0 0 1 1 0 0 1 1 0 0 1 1 0 0 1 1 0 0 1 1 0 0 1 1 0 0 1 1 0 0 1 1 0 0 1 1 0 0 1 1 0 0 1 1 0 0 1 1 0 0 1 1 0 0 1 1 0 0 1 1 0 0 1 1 0 0 1 1 0 0 1 1 0 0 1 1 0 0 1 1 0 0 1 1 0 0 1 1 0 0 1 1 0 0 1 1 0 0 1 1 0 0 1 1 0 0 1 1 0 0 1 1 0 0 1 1 0 0 1 1 0 0 1 1 0 0 1 1 0 0 1 1 0 0 1 1 0 0 1 1 0 0 1 1 0 0 1 1 0 0 1 1 0 0 1 1 0 0 1 1 0 0 1 1 0 0 1 1 0 0 1 1 0 0 1 1 0 0 1 1 0 0 1 1 0 0 1 1 0 0 1 1 0 0 1 1 0 0 1 1 0 0 1 1 0 0 1 1 0 0 1 1 0 0 1 1 0 0 1 1 0 0 1 1 0 0 1 1 0 0 1 1 0 0 1 1 0 0 1 1 0 0 1 1 0 0 1 1 0 0 1 1 0 0 1 1 0 0 1 1 0 0 1 1 0 0 1 1 0 0 1 1 0 0 1 1 0 0 1 1 0 0 1 1 0 0 1 1 0 0 1 1 0 0 1 1 0 0 1 1 0 0 1 1 0 0 1 1 0 0 1 1 0 0 1 1 0 0 1 1 0 0 1 1 0 0 1 1 0 0 1 1 0 0 1 1 0 0 1 1 0 0 1 1 0 0 1 1 0 0 1 1 0 0 1 1 0 0 1 1 0 0 1 1 0 0 1 1 0 0 1 1 0 0 1 1 0 0 1 1 0 0 1 1 0 0 1 1 0 0 1 1 0 0 1 1 0 0 1 1 0 0 1 1 0 0 1 1 0 0 1 1 0 0 1 1 0 0 1 1 0 0 1 1 0 0 1 1 0 0 1 1 0 0 1 1 0 0 1 1 0 0 1 1 0 0 1 1 0 0 1 1 0 0 1 1 0 0 1 1 0 0 1 1 0 0 1 1 0 0 1 1 0 0 1 1 0 0 1 1 0 0 1 1 0 0 1 1 0 0 1 1 0 0 1 1 0 0 1 1 0 0 1 1 0 0 1 1 0 0 1 1 0 0 1 1 0 0 1 1 0 0 1 1 0 0 1 1 0 0 1 1 0 0 1 1 0 0 1 1 0 0 1 1 0 0 1 1 0 0 1 1 0 0 1 1 0 0 1 1 0 0 1 1 0 0 1 1 0 0 1 1 0 0 1 1 0 0 1 1 0 0 1 1 0 0 1 1 0 0 1 1 0 0 1 1 0 0 1 1 0 0 1 1 0 0 1 1 0 0 1 1 0 0 1 1 0 0 1 1 0 0 1 1 0 0 1 1 0 0 1 1 0 0 1 1 0 0 1 1 0 0 1 1 0 0 1 1 0 0 1 1 0 0 1 1 0 0 1 1 0 0 1 1 0 0 1 1 0 0 1 1 0 0 1 1 0 0 1 1 0 0 1 1 0 0 1 1 0 0 1 1 0 0 1 1 0 0 1 1 0 0 1 1 0 0 1 1 0 0 1 1 0 0 1 1 0 0 1 1 0 0 1 1 0 0 1 1 0 0 1 1 0 0 1 1 0 0 1 1 0 0 1 1 0 0 1 1 0 0 1 1 0 0 1 1 0 0 1 1 0 0 1 1 0 0 1 1 0 0 1 1 0 0 1 1 0 0 1 1 0 0 1 1 0 0 1 1 0 0 1 1 0 0 1 1 0 0 1 1 0 0 1 1 0 0 1 1 0 0 1 1 0 0 1 1 0 0 1 1 0 0 1 1 0 0 1 1 0 0 1 1 0 0 1 1 0 0 1 1 0 0 1 1 0 0 1 1 0 0 1 1 0 0 1 1 0 0 1 1 0 0 1 1 0 0 1 1 0 0 1 1 0 0 1 1 0 0 1 1 0 0 1 1 0 0 1 1 0 0 1 1 0 0 1 1 0 0 1 1 0 0 1 1 0 0 1 1 0 0 1 1 0 0 1 1 0 0 1 1 0 0 1 1 0 0 1 1 0 0 1 1 0 0 1 1 0 0 1 1 0 0 1 1 0 0 1 1 0 0 1 1 0 0 1 1 0 0 1 1 0 0 1 1 0 0 1 1 0 0 1 1 0 0 1 1 0 0 1 1 0 0 1 1 0 0 1 1 0 0 1 1 0 0 1 1 0 0 1 1 0 0 1 1 0 0 1 1 0 0 1 1 0 0 1 1 0 0 1 1 0 0 1 1 0 0 1 1 0 0 1 1 0 0 1 1 0 0 1 1 0 0 1 1 0 0 1 1 0 0 1 1 0 0 1 1 0 0 1 1 0 0 1 1 0 0 1 1 0 0 1 1 0 0 1 1 0 0 1 1 0 0 1 1 0 0 1 1 0 0 1 1 0 0 1 1 0 0 1 1 0 0 1 1 0 0 1 1 0 0 1 1 0 0 1 1 0 0 1 1 0 0 1 1 0 0 1 1 0 0 1 1 0 0 1 1 0 0 1 1 0 0 1 1 0 0 1 1 0 0 1 1 0 0 1 1 0 0 1 1 0 0 1 1 0 0 1 1 0 0 1 1 0 0 1 1 0 0 1 1 0 0 1 1 0 0 1 1 0 0 1 1 0 0 1 1 0 0 1 1 0 0 1 1 0 0 1 1 0 0 1 1 0 0 1 1 0 0 1 1 0 0 1 1 0 0 1 1 0 0 1 1 0 0 1 1 0 0 1 1 0 0 1 1 0 0 1 1 0 0 1 1 0 0 1 1 0 0 1 1 0 0 1 1 0 0 1 1 0 0 1 1 0 0 1 1 0 0 1 1 0 0 1 1 0 0 1 1 0 0 1 1 0 0 1 1 0 0 1 1 0 0 1 1 0 0 1 1 0 0 1 1 0 0 1 1 0 0 1 1 0 0 1 1 0 0 1 1 0 0 1 1 0 0 1 1 0 0 1 1 0 0 1 1 0 0 1 1 0 0 1 1 0 0 1 1 0 0 1 1 0 0 1 1 0 0 1 1 0 0 1 1 0 0 1 1 0 0 1 1 0 0 1 1 0 0 1 1 0 0 1 1 0 0 1 1 0 0 1 1 0 0 1 1 0 0 1 1 0 0 1 1 0 0 1 1 0 0 1 1 0 0 1 1 0 0 1 1 0 0 1 1 0 0 1 1 0 0 1 1 0 0 1 1 0 0 1 1 0 0 1 1 0 0 1 1 0 0 1 1 0 0 1 1 0 0 1 1 0 0 1 1 0 0 1 1 0 0 1 1 0 0 1 1 0 0 1 1 0 0 1 1 0 0 1 1 0 0 1 1 0 0 1 1 0 0 1 1 0 0 1 1 0 0 1 1 0 0 1 1 0 0 1 1 0 0 1 1 0 0 1 1 0 0 1 1 0 0 1 1 0 0 1 1 0 0 1 1 0 0 1 1 0 0 1 1 0 0 1 1 0 0 1 1 0 0 1 1 0 0 1 1 0 0 1 1 0 0 1 1 0 0 1 1 0 0 1 1 0 0 1 1 0 0 1 1 0 0 1 1 0 0 1 1 0 0 1 1 0 0 1 1 0 0 1 1 0 0 1 1 0 0 1 1 0 0 1 1 0 0 1 1 0 0 1 1 0 0 1 1 0 0 1 1 0 0 1 1 0 0 1 1 0 0 1 1 0 0 1 1 0 0 1 1 0 0 1 1 0 0 1 1 0 0 1 1 0 0 1 1 0 0 1 1 0 0 1 1 0 0 1 1 0 0 1 1 0 0 1 1 0 0 1 1 0 0 1 1 0 0 1 1 0 0 1 1 0 0 1 1 0 0 1 1 0 0 1 1 0 0 1 1 0 0 1 1 0 0 1 1 0 0 1 1 0 0 1 1 0 0 1 1 0 0 1 1 0 0 1 1 0 0 1 1 0 0 1 1 0 0 1 1 0 0 1 1 0 0 1 1 0 0 1 1 0 0 1 1 0 0 1 1 0 0 1 1 0 0 1 1 0 0 1 1 0 0 1 1 0 0 1 1 0 0 1 1 0 0 1 1 0 0 1 1 0 0 1 1 0 0 1 1 0 0 1 1 0 0 1 1 0 0 1 1 0 0 1 1 0 0 1 1 0 0 1 1 0 0 1 1 0 0 1 1 0 0 1 1 0 0 1 1 0 0 1 1 0 0 1 1 0 0 1 1 0 0 1 1 0 0 1 1 0 0 1 1 0 0 1 1 0 0 1 1 0 0 1 1 0 0 1 1 0 0 1 1 0 0 1 1 0 0 1 1 0 0 1 1 0 0 1 1 0 0 1 1 0 0 1 1 0 0 1 1 0 0 1 1 0 0 1 1 0 0 1 1 0 0 1 1 0 0 1 1 0 0 1 1 0 0 1 1 0 0 1 1 0 0 1 1 0 0 1 1 0 0 1 1 0 0 1 1 0 0 1 1 0 0 1 1 0 0 1 1 0 0 1 1 0 0 1 1 0 0 1 1 0 0 1 1 0 0 1 1 0 0 1 1 0 0 1 1 0 0 1 1 0 0 1 1 0 0 1 1 0 0 1 1 0 0 1 1 0 0 1 1 0 0 1 1 0 0 1 1 0 0 1 1 0 0 1 1 0 0 1 1 0 0 1 1 0 0 1 1 0 0 1 1 0 0 1 1 0 0 1 1 0 0 1 1 0 0 1 1 0 0 1 1 0 0 1 1 0 0 1 1 0 0 1 1 0 0 1 1 0 0 1 1 0 0 1 1 0 0 1 1 0 0 1 1 0 0 1 1 0 0 1 1 0 0 1 1 0 0 1 1 0 0 1 1 0 0 1 1 0 0 1 1 0 0 1 1 0 0 1 1 0 0 1 1 0 0 1 1 0 0 1 1 0 0 1 1 0 0 1 1 0 0 1 1 0 0 1 1 0 0 1 1 0 0 1 1 0 0 1 1 0 0 1 1 0 0 1 1 0 0 1 1 0 0 1 1 0 0 1 1 0 0 1 1 0 0 1 1 0 0 1 1 0 0 1 1 0 0 1 1 0 0 1 1 0 0 1 1 0 0 1 1 0 0 1 1 0 0 1 1 0 0 1 1 0 0 1 1 0 0 1 1 0 0 1 1 0 0 1 1 0 0 1 1 0 0 1 1 0 0 1 1 0 0 1 1 0 0 1 1 0 0 1 1 0 0 1 1 0 0 1 1 0 0 1 1 0 0 1 1 0 0 1 1 0 0 1 1 0 0 1 1 0 0 1 1 0 0 1 1 0 0 1 1 0 0 1 1 0 0 1 1 0 0 1 1 0 0 1 1 0 0 1 1 0 0 1 1 0 0 1 1 0 0 1 1 0 0 1 1 0 0 1 1 0 0 1 1 0 0 1 1 0 0 1 1 0 0 1 1 0 0 1 1 0 0 1 1 0 0 1 1 0 0 1 1 0 0 1 1 0 0 1 1 0 0 1 1 0 0 1 1 0 0 1 1 0 0 1 1 0 0 1 1 0 0 1 1 0 0 1 1 0 0 1 1 0 0 1 1 0 0 1 1 0 0 1 1 0 0 1 1 0 0 1 1 0 0 1 1 0 0 1 1 0 0 1 1 0 0 1 1 0 0 1 1 0 0 1 1 0 0 1 1 0 0 1 1 0 0 1 1 0 0 1 1 0 0 1 1 0 0 1 1 0 0 1 1 0 0 1 1 0 0 1 1 0 0 1 1 0 0 1 1 0 0 1 1 0 0 1 1 0 0 1 1 0 0 1 1 0 0 1 1 0 0 1 1 0 0 1 1 0 0 1 1 0 0 1 1 0 0 1 1 0 0 1 1 0 0 1 1 0 0 1 1 0 0 1 1 0 0 1 1 0 0 1 1 0 0 1 1 0 0 1 1 0 0 1 1 0 0 1 1 0 0 1 1 0 0 1 1 0 0 1 1 0 0 1 1 0 0 1 1 0 0 1 1 0 0 1 1 0 0 1 1 0 0 1 1 0 0 1 1 0 0 1 1 0 0 1 1 0 0 1 1 0 0 1 1 0 0 1 1 0 0 1 1 0 0 1 1 0 0 1 1 0 0 1 1 0 0 1 1 0 0 1 1 0 0 1 1 0 0 1 1 0 0 1 1 0 0 1 1 0 0 1 1 0 0 1 1 0 0 1 1 0 0 1 1 0 0 1 1 0 0 1 1 0 0 1 1 0 0 1 1 0 0 1 1 0 0 1 1 0 0 1 1 0 0 1 1 0 0 1 1 0 0 1 1 0 0 1 1 0 0 1 1 0 0 1 1 0 0 1 1 0 0 1 1 0 0 1 1 0 0 1 1 0 0 1 1 0 0 1 1 0 0 1 1 0 0 1 1 0 0 1 1 0 0 1 1 0 0 1 1 0 0 1 1 0 0 1 1 0 0 1 1 0 0 1 1 0 0 1 1 0 0 1 1 0 0 1 1 0 0 1 1 0 0 1 1 0 0 1 1 0 0 1 1 0 0 1 1 0 0 1 1 0 0 1 1 0 0 1 1 0 0 1 1 0 0 1 1 0 0 1 1 0 0 1 1 0 0 1 1 0 0 1 1 0 0 1 1 0 0 1 1 0 0 1 1 0 0 1 1 0 0 1 1 0 0 1 1 0 0 1 1 0 0 1 1 0 0 1 1 0 0 1 1 0 0 1 1 0 0 1 1 0 0 1 1 0 0 1 1 0 0 1 1 0 0 1 1 0 0 1 1 0 0 1 1 0 0 1 1 0 0 1 1 0 0 1 1 0 0 1 1 0 0 1 1 0 0 1 1 0 0 1 1 0 0 1 1 0 0 1 1 0 0 1 1 0 0 1 1 0 0 1 1 0 0 1 1 0 0 1 1 0 0 1 1 0 0 1 1 0 0 1 1 0 0 1 1 0 0 1 1 0 0 1 1 0 0 1 1 0 0 1 1 0 0 1 1 0 0 1 1 0 0 1 1 0 0 1 1 0 0 1 1 0 0 1 1 0 0 1 1 0 0 1 1 0 0 1 1 0 0 1 1 0 0 1 1 0 0 1 1 0 0 1 1 0 0 1 1 0 0 1 1 0 0 1 1 0 0 1 1 0 0 1 1 0 0 1 1 0 0 1 1 0 0 1 1 0 0 1 1 0 0 1 1 0 0 1 1 0 0 1 1 0 0 1 1 0 0 1 1 0 0 1 1 0 0 1 1 0 0 1 1 0 0 1 1 0 0 1 1 0 0 1 1 0 0 1 1 0 0 1 1 0 0 1 1 0 0 1 1 0 0 1 1 0 0 1 1 0 0 1 1 0 0 1 1 0 0 1 1 0 0 1 1 0 0 1 1 0 0 1 1 0 0 1 1 0 0 1 1 0 0 1 1 0 0 1 1 0 0 1 1 0 0 1 1 0 0 1 1 0 0 1 1 0 0 1 1 0 0 1 1 0 0 1 1 0 0 1 1 0 0 1 1 0 0 1 1 0 0 1 1 0 0 1 1 0 0 1 1 0 0 1 1 0 0 1 1 0 0 1 1 0 0 1 1 0 0 1 1 0 0 1 1 0 0 1 1 0 0 1 1 0 0 1 1 0 0 1 1 0 0 1 1 0 0 1 1 0 0 1 1 0 0 1 1 0 0 1 1 0 0 1 1 0 0 1 1 0 0 1 1 0 0 1 1 0 0 1 1 0 0 1 1 0 0 1 1 0 0 1 1 0 0 1 1 0 0 1 1 0 0 1 1 0 0 1 1 0 0 1 1 0 0 1 1 0 0 1 1 0 0 1 1 0 0 1 1 0 0 1 1 0 0 1 1 0 0 1 1 0 0 1 1 0 0 1 1 0 0 1 1 0 0 1 1 0 0 1 1 0 0 1 1 0 0 1 1 0 0 1 1 0 0 1 1 0 0 1 1 0 0 1 1 0 0 1 1 0 0 1 1 0 0 1 1 0 0 1 1 0 0 1 1 0 0 1 1 0 0 1 1 0 0 1 1 0 0 1 1 0 0 1 1 0 0 1 1 0 0 1 1 0 0 1 1 0 0 1 1 0 0 1 1 0 0 1 1 0 0 1 1 0 0 1 1 0 0 1 1 0 0 1 1 0 0 1 1 0 0 1 1 0 0 1 1 0 0 1 1 0 0 1 1 0 0 1 1 0 0 1 1 0 0 1 1 0 0 1 1 0 0 1 1 0 0 1 1 0 0 1 1 0 0 1 1 0 0 1 1 0 0 1 1 0 0 1 1 0 0 1 1 0 0 1 1 0 0 1 1 0 0 1 1 0 0 1 1 0 0 1 1 0 0 1 1 0 0 1 1 0 0 1 1 0 0 1 1 0 0 1 1 0 0 1 1 0 0 1 1 0 0 1 1 0 0 1 1 0 0 1 1 0 0 1 1 0 0 1 1 0 0 1 1 0 0 1 1 0 0 1 1 0 0 1 1 0 0 1 1 0 0 1 1 0 0 1 1 0 0 1 1 0 0 1 1 0 0 1 1 0 0 1 1 0 0 1 1 0 0 1 1 0 0 1 1 0 0 1 1 0 0 1 1 0 0 1 1 0 0 1 1 0 0 1 1 0 0 1 1 0 0 1 1 0 0 1 1 0 0 1 1 0 0 1 1 0 0 1 1 0 0 1 1 0 0 1 1 0 0 1 1 0 0 1 1 0 0 1 1 0 0 1 1 0 0 1 1 0 0 1 1 0 0 1 1 0 0 1 1 0 0 1 1 0 0 1 1 0 0 1 1 0 0 1 1 0 0 1 1 0 0 1 1 0 0 1 1 0 0 1 1 0 0 1 1 0 0 1 1 0 0 1 1 0 0 1 1 0 0 1 1 0 0 1 1 0 0 1 1 0 0 1 1 0 0 1 1 0 0 1 1 0 0 1 1 0 0 1 1 0 0 1 1 0 0 1 1 0 0 1 1 0 0 1 1 0 0 1 1 0 0 1 1 0 0 1 1 0 0 1 1 0 0 1 1 0 0 1 </DataArray>
      </PointData>
    </Piece>
  </UnstructuredGrid>
</VTKFile>
